content,score,date,bank
A great app. It's like carrying a bank in your pocket.,4,2025-06-07 20:21:52,CBE
More than garrantty bank EBC.,4,2025-06-07 18:21:26,CBE
really am happy to this app it is Siple to use everything,5,2025-06-07 11:02:38,CBE
I liked this app. But the User interface is very basic and not attractive at all.,2,2025-06-07 10:50:29,CBE
"""Why don’t your ATMs support account-to-account transfers like other countries( Kenya, Nigeria , South africa)""",4,2025-06-06 09:54:11,CBE
what is this app problem???,1,2025-06-05 22:16:56,CBE
the app is proactive and a good connections.,5,2025-06-05 15:55:10,CBE
I cannot send to cbebirr app. through this app.,3,2025-06-05 11:12:49,CBE
good,4,2025-06-05 10:21:59,CBE
not functional,1,2025-06-05 07:38:12,CBE
"everytime you uninstall the app you have to reach them out physically. very oldy! if that's one of security layer, they'd check for fraud attempt via app source directly(source:- app store, play store ... etc) implicitly ! we are in 2025, physical presence for every app install is traditional(traditionally very rare).",1,2025-06-04 21:33:36,CBE
አካውንት የምናስገባበት ቦታ ስም ጽፈን ነው ከዚህ በፊት የላክንባቸውን አካዉንቶች የምንፈልገዉ ነገር ግን አዲስ አካውንቶች mr ብለዉ የሚጀምሩ በዝተዋል ግን አፕልኬሽኑ space ስንጽፍ አይቀበልም ቢስተካከል,4,2025-06-04 20:54:30,CBE
best,5,2025-06-04 19:59:04,CBE
bezabih,5,2025-06-04 18:22:41,CBE
Best Mobile Banking app ever,5,2025-06-04 16:50:52,CBE
good,5,2025-06-04 16:00:15,CBE
it was good app but it have some issues like it doesnt give me the right amount that I have in the bank and have some issues in transferring,2,2025-06-04 15:56:02,CBE
good,5,2025-06-04 14:59:40,CBE
Good,5,2025-06-04 14:52:50,CBE
👌👍,5,2025-06-04 12:43:21,CBE
very niec,5,2025-06-04 11:21:53,CBE
best app of finance,5,2025-06-04 07:38:54,CBE
yetemeta,1,2025-06-03 21:04:44,CBE
Engida Kebede Fetera,5,2025-06-03 20:20:23,CBE
good,5,2025-06-03 11:32:52,CBE
it is not safety,1,2025-06-03 09:14:31,CBE
NICE bank,5,2025-06-03 08:42:36,CBE
it is like a childish app make it better the worst I have ever seen,1,2025-06-02 12:23:42,CBE
"It's a problem solver application, go ahead CBE, I love so much.",5,2025-06-02 10:40:18,CBE
It's good but try to make it facilitate for your client,4,2025-06-02 09:11:40,CBE
best app,5,2025-06-01 21:16:28,CBE
Awesome bank,5,2025-06-01 20:31:42,CBE
this app has developed in a very good ways but there are some comments I need to make 1- preventing the screenshot likely not good for someone like me coz I need to make screenshot for quicker evidence. 2-it would be good if you make us to access recent transaction histories for 30 days coz we don't have to go to the Bank's in person to see old transactions or add colander category so user can easily access old transactions through colanders.,5,2025-05-31 21:21:18,CBE
Masha alla,5,2025-05-31 14:37:05,CBE
"Recently there is big problem when sending to safaricom, telebir, and even to cbebirr wallet could anybody who is responsible fix it, it's very frustrating it's been 5 days and my money hasn't been returned it takes it out of my account but doesn't send it to my mpesa update- they have just corrected it and sent me back the money but still I'm afraid now to send again",2,2025-05-31 11:30:33,CBE
better service,5,2025-05-31 07:28:05,CBE
"it,s good app and time manager 👍",5,2025-05-30 19:13:36,CBE
malkaamuu Jiidhaa Namoo,5,2025-05-30 15:08:04,CBE
lower system everything,3,2025-05-30 13:45:05,CBE
Nice!,5,2025-05-30 11:55:13,CBE
Keep it up My CBE,5,2025-05-29 09:38:37,CBE
yes good,5,2025-05-28 15:56:18,CBE
"I was using this app for the last two years with no problems. It stopped working about 3 months ago. when I tried to transfer funds it gives me error ""can't do this transaction. inactive account.""",4,2025-05-27 23:47:06,CBE
i like everything of this app,5,2025-05-27 21:34:01,CBE
good,5,2025-05-27 17:48:15,CBE
🤬🤬🤬🤬 network 🛜,1,2025-05-26 17:59:50,CBE
Best,5,2025-05-26 15:22:54,CBE
CBE is the best financial application and and very dimple to use. I would like to say thank you so much for the developer of application. I really appreciate this app.,5,2025-05-26 13:43:02,CBE
nice,5,2025-05-26 13:26:26,CBE
good job,5,2025-05-26 12:31:42,CBE
Good,5,2025-05-25 19:44:05,CBE
it's awesome!!,5,2025-05-25 18:13:12,CBE
best,5,2025-05-25 17:34:23,CBE
thankyou every one,5,2025-05-25 14:10:07,CBE
best app,5,2025-05-25 13:35:41,CBE
Ronaldo 🇵🇹 🥇,5,2025-05-25 12:56:24,CBE
"this app is absolutely fantastic I love it and I enjoying to it ,let us support this foundation together .",5,2025-05-25 11:51:45,CBE
"The CBE app has been highly unreliable in recent weeks. It frequently fails to work properly on both Ethio Telecom and Safaricom networks, whether using Wi-Fi or mobile data. This week, the system was down entirely for extended periods, making it very difficult to access banking services. The app only functions intermittently, and the lack of consistency is frustrating. I hope the issues are addressed soon, and that any non-technical influences are removed from such essential services.",2,2025-05-25 10:54:25,CBE
mortuary app,5,2025-05-25 09:23:34,CBE
it is smart app but it has stoped after some period of time on my device with out any reason .,5,2025-05-25 07:30:44,CBE
amazing app I am used this app for one year,4,2025-05-24 23:26:43,CBE
👍,5,2025-05-24 18:36:13,CBE
good app,5,2025-05-24 17:06:49,CBE
i love it 😍😘,5,2025-05-24 16:05:47,CBE
It makes life easy!👌,5,2025-05-24 14:47:07,CBE
its not fast,1,2025-05-24 14:02:19,CBE
wow,4,2025-05-24 09:26:38,CBE
it is sooo good,5,2025-05-24 09:26:18,CBE
excellent,5,2025-05-24 04:51:52,CBE
ok,1,2025-05-24 01:33:28,CBE
Fantastic,5,2025-05-23 23:51:45,CBE
accessible to using,5,2025-05-23 23:26:13,CBE
I like it,4,2025-05-23 20:14:08,CBE
good,5,2025-05-23 20:01:01,CBE
why you change default network?,5,2025-05-23 18:14:51,CBE
very nice 👍,5,2025-05-23 17:27:51,CBE
good,5,2025-05-23 16:15:22,CBE
nice fast app,5,2025-05-23 15:27:32,CBE
good,5,2025-05-23 13:04:04,CBE
best,5,2025-05-23 05:49:33,CBE
how to I get my money,5,2025-05-23 01:43:04,CBE
"Very bad, can't even load they need to improve their services.",1,2025-05-22 22:46:06,CBE
"Very good app, but please make it reliable . it crashes sometimes .",4,2025-05-22 20:33:56,CBE
very busy I don't know why... I prefer 889,3,2025-05-22 19:55:41,CBE
"Sometimes it has a nasty lag for several hour fix that , the rest is 👌",4,2025-05-22 19:24:00,CBE
the most boring Mobil banking application in ethiopia.Please use alternative private banks mobile banking apps,1,2025-05-22 18:27:34,CBE
hojii bonsaadha,5,2025-05-22 17:52:02,CBE
ok,5,2025-05-22 17:50:33,CBE
ok,5,2025-05-22 17:30:13,CBE
user-friendly apps.because this app is easy.,5,2025-05-22 16:46:03,CBE
Awosome!!!,5,2025-05-22 16:14:31,CBE
"Very good app,",5,2025-05-22 16:09:44,CBE
sync problem may 22 2025 but the date stack on may 8 2025 help pls,5,2025-05-22 16:03:46,CBE
ይህ መተግበሪያ በጣም ጥሩ ነው. this app is very nice,5,2025-05-22 15:20:56,CBE
I hate this app 😒,1,2025-05-22 12:27:49,CBE
trustful,5,2025-05-22 11:00:13,CBE
I like,5,2025-05-22 02:52:56,CBE
update issue,4,2025-05-22 02:25:20,CBE
its not working over safari network,1,2025-05-22 02:08:26,CBE
oldie,1,2025-05-22 00:55:50,CBE
it doesn't work,1,2025-05-21 20:39:04,CBE
best,5,2025-05-21 20:18:27,CBE
"This app is good, and we are using it well",1,2025-05-21 19:43:36,CBE
ok,5,2025-05-21 19:41:31,CBE
best app,5,2025-05-21 19:19:48,CBE
best,5,2025-05-21 19:07:59,CBE
very nice 👌 app for android phone,5,2025-05-21 17:28:54,CBE
good app,5,2025-05-21 16:20:26,CBE
Yes Yes,5,2025-05-21 16:01:46,CBE
በጣም ከርፋፋ,1,2025-05-21 14:37:48,CBE
easy to use helpful in my life,5,2025-05-21 12:23:24,CBE
good 👍,4,2025-05-21 12:07:35,CBE
the best mobile banking app,5,2025-05-21 12:06:37,CBE
"this app is very useful app,it saves time,and it is secure",4,2025-05-21 11:43:38,CBE
ok,2,2025-05-21 11:14:52,CBE
it's a good application 👍,5,2025-05-21 10:58:52,CBE
the screenshot and the reffresh options are so annoying that makes transaction so delaying activity !,2,2025-05-21 07:02:44,CBE
poor service,1,2025-05-21 00:22:33,CBE
amazing,5,2025-05-20 19:28:06,CBE
it is reliable and easy to use.,5,2025-05-20 17:50:21,CBE
the most annoying mobile banking app I've ever seen,1,2025-05-20 17:21:51,CBE
Cbe mobile banking,5,2025-05-20 14:12:05,CBE
"i can't make Screenshout in this app, please made modification",5,2025-05-20 08:44:31,CBE
Best app I loved it,5,2025-05-19 02:30:18,CBE
nice app,5,2025-05-19 02:11:17,CBE
wow,5,2025-05-18 16:48:55,CBE
Amazing applicatiom sometimes doesnt work!,5,2025-05-18 16:37:20,CBE
well satisfied with this beautiful app,5,2025-05-18 11:11:52,CBE
very good,4,2025-05-17 21:10:29,CBE
best app.,5,2025-05-17 16:46:51,CBE
good,5,2025-05-17 16:43:25,CBE
"not working,why???",5,2025-05-17 16:13:06,CBE
Great impact but why Developer option turnoff if you fix 🙏 🙏 🙏,5,2025-05-17 13:50:46,CBE
excellent,5,2025-05-17 07:56:52,CBE
always disappointing ! especially the iOS one !! some similar local applications are extremely superior to this application!! Really disappointing!,1,2025-05-17 05:00:16,CBE
woxe harimo ribiso,5,2025-05-17 00:36:55,CBE
good,5,2025-05-16 13:04:05,CBE
"Good ,easy to use",5,2025-05-16 11:18:43,CBE
Good app,5,2025-05-15 18:20:20,CBE
Good job👍,5,2025-05-14 23:26:07,CBE
good,5,2025-05-14 16:45:59,CBE
nice,5,2025-05-14 16:20:48,CBE
"Please kindly ask to update the app and allow us to screenshot, it's convenient and efficient as long as you add security to the access there is no reason to block us from screenshooting our screen.",2,2025-05-14 15:14:19,CBE
I have using the CBE mobile banking app. and overall i appreciate its Feuteres However i.ve Notticed that when i turn on the Developer options on my divice the App.Stop Functioning prorerly It.Would Be Great If You could look into This issue as l often need to access Developer setting for Otter Application ThankYou For Your attention to This Matter,4,2025-05-13 19:10:52,CBE
customer service is bad nothing is good about this bank,1,2025-05-13 14:34:12,CBE
It is Amazing Mobile Banking App....But why the screenshot of the receipt doesnt work,5,2025-05-13 11:43:53,CBE
fast and simple easy to use 👌,5,2025-05-12 15:39:56,CBE
The fastest transferring app I ever had its so reliable,5,2025-05-11 14:03:25,CBE
"Funds transferred from the same bank do not reflect in the account, even though a confirmation text message was received.",3,2025-05-11 11:04:05,CBE
it's easy and fast,5,2025-05-10 13:39:25,CBE
This app don't have self activation only you have to look near cbe branch that's disgusting,1,2025-05-10 07:15:08,CBE
hello dearest CBE office personnel make some benefits for those using interest free accounts thanks for your help,5,2025-05-09 20:45:30,CBE
wow best application ever,5,2025-05-09 13:22:12,CBE
good,5,2025-05-09 09:10:20,CBE
"Am sorry but what does developer mode do to the application ? hack it ? are you sure you are developer or are you stupid, doesnt makes sense,",1,2025-05-08 19:55:11,CBE
Best,4,2025-05-08 19:35:35,CBE
the pride of Ethiopian bank 🏦,5,2025-05-08 19:08:07,CBE
why the app telling me to turn of developer options please fix it.,1,2025-05-07 19:54:08,CBE
good,5,2025-05-07 17:11:00,CBE
ok,5,2025-05-07 14:45:15,CBE
i am very happy . i have small prob. after i transfer i cant put the transfer cashe bil to my dic.,5,2025-05-07 10:04:12,CBE
ok,5,2025-05-07 09:38:53,CBE
good,3,2025-05-06 17:38:42,CBE
amazing apps,5,2025-05-06 16:33:35,CBE
All service of Mobile Banking,5,2025-05-06 15:35:31,CBE
needs improvement,1,2025-05-06 13:59:52,CBE
i miss the old one i couldn't send my mony to other bank..,1,2025-05-06 13:34:08,CBE
the app is recently crushing each time you open and try to make transfers...it used to be good. take lessons from the Dashen Super app or ethiotelecom. it is not befitting of your experience and glory. inv3st in making it more friendly and convenient. I am considering leaving CBE for good.,2,2025-05-06 13:33:07,CBE
good,5,2025-05-06 13:28:47,CBE
good but these week not oky,4,2025-05-06 12:56:15,CBE
well designed! Fixing bugs & two step verification with biometric... simply it's great!,5,2025-05-06 11:34:36,CBE
Good app,5,2025-05-06 11:11:13,CBE
If any developer is reading this please fix the screenshot functionality or at least the download button should work flawlessly without me touching it twenty times.,1,2025-05-05 21:48:43,CBE
"it's a great job.but one more thing, it hasn't been placed for transfer to other banks on face like mobile charge card place",5,2025-05-05 18:08:53,CBE
CBE mobilr bankg,5,2025-05-05 14:25:29,CBE
wow,1,2025-05-05 12:25:17,CBE
verygood,3,2025-05-05 03:06:27,CBE
ممتاز جدا,5,2025-05-04 20:08:37,CBE
it's very low quality application,1,2025-05-04 19:23:40,CBE
Very Amazing Apps,5,2025-05-04 18:03:08,CBE
አዛ,1,2025-05-04 17:41:19,CBE
wow simple life,5,2025-05-04 06:07:03,CBE
it's nice,5,2025-05-03 20:32:24,CBE
Why stacked sometimes,5,2025-05-03 14:48:40,CBE
good app,5,2025-05-03 14:18:05,CBE
nice,5,2025-05-03 12:54:17,CBE
okay 👍 but sometimes busy,1,2025-05-03 12:04:28,CBE
the worst commercial company that fails to do even the most normal things again and and again.,1,2025-05-03 11:10:57,CBE
nice,5,2025-05-03 10:38:48,CBE
Very good app. but disappointed by general cessation of system.,5,2025-05-02 21:48:08,CBE
excellent,5,2025-05-02 21:34:09,CBE
good,5,2025-05-02 20:46:24,CBE
good,5,2025-05-02 18:41:21,CBE
Good and fast,5,2025-05-02 18:26:06,CBE
Unreliable!,1,2025-05-02 18:00:51,CBE
Best the best fast,5,2025-05-02 17:41:29,CBE
good app,5,2025-05-02 17:38:21,CBE
happy,5,2025-05-02 17:21:51,CBE
fast and reliable,5,2025-05-02 17:09:37,CBE
network errorrrrrr,2,2025-05-02 16:52:00,CBE
Best app but there is some problem I can't send money to telebirr or mpesa so if you can add that it could be use full,4,2025-05-02 16:42:07,CBE
its good and simple to use,5,2025-05-02 15:47:48,CBE
worest app like that bank for security and network access,1,2025-05-02 15:44:39,CBE
it's the best app i,5,2025-05-02 15:03:06,CBE
not bad not good,1,2025-05-02 14:57:44,CBE
its very nice,5,2025-05-02 14:56:32,CBE
do not work this week,3,2025-04-30 10:24:09,CBE
It crashes frequently,4,2025-04-30 07:14:38,CBE
the best,5,2025-04-28 20:52:10,CBE
"I can simply describe this app as ""Making all your work easier"".",5,2025-04-28 20:03:30,CBE
goid,5,2025-04-28 19:58:49,CBE
best appearance,5,2025-04-27 21:57:03,CBE
it's very good 👍 app,5,2025-04-27 16:40:09,CBE
I need support you,5,2025-04-27 00:36:30,CBE
the worst Mobile banking i have ever seen in my life,1,2025-04-26 23:06:19,CBE
super,5,2025-04-26 16:12:32,CBE
ጠጀጨገጀ።ጀገ,5,2025-04-26 13:34:03,CBE
i like the app,5,2025-04-26 12:43:28,CBE
the Best,1,2025-04-26 11:51:19,CBE
nice,5,2025-04-26 09:52:40,CBE
good,5,2025-04-26 02:03:26,CBE
good,5,2025-04-25 14:23:17,CBE
to other bank is bad,1,2025-04-25 11:12:26,CBE
tank's,5,2025-04-25 09:22:36,CBE
its good but add more features such like. bank statement showing,5,2025-04-24 16:34:59,CBE
it is so nice,5,2025-04-24 15:18:02,CBE
good,5,2025-04-21 18:27:21,CBE
Very Good👍,5,2025-04-21 18:13:05,CBE
"my first frequent experience of cbe app is critical-time failure such as suspending payment on air for 2-5 days with zero explanation, deducting from sender account without depositing to the receiver act. Another fatal error by the banking company as a whole (not the app itself though) is forced-banking with corporations without consent of employers-users of the corresponding corporations",2,2025-04-21 14:44:01,CBE
"wow, amazing app",5,2025-04-21 13:35:11,CBE
use ful,5,2025-04-21 11:11:23,CBE
Great app,5,2025-04-21 11:05:41,CBE
well app,5,2025-04-20 16:14:07,CBE
Actually it is inactive,4,2025-04-19 22:01:42,CBE
good,4,2025-04-19 21:10:32,CBE
ok,2,2025-04-19 19:39:28,CBE
best app,5,2025-04-19 17:51:50,CBE
amazing,1,2025-04-19 16:56:43,CBE
good,5,2025-04-19 16:14:01,CBE
I like,5,2025-04-19 15:52:13,CBE
"slow, only one account is used",2,2025-04-19 10:37:43,CBE
ok,5,2025-04-19 02:03:14,CBE
always CBE is the leading Commercial Bank💪💪💪,5,2025-04-18 21:11:57,CBE
i like it,5,2025-04-18 21:02:33,CBE
why removing screenshot feature why?,1,2025-04-18 18:47:21,CBE
nice apps where network is good in connection,5,2025-04-18 17:30:08,CBE
Thank you!!!,5,2025-04-18 14:40:52,CBE
i can't take screenshot,1,2025-04-18 11:59:02,CBE
"every update was made the system better and better until the March 19th, 2025 update, not allowing us to screenshot. you guys didn't understand how much it's a really quick and significant thing. You add extra steps to us, which makes the process draw back",3,2025-04-18 11:22:05,CBE
perfectly special,5,2025-04-18 09:54:09,CBE
Fast and Reliable,5,2025-04-18 08:32:31,CBE
good,5,2025-04-17 21:23:35,CBE
The best application I have ever seen in Ethiopia banking industry.,5,2025-04-17 18:58:17,CBE
great app!!!,5,2025-04-17 10:12:46,CBE
because sometimes it doesn't working it load too much,3,2025-04-17 09:01:39,CBE
"Absolutely the best app! It works flawlessly, anytime and anywhere.",5,2025-04-17 04:08:27,CBE
ok,3,2025-04-16 19:36:58,CBE
very nice app ever!!!,5,2025-04-16 18:40:04,CBE
the best app,5,2025-04-16 18:25:00,CBE
Biometric security for mobile banking is not available,5,2025-04-16 08:57:55,CBE
great,5,2025-04-15 20:17:23,CBE
Nice service,5,2025-04-15 19:05:24,CBE
great app,5,2025-04-15 18:53:26,CBE
it's special apps,5,2025-04-15 11:31:03,CBE
"In the updated version of the app, it takes more time to download the receipt.",3,2025-04-15 08:09:02,CBE
ለምንድነው ትራንዛክሽን ትንሽ ብቻ የሚያሳየው ?,3,2025-04-14 23:37:05,CBE
Good 🔥,5,2025-04-14 18:29:53,CBE
very interesting app i am using every day fantastic,5,2025-04-14 14:12:07,CBE
lebaa bank,5,2025-04-14 13:48:30,CBE
Can't scan/recognize other banks' Interoperable QR Codes,1,2025-04-13 23:48:47,CBE
OK,5,2025-04-13 19:28:45,CBE
grateful app,5,2025-04-13 15:33:17,CBE
100% ❤️❤️❤️🙏🙏🙏🙏🙏🙏🙏🙏🙏🙏🙏🙏🙏🙏🙏🙏,5,2025-04-13 14:00:29,CBE
everthing wellbeok,3,2025-04-13 10:20:40,CBE
"""This mobile banking app is fast and user-friendly, but the only issue I encountered is that I can't access my bank statement within the app. I kindly request that this feature be added, similar to what is offered by other private bank mobile banking apps.",4,2025-04-13 00:37:04,CBE
nice app 👌,5,2025-04-12 22:44:46,CBE
why did this app is not screenshot,5,2025-04-12 21:57:56,CBE
it so good app,5,2025-04-12 21:42:12,CBE
the best app,3,2025-04-12 09:53:03,CBE
جميل,5,2025-04-11 17:47:43,CBE
"less network, specially to make fee for utility purpose",1,2025-04-11 15:04:22,CBE
nice,5,2025-04-11 13:53:40,CBE
simply for used,4,2025-04-11 01:44:02,CBE
wow keep up,5,2025-04-10 19:52:15,CBE
its great app but when updating we can't take screen shot please try to fix it,3,2025-04-10 19:18:15,CBE
good one,5,2025-04-10 17:48:30,CBE
best app.,5,2025-04-10 17:25:11,CBE
everything is easy thank you cebe,5,2025-04-10 14:03:46,CBE
ፈጣን ቀልጣፋ,5,2025-04-10 10:23:27,CBE
good,5,2025-04-10 08:35:36,CBE
ok,5,2025-04-10 00:09:52,CBE
ጎበዝ,5,2025-04-09 22:39:46,CBE
good app,5,2025-04-09 17:44:25,CBE
but this app says can't sync,5,2025-04-09 17:09:47,CBE
waw,5,2025-04-09 15:59:48,CBE
to slow,3,2025-04-09 14:32:30,CBE
work on screen shot system,4,2025-04-08 20:15:30,CBE
very very nice aplication,1,2025-04-08 18:14:50,CBE
Good,5,2025-04-08 17:28:38,CBE
wonder full and it is easy to use,5,2025-04-08 15:41:25,CBE
easy and reliable,2,2025-04-08 13:16:22,CBE
good,5,2025-04-08 08:59:33,CBE
it is Very Useful app 👍,5,2025-04-07 21:32:32,CBE
very good,5,2025-04-07 18:44:24,CBE
perfect app,5,2025-04-07 17:43:42,CBE
I like it.,5,2025-04-07 15:58:32,CBE
bugs,3,2025-04-07 08:41:28,CBE
commerial Bank,5,2025-04-06 23:24:32,CBE
Genat biru,2,2025-04-06 22:00:01,CBE
🙏,5,2025-04-06 21:36:20,CBE
it is good but it doesn't allow screen shot,4,2025-04-06 20:41:11,CBE
the best one,5,2025-04-06 18:47:53,CBE
You need to copy many things from other bank apps like Amole(Dashen),2,2025-04-06 10:41:10,CBE
bring back the screenshot feature.,1,2025-04-05 20:17:01,CBE
Good!👍,3,2025-04-05 16:51:40,CBE
best app to experience him that to smooth transaction among the customers,1,2025-04-05 14:33:24,CBE
good,5,2025-04-05 09:34:22,CBE
nice app suitable to use it. the only weak side is it need data connections and hoping will be fixed to offline i gave 4 rate,4,2025-04-05 05:18:52,CBE
easy to use,5,2025-04-05 04:27:33,CBE
"Good job to the CBE team on this mobile app! It's designed in a way that's simple and intuitive to navigate, which is great for everyone. It effectively handles the essential banking tasks I need to perform regularly. It's a practical and reliable tool that makes everyday banking much more convenient. Thank you for this useful application.",5,2025-04-04 22:18:47,CBE
ለኔ በጣም ምርጥ ነው ግን screenshot ማረግ ቢቻል ምርጥ ነበር,5,2025-04-04 17:18:55,CBE
before it was smooth and good. this time after the new update in 2025 i can not make screenshot of my recite. even the downlod button is very delayed in putting my recite in my gallery for simple proof. please fix this i am unable to show proof of payment to my clients. thankyou.,3,2025-04-04 13:50:52,CBE
cool ❤,4,2025-04-04 13:32:01,CBE
Best app,5,2025-04-04 05:31:48,CBE
great app,5,2025-04-03 20:30:39,CBE
best banking App,4,2025-04-03 20:27:17,CBE
satisfied,5,2025-04-03 18:09:34,CBE
this app is very necessary app many people found it,5,2025-04-03 17:03:33,CBE
cbe very active Bank I'm using CBE app very very satisfaction,5,2025-04-03 16:04:21,CBE
It made life alot easier. I cant even imagine having to make all those transactions in person. So this app was crucial for me. Very good app. well done.,5,2025-04-03 12:42:41,CBE
excellent,5,2025-04-03 08:53:46,CBE
perfect,5,2025-04-03 02:17:01,CBE
thankyou,5,2025-04-02 21:36:00,CBE
I Like it,5,2025-04-02 21:09:13,CBE
ok,5,2025-04-02 20:08:03,CBE
"I don't understand the reason, why I need to disable developer options to access the app, it has no security risks nor does it hinder the app's functionalities. This goes out to the dev, I hope your life is filled with inconveniences.",1,2025-04-02 16:13:34,CBE
smart app,5,2025-04-02 14:29:55,CBE
isin ga'a,2,2025-04-02 12:00:12,CBE
easy to use,5,2025-04-02 07:37:27,CBE
it's great,5,2025-04-02 04:19:30,CBE
very good app and stars faction with work,5,2025-04-02 01:37:43,CBE
It is excelent,5,2025-04-01 23:45:32,CBE
Smart,5,2025-04-01 23:41:16,CBE
በየወሩ አፕደት እየጠየቀኝ ነው ለነገሩ ብር ስሌለኝ ይሆናል እና ምን ለማለት ፈልገ መሰላቹ ወላህ ቼግሮኛል 🥺🥺🥺,3,2025-04-01 19:16:48,CBE
very interesting app,5,2025-04-01 19:10:43,CBE
i like it,5,2025-04-01 19:00:17,CBE
wow.......cbe.....keep it up.....!!!!!!,5,2025-04-01 17:05:08,CBE
ጊዜን ቆጣቢ እና ህይወትን ቀለል ከሚያደርጉ ኢትዬጲያ ካሉ ፋይናንስ አፕልኬሽኖች ሁሉ ይሄ ይለያል,5,2025-04-01 16:58:25,CBE
Excellent🙏app,5,2025-04-01 15:09:01,CBE
the most useful,5,2025-04-01 14:48:59,CBE
I am more satisfied in this app . More sure you have to secure.,4,2025-04-01 14:37:20,CBE
Easy to use,5,2025-04-01 14:04:45,CBE
"very good, but sometimes NUR CBE comes without my consent. even if I choose locked, it appears",4,2025-04-01 13:52:59,CBE
Excellent !!!,5,2025-04-01 13:49:06,CBE
always we relay on,5,2025-04-01 12:33:40,CBE
I'm lucky to have this🙏 thank you CBE.,5,2025-04-01 12:23:51,CBE
it's need more improvement like Tellbirr.,4,2025-04-01 11:53:22,CBE
goode app,5,2025-04-01 11:38:56,CBE
a very nice app.👍👍👍,5,2025-04-01 09:58:58,CBE
safe easy & fast,5,2025-04-01 09:56:59,CBE
perfect,5,2025-04-01 09:51:55,CBE
it's good app,5,2025-04-01 09:41:54,CBE
nice,5,2025-04-01 09:34:36,CBE
good app,5,2025-04-01 09:08:41,CBE
It is veary useful app but screen shout was impossible .solve this problem,5,2025-04-01 08:59:21,CBE
ጥሩ ነው,5,2025-04-01 08:59:11,CBE
እጅግ በጣም ጥሩ አፕ,5,2025-04-01 08:47:19,CBE
good,5,2025-04-01 08:24:25,CBE
በጣም ሃሪፍ ነው ግን ብር በሚተላለፍበት ወቅት ተቀንሷል ይላል እላፊ መልክቱ ይደርሳል ግን አይቀንስም,5,2025-04-01 07:44:30,CBE
suitable app,4,2025-04-01 07:44:01,CBE
Dear cbe this app is not comparable with 21century and pls try to solve it.💀💀💀,1,2025-04-01 06:32:36,CBE
Good,5,2025-04-01 06:20:58,CBE
nice app,5,2025-04-01 06:18:50,CBE
best transaction method of financial,5,2025-04-01 06:00:41,CBE
#CBE is Now going to on the right Pathway/track/!! Thank you CBE one step ahead on payment platform app!!,5,2025-04-01 05:24:12,CBE
It literarily don't work at all,4,2025-04-01 04:58:15,CBE
good give us plus,5,2025-04-01 03:04:22,CBE
"Very good application. However, I have one functionality recommendation. What if you let the app transfer money to any telebirr account as for MPESA? By the way, I am not the only one to ask this. Thank you!",4,2025-04-01 01:27:55,CBE
before update it was able to screenshot while after update I can't able to screenshot the transfere details,4,2025-04-01 00:39:45,CBE
Tnc Cbe,5,2025-04-01 00:08:46,CBE
it is good app. But you have integrate cbe with cbe birr. to allow cardless withdrawal directly from our accout!,4,2025-03-31 23:41:26,CBE
great apps,5,2025-03-31 23:08:38,CBE
Excellent,5,2025-03-31 22:31:02,CBE
Great app!,4,2025-03-31 22:28:45,CBE
nice,5,2025-03-31 21:45:13,CBE
CBE,5,2025-03-31 21:24:42,CBE
very good 👍 👏,5,2025-03-31 21:09:27,CBE
great when it works,5,2025-03-31 21:04:26,CBE
"the app is very good, but why screenshots is impossible?",5,2025-03-31 20:54:32,CBE
excellent match application,5,2025-03-31 20:18:19,CBE
very good,5,2025-03-31 19:45:55,CBE
best app,5,2025-03-31 19:30:43,CBE
The Best app😍😍😍,5,2025-03-31 18:51:04,CBE
excellent app,5,2025-03-31 18:48:00,CBE
easy to use and user friendly,5,2025-03-31 18:44:26,CBE
good,5,2025-03-31 18:41:02,CBE
very nice,5,2025-03-31 18:34:55,CBE
አሪፍ ነው በተለይ የአሻራ ደህነቱ መረጋገጡ ተመችቶኛል,3,2025-03-31 18:10:15,CBE
well software,5,2025-03-31 18:08:49,CBE
ጥሩ ነው አንዳንዴ ስታክ ቢያደርግም,4,2025-03-31 17:53:20,CBE
it's not working,3,2025-06-05 11:57:36,Bank of Abyssinia
"Hello, I’m facing a problem with the BOA Mobile app. Every time I enter my phone number and password, the app crashes and shows an error that says “BoaMobile closed because this app has a bug.” I tried updating, reinstalling, and clearing cache, but nothing worked. Please fix this bug in the next update. I really need access to my account. Thank you.",1,2025-06-03 16:21:34,Bank of Abyssinia
exceptional,5,2025-06-03 10:32:35,Bank of Abyssinia
BoA Mobile good bank,5,2025-06-02 14:25:12,Bank of Abyssinia
this is worest app 24/7 loading,1,2025-06-01 15:51:10,Bank of Abyssinia
This App is not interest for Android phone Please update it .,1,2025-06-01 10:17:10,Bank of Abyssinia
BoA system is confartable,5,2025-06-01 00:47:32,Bank of Abyssinia
"this app, for me , is a waste of time. It doesn't work . I can't even long in, and it really piss me off. FIX THE PROBLEM",1,2025-05-27 21:16:27,Bank of Abyssinia
Good service.,3,2025-05-25 19:14:52,Bank of Abyssinia
the app crush frequently,1,2025-05-24 12:24:56,Bank of Abyssinia
good,5,2025-05-22 15:34:58,Bank of Abyssinia
You guys keeps getting worst,1,2025-05-22 08:57:39,Bank of Abyssinia
good,5,2025-05-21 19:16:49,Bank of Abyssinia
"This app is a joke. It crashes more than it works, takes forever to load, and half the features are just decorative at this point. Can’t log in, can’t transfer money, can’t even check my balance without it bugging out. To the developer: Are you actually trying to make this work, or is this some kind of social experiment to test our patience? Did you build this in your sleep? Because it definitely looks like it. If this is your idea of a functional app, maybe consider a different career path🙏",1,2025-05-21 13:49:15,Bank of Abyssinia
BoA,2,2025-05-20 15:21:55,Bank of Abyssinia
good,5,2025-05-20 10:57:13,Bank of Abyssinia
but not opening on android,4,2025-05-19 17:19:32,Bank of Abyssinia
Worst App ever. Totally unreliable. And it didn't work at all for the last 4 months.,1,2025-05-18 15:36:47,Bank of Abyssinia
amazing,5,2025-05-18 14:34:19,Bank of Abyssinia
excellent app,4,2025-05-16 21:34:42,Bank of Abyssinia
excellent,5,2025-05-15 15:42:43,Bank of Abyssinia
ሞላዬ ከበደ,5,2025-05-14 15:47:57,Bank of Abyssinia
"this app does no work on Samsung a51, it just gives a preview of the logo",1,2025-05-11 19:07:08,Bank of Abyssinia
nice,5,2025-05-10 18:48:38,Bank of Abyssinia
"i entered incorrect security question by mistake boa app lock pin forever, why is there no other options? ?? i contacted different branchs more then 4times but they didn't able to solve this issue .",5,2025-05-10 12:44:44,Bank of Abyssinia
Best app,5,2025-05-09 16:12:56,Bank of Abyssinia
liking this application good 👍,5,2025-05-07 18:34:10,Bank of Abyssinia
"This app future is good, but there is problems with apps to reset and activate it, which is difficult even to the branch staffs, and it takes too long times to active at the branch plus most of the time high expected failure of activation after process at the counter and OTP sent not work",1,2025-05-06 18:06:33,Bank of Abyssinia
good,5,2025-05-06 17:44:32,Bank of Abyssinia
good,5,2025-05-02 21:50:25,Bank of Abyssinia
good,4,2025-04-30 11:23:56,Bank of Abyssinia
good,4,2025-04-30 10:34:17,Bank of Abyssinia
wow,5,2025-04-28 17:51:26,Bank of Abyssinia
it's really good 👍,5,2025-04-23 19:44:14,Bank of Abyssinia
Bad app . it stuck when you open and noting WORKS.,1,2025-04-23 14:16:20,Bank of Abyssinia
"the app isn't working after it asked me the password it starts loading, but it doesn't open",3,2025-04-20 21:05:21,Bank of Abyssinia
Best,2,2025-04-19 18:38:02,Bank of Abyssinia
It keeps showing this pop up to turn off developer options even tho it's off! I had to turn on and then off to make it work! This is a horrible experience and needs a fix asap! Plus kinda slow.,1,2025-04-19 07:15:54,Bank of Abyssinia
yideg,1,2025-04-18 00:18:40,Bank of Abyssinia
አይከፍትም እኮ,1,2025-04-17 10:12:16,Bank of Abyssinia
great boa,5,2025-04-10 14:33:26,Bank of Abyssinia
Best,5,2025-04-10 11:53:01,Bank of Abyssinia
boa of mobile backing,5,2025-04-09 14:32:34,Bank of Abyssinia
nice,5,2025-04-09 04:01:08,Bank of Abyssinia
faster bank of Abissinya,5,2025-04-08 16:36:23,Bank of Abyssinia
i would have given it a lower if it was possible because it crush so much and it take the bank so long to fix the bug,1,2025-04-08 10:12:19,Bank of Abyssinia
it just doesn't work...so frustrating,1,2025-04-07 18:04:17,Bank of Abyssinia
like,5,2025-04-06 22:17:21,Bank of Abyssinia
it's not work correctly... you must have update it,1,2025-04-06 11:01:42,Bank of Abyssinia
"the app gets a considerable improvements like language , QR scanner and unlimited transfers survice. but BOA Please do alot on its fastness and convenient when we login and making a transactions.",5,2025-04-04 22:57:29,Bank of Abyssinia
after i typed in my password it says successfully logged out ...and goes back to the first page,2,2025-04-04 12:38:08,Bank of Abyssinia
good but they don't update enough don't add new things,3,2025-04-04 12:24:06,Bank of Abyssinia
very good,5,2025-04-03 08:50:56,Bank of Abyssinia
thank you,5,2025-04-02 03:33:00,Bank of Abyssinia
it doesn't work period z slowest mobile banking ever i would rather use *815#,1,2025-04-01 00:27:34,Bank of Abyssinia
"after activated the application it not allowed to sign , automatically it is turn off In my phone, why ?",1,2025-03-31 23:55:06,Bank of Abyssinia
good application,5,2025-03-30 21:56:40,Bank of Abyssinia
this version is not working for me I cannot even buy card. I cannot send money,1,2025-03-30 15:27:26,Bank of Abyssinia
"It can't actively on initialization, it says incorrect OTP getting the exact OTP",1,2025-03-29 14:29:38,Bank of Abyssinia
always problematic hardly works,1,2025-03-26 13:28:25,Bank of Abyssinia
considering the fact the bank is huge this app really bad you could do better,1,2025-03-25 18:33:59,Bank of Abyssinia
best app,5,2025-03-25 13:15:12,Bank of Abyssinia
very good,5,2025-03-25 12:56:42,Bank of Abyssinia
"worst app and Bank ever u be ashamed, scammer",1,2025-03-24 17:00:42,Bank of Abyssinia
great BoA,5,2025-03-22 12:46:56,Bank of Abyssinia
best,5,2025-03-21 12:32:05,Bank of Abyssinia
i have went to the bank so many times because i couldn't make any transaction i can only see my balance nothing else so what is the point of having mobile banking if i can't make any transaction with it please work in that,1,2025-03-21 10:49:11,Bank of Abyssinia
good,5,2025-03-21 06:06:10,Bank of Abyssinia
good,5,2025-03-19 21:15:38,Bank of Abyssinia
there is no speed,1,2025-03-19 19:12:01,Bank of Abyssinia
"For anyone who wants to download it, just don't!!!",1,2025-03-19 16:02:57,Bank of Abyssinia
wonderful,5,2025-03-19 13:58:10,Bank of Abyssinia
all worck,5,2025-03-19 12:55:57,Bank of Abyssinia
Best app,5,2025-03-17 01:23:13,Bank of Abyssinia
Loved it,5,2025-03-14 17:57:04,Bank of Abyssinia
Wow,1,2025-03-14 03:37:53,Bank of Abyssinia
"Edit: New bug, app not letting me type in my otp codes. Shameful Why does this app not allow me to use it while having developer options on? Did y'all consider that I might, perhaps, be an actual developer? Why am I expected to toggle the option on and off just to bank (restarting my phone when I do)? Why is the message labled as somthing that will ""smoothen"" the experience? This is like the most ""security consultant"" thing to implement in an app. Please invest in actual security, not this mess.",1,2025-03-12 22:41:25,Bank of Abyssinia
Improved to be the best,5,2025-03-11 12:32:31,Bank of Abyssinia
BoA,5,2025-03-11 10:51:57,Bank of Abyssinia
"Decent, but there problems sometimes it says error When i transfer money but infact it transferred because of this bug i transferred 2 times instead of 1 and also we can't transfer money to others telebirr acc we only can to our self BOE Dev fix this !!!",3,2025-03-11 09:22:01,Bank of Abyssinia
BoA Greqt Ethiopian bank.,5,2025-03-11 08:31:05,Bank of Abyssinia
"The bug is still there,the app crashes every time i try to log in, especially in old phones like my Galaxy A32",1,2025-03-10 20:11:15,Bank of Abyssinia
Almost better compared to cbe where it is not qualified for,4,2025-03-09 11:50:02,Bank of Abyssinia
what awesome apps. it is very simple to use and more much important apps.,5,2025-03-09 11:34:30,Bank of Abyssinia
Wonderfull app,5,2025-03-08 10:23:26,Bank of Abyssinia
i can't use this app why?,5,2025-03-07 14:28:00,Bank of Abyssinia
Worst mobile banking app I ever experienced I was blaming other apps but comparing with this they're too much better!!!! It clashes it takes much longer time to login while loading in short it's a complete of trash,1,2025-03-06 22:44:28,Bank of Abyssinia
Wow,4,2025-03-05 21:58:05,Bank of Abyssinia
bro the worst app made by human kind!! as a software engineer it make me so sad seeing enterprise as big as BOA make apps like this. it is a disgrace for our country!!,1,2025-03-05 15:03:56,Bank of Abyssinia
AGA B Girja Miss language of admin Afaan oromo & other Itoophiyaa languages,1,2025-03-04 20:03:40,Bank of Abyssinia
Good app,5,2025-03-03 16:47:22,Bank of Abyssinia
"I downloaded the app for the first time while reading other customers reviews and as soon as i installed and opened the app it closes back automatically, what unserious bank, now i uninstalled the app immediately",1,2025-03-03 09:24:29,Bank of Abyssinia
It has good features but sometimes it doesn't work...0,1,2025-03-02 17:02:17,Bank of Abyssinia
Very poor proformance,1,2025-03-01 23:02:44,Bank of Abyssinia
It's not opening. Really frustrating,1,2025-03-01 17:18:34,Bank of Abyssinia
Verry Amazing App from all IB,5,2025-03-01 11:35:08,Bank of Abyssinia
Not working on this days,1,2025-02-26 13:29:28,Bank of Abyssinia
Thank you BoA,5,2025-02-23 11:06:47,Bank of Abyssinia
best banking app in the wworld,5,2025-02-22 19:58:17,Bank of Abyssinia
Nice app and it's easy to use,5,2025-02-21 12:41:42,Bank of Abyssinia
"please add language in the apps setting(amharic afan oromo, tigniya,and others) sometimes bank to bank transfer is not available through time and even if if it is available not reachable…it is serious issue!",1,2025-02-15 18:15:50,Bank of Abyssinia
This is help full i like ittttt,5,2025-02-14 21:09:06,Bank of Abyssinia
The is not functional at all?,2,2025-02-12 11:31:48,Bank of Abyssinia
Best bank,5,2025-02-08 11:08:52,Bank of Abyssinia
Make it easy and convienient to use and perfect for all to high prefrence and choice.,3,2025-02-07 09:28:37,Bank of Abyssinia
good,5,2025-02-05 07:32:27,Bank of Abyssinia
🇪🇹🇪🇹🇪🇹🇪🇹🇪🇹🇪🇹👍👍👍👍👍👍👍,5,2025-02-04 08:48:51,Bank of Abyssinia
I have been using this app for two years.It is amazing.,5,2025-02-01 00:18:26,Bank of Abyssinia
Good 👍,5,2025-01-31 17:46:28,Bank of Abyssinia
Sad experience,1,2025-01-30 20:27:28,Bank of Abyssinia
Always do update and that is annoying,3,2025-01-27 09:11:12,Bank of Abyssinia
"Best app, somehow waiting a few minutes",5,2025-01-23 16:02:28,Bank of Abyssinia
I can't dijitalize my atm in the apollo app on my phone,1,2025-01-22 06:05:22,Bank of Abyssinia
Whenever I try to sign in app close please fixed it out,2,2025-01-21 19:34:22,Bank of Abyssinia
Beter,5,2025-01-21 12:47:47,Bank of Abyssinia
Boa,4,2025-01-18 16:17:34,Bank of Abyssinia
በጣም የሚያስጠላ አፕ በጣም የወረደ ዜሮ ነው የምሰጠው ዘሮ It's not App it's very slow ehhhh. Why don't you upgrade the app???? It's always zero,1,2025-01-18 13:33:28,Bank of Abyssinia
Aadan Axmed Barkhadle,5,2025-01-17 19:23:05,Bank of Abyssinia
😡😡😡🤬🤬🤬,1,2025-01-16 12:46:26,Bank of Abyssinia
Horrible customer service and app crashes Horrible!!,1,2025-01-15 13:24:17,Bank of Abyssinia
I love it,5,2025-01-14 11:17:47,Bank of Abyssinia
Best,5,2025-01-14 11:14:00,Bank of Abyssinia
It keeps asking me to turn off developer mode even when dev mode is off. Couldn't use it.,1,2025-01-13 15:45:23,Bank of Abyssinia
Good🙏,5,2025-01-12 02:27:14,Bank of Abyssinia
Like to much,5,2025-01-11 10:43:49,Bank of Abyssinia
Thank you,5,2025-01-10 19:24:54,Bank of Abyssinia
Perfect,5,2025-01-09 19:02:07,Bank of Abyssinia
The best of best,5,2025-01-09 15:57:55,Bank of Abyssinia
I was using this app for long time it amazing user friendly UI but the i can't found for get pin button in the app,3,2025-01-07 12:26:17,Bank of Abyssinia
Boa,5,2025-01-06 08:43:09,Bank of Abyssinia
Great 👍,5,2025-01-04 16:59:09,Bank of Abyssinia
Fast and suitable for the customers.,5,2025-01-04 08:16:44,Bank of Abyssinia
Good 👍,5,2025-01-03 20:59:49,Bank of Abyssinia
Good app and helpful,5,2025-01-03 15:51:42,Bank of Abyssinia
"I will give only one star, because it faced with multiple of problems. 1. The app is not as fast as the other banks App, for e.g like CBE 2. The App asks repeatedly to switch off developer options, even if it is switched off. 3. Bank of Abyssinia's services are interesting, but they ignored the issues on the App service. 4. Most customers gave a complain on the App, but no one accept their complain to fix the issue. 5. Lastly, I will not recommend the App unless the issue has been solved ASAP!!",1,2025-01-03 07:56:58,Bank of Abyssinia
By assessing this you can tell Abyssinia bank has no idea what mobile banking is ?,1,2025-01-02 15:31:28,Bank of Abyssinia
It doesn't work at all.,2,2025-01-02 13:24:09,Bank of Abyssinia
this app is not available,1,2025-01-02 08:46:51,Bank of Abyssinia
Best,5,2025-01-01 19:59:05,Bank of Abyssinia
Wow what amazing,5,2024-12-30 21:45:24,Bank of Abyssinia
love it,5,2024-12-30 19:30:43,Bank of Abyssinia
በጣም መሻሻል አለበት....... ለ ባንኩ ማይመጥን መተግበርያ ነው ::,2,2024-12-30 16:08:06,Bank of Abyssinia
Lemn embi yilal??,5,2024-12-30 16:01:11,Bank of Abyssinia
Good,5,2024-12-30 13:20:13,Bank of Abyssinia
It's useless app downgraded.,1,2024-12-29 13:19:05,Bank of Abyssinia
Why is not letting me access my account. The whole point of this app is for me to gey access to my account without physically being at the bank. I would give it a zero but a one will suffice to get my point accross.,1,2024-12-27 13:28:26,Bank of Abyssinia
Nice,5,2024-12-26 19:09:33,Bank of Abyssinia
When are you going to get rid of this and have a real app that works? By far the worst mobile banking app.,1,2024-12-24 06:27:54,Bank of Abyssinia
አይሰራም ሼም ነው፤,1,2024-12-23 17:03:45,Bank of Abyssinia
Not that much bad,3,2024-12-22 11:12:44,Bank of Abyssinia
Fine,5,2024-12-21 02:16:46,Bank of Abyssinia
The dirtiest application ever seen...,1,2024-12-20 19:09:23,Bank of Abyssinia
Nic ap,5,2024-12-19 20:08:34,Bank of Abyssinia
The forest app ever,1,2024-12-19 11:07:06,Bank of Abyssinia
"I love BoA more than anyone but they are cursed when it comed to mobile banking. Even though this ine is hetter it still s*cks! It will ask me to turn off developer options other wise it won't work! I use CBE, Awash birr, tekebirr, Dashen bank and others but non of them asked me this, why only BoA? Please improve your mobile banking, be competitive!",1,2024-12-19 06:02:34,Bank of Abyssinia
Bank of abissena,1,2024-12-17 21:21:09,Bank of Abyssinia
Good,3,2024-12-16 19:29:33,Bank of Abyssinia
"Easy and sooo simple to use it, also its easy to stole someones money using the app",3,2024-12-16 13:02:26,Bank of Abyssinia
GOOD,5,2024-12-15 01:02:24,Bank of Abyssinia
The worst banking app ever. Never works!,1,2024-12-14 08:45:35,Bank of Abyssinia
Poorly functioning app,3,2024-12-13 12:55:02,Bank of Abyssinia
Very nice,5,2024-12-13 10:57:24,Bank of Abyssinia
Your system is the worst you should do better😡😡😡😡😡😡,2,2024-12-11 06:08:14,Bank of Abyssinia
It has been a while since you guys started giving the mobile app service but still couldn't get it to work. I'm sure you know that it doesn't work already but not sure if you're lazy or incompetent to fix it. You are losing business because of this. Complacency will have consequences.,1,2024-12-10 09:43:57,Bank of Abyssinia
"This is the best app; many features are awesome, but it should work without the need to turn off the developer options. I'm tired of having to constantly switch the developer options off and on. I've been expressing my struggles about this. I have precious settings enabled in the developer options, and to open the App Boa app, I have to turn them off. Please help us, Abyssinia Bank. I hope you can provide an update soon.",4,2024-12-08 23:16:05,Bank of Abyssinia
"I’m giving this app one star because there are no options below that. My experience has been incredibly frustrating due to the extremely long loading times, and the app even closes automatically at times. People choose mobile banking for its convenience, but this app is far too time-consuming, making it the worst I’ve used. I hope improvements are made to enhance the user experience.",1,2024-12-07 22:40:19,Bank of Abyssinia
Nice,5,2024-12-07 18:00:27,Bank of Abyssinia
Very unprofessional and mischievous bank in my opinion. I have had several occasions but recently I used Abyssinia Card to withdraw money and it was deducted from my account but despite reporting several times they said they are processing it but I learned yesterday that since it has been 3 months the bank has decided to include it in their income. How absurd. If you can avoid this bank.,1,2024-12-06 17:19:23,Bank of Abyssinia
It doesn't work on my 2 devices A05 and A34 😡,1,2024-12-02 21:19:07,Bank of Abyssinia
It's better to say I don't use boa rather than pulling your phone out and opening this app,1,2024-12-01 14:52:25,Bank of Abyssinia
My attention is very important because it will be the most difficult time for me,5,2024-11-30 20:23:48,Bank of Abyssinia
"I have a worst experience while using this mobile application through out the year. Most of the time it fails to ""Login"" or automatically closed the app. And also it takes so much loading time (5 minutes +) trying to access the internal services. Sometimes also while transferring within and to other bank also fails. So, BOA please fix your app.",1,2024-11-29 06:40:35,Bank of Abyssinia
I don't know why but your apps start out great then all of a sudden don't work🤷‍♀️,1,2024-11-28 11:44:51,Bank of Abyssinia
This application is losing major factions on a daily basis. I can count how many times I have used this app; it is completely useless and disappointing if I am not going to use it in times of need then I don't see the point.,1,2024-11-28 10:17:48,Bank of Abyssinia
exellent digital transaction of money,5,2024-11-27 00:10:14,Bank of Abyssinia
The latest update has stopped android 9 phones not to open this App. Never work properly since i started using it.,1,2024-11-26 15:05:22,Bank of Abyssinia
Best,5,2024-11-25 19:10:50,Bank of Abyssinia
Great,5,2024-11-25 17:26:59,Bank of Abyssinia
👏👏👏,5,2024-11-24 21:31:39,Bank of Abyssinia
Money,5,2024-11-24 10:31:41,Bank of Abyssinia
It needs more improvment,2,2024-11-24 09:17:29,Bank of Abyssinia
Hey Google,5,2024-11-21 22:51:14,Bank of Abyssinia
Good app,5,2024-11-21 17:40:34,Bank of Abyssinia
ab,3,2024-11-20 22:26:08,Bank of Abyssinia
Ademtahir,5,2024-11-20 13:41:49,Bank of Abyssinia
✌️✌️,5,2024-11-20 12:25:55,Bank of Abyssinia
Please this app on my android phone,3,2024-11-20 09:25:05,Bank of Abyssinia
GOAT 🐐 🐐,5,2024-11-19 16:48:41,Bank of Abyssinia
"Your app doesn't match your bank, the app is disaster, super slow. Please learn something from tele birr app.",1,2024-11-19 14:12:49,Bank of Abyssinia
Fast and reliable,5,2024-11-18 18:58:47,Bank of Abyssinia
"The worst app update ever. Why would you include the ""developer option off"" thing here? Why do you care? It is my phone my money, right? That is the reason why I switched to other banks. So either turn it off or everyone will discontinue their business one by one.",1,2024-11-17 22:11:45,Bank of Abyssinia
Very good,5,2024-11-14 15:52:39,Bank of Abyssinia
One of the poorest mobile banking system,1,2024-11-13 13:35:40,Bank of Abyssinia
❤❤❤❤❤❤,5,2024-11-12 21:39:07,Bank of Abyssinia
Oene,5,2024-11-12 17:20:14,Bank of Abyssinia
i find it interesting specially in reciept downloading,1,2024-11-12 16:43:41,Bank of Abyssinia
it good,5,2024-11-12 15:50:38,Bank of Abyssinia
"This app crashes everytime, please fix it",1,2024-11-12 15:08:59,Bank of Abyssinia
አንድ star ራሱ ይበዛበታል። i dont recomend to use this app also the bank,1,2024-11-12 13:55:52,Bank of Abyssinia
I need a support the app is not working,5,2024-11-12 13:10:33,Bank of Abyssinia
Bast bank of ethiopia,5,2024-11-12 13:01:11,Bank of Abyssinia
Good,5,2024-11-12 12:45:45,Bank of Abyssinia
very slow app. አቢሲኒያን ከሚያክል ባንክ የማይጠበቅ software app. ከቻላችሁ ሙሉ ለሙሉ እንደገና አሰሩት።በጣም ይመራያል ያሳፍራል።ለapp የወጣው ወጭ በሙስና የተበላ ነው የሚመስለው።,1,2024-11-12 12:15:50,Bank of Abyssinia
"thank you for your social services like, vertual banking, non touch ATM, Cadrless and withdrwal with out passbook...",5,2024-11-12 12:13:20,Bank of Abyssinia
The worst App i have never seen like this before,1,2024-11-12 11:48:40,Bank of Abyssinia
Wweeeer,4,2024-11-12 10:21:44,Bank of Abyssinia
Infinx,5,2024-11-12 09:52:38,Bank of Abyssinia
Great service,5,2024-11-12 07:17:47,Bank of Abyssinia
👍,5,2024-11-11 13:59:32,Bank of Abyssinia
This app is not available on all android versions and some times it is not functional.,1,2024-11-08 14:41:15,Bank of Abyssinia
senayt Mesfin,4,2024-11-08 14:13:42,Bank of Abyssinia
Bad app vety bad.,1,2024-11-07 07:21:50,Bank of Abyssinia
Nice,5,2024-11-06 17:24:50,Bank of Abyssinia
Abessnya Banke,5,2024-11-05 15:05:11,Bank of Abyssinia
"The most useless app, I never expected such an irrelevant app from BOA. big shame!",1,2024-11-04 11:45:20,Bank of Abyssinia
Okay,5,2024-11-03 19:25:36,Bank of Abyssinia
Professional on banking app,5,2024-11-01 16:08:51,Bank of Abyssinia
Has some nice interface but always freezes or slow to load .App developers please fix this issue.,3,2024-10-27 23:37:31,Bank of Abyssinia
አይሰራም አስተካክሉት,5,2024-10-26 17:13:59,Bank of Abyssinia
Please try another because this app doesn't feet the need of this generation,1,2024-10-25 22:17:13,Bank of Abyssinia
Good,4,2024-10-25 17:40:10,Bank of Abyssinia
Fast transfer,5,2024-10-24 11:51:40,Bank of Abyssinia
"What's up I can't log in, what's wrong",5,2024-10-22 05:57:44,Bank of Abyssinia
Amrumehamed,1,2024-10-21 16:43:38,Bank of Abyssinia
Good,5,2024-10-19 16:42:22,Bank of Abyssinia
"Nice to meet you my proud bank in Ethiopia.. I'm a member of this bank, i need to solve my problem of international receiving money for me from my online digital working service's over the world please? I'm working a lot of international money.But i can't get direct in Ethiopia because of don't knowing the legal ways of getting money in Ethiopia please can I get and direct deposit with BoA please 🙏🙏🙏?",5,2024-10-18 21:22:15,Bank of Abyssinia
Very good,5,2024-10-18 17:02:55,Bank of Abyssinia
ደደገነሐ,5,2024-10-15 10:27:29,Bank of Abyssinia
"Terrible Bank Experience It’s unbelievable that with all the modern technology, this bank still struggles with even basic transactions. The app constantly crashes, services are limited, and every time I try to transfer money or load Telebirr, there’s a huge delay. I have to wait 5 days for failed transactions to be refunded! Even USSD is unreliable. They’ve put me in embarrassing situations countless times, and customer care never fixes anything. I’ve switched banks, and you should too!",1,2024-10-14 08:06:39,Bank of Abyssinia
A painfully slow banking app service. Please don't make it your choice!,1,2024-10-13 09:08:25,Bank of Abyssinia
Good App,4,2024-10-12 17:04:14,Bank of Abyssinia
Best app to me,5,2024-10-11 21:16:21,Bank of Abyssinia
BOA,5,2024-10-11 16:31:58,Bank of Abyssinia
Abdulkadir,5,2024-10-11 09:28:56,Bank of Abyssinia
Bad,1,2024-10-10 15:17:31,Bank of Abyssinia
If it is possible I would gove0 star,1,2024-10-08 16:20:37,Bank of Abyssinia
Nise mobile bankig,4,2024-10-05 15:39:26,Bank of Abyssinia
Overall good app but performance needs some improvement also sometimes when using instant other bank transfers it refuses causing to be repeated several times to transfer,4,2024-10-04 23:34:24,Bank of Abyssinia
Ok,5,2024-10-04 17:20:43,Bank of Abyssinia
Just make it work please🤣 this is embarrassing for a bank of your size,1,2024-10-04 11:23:06,Bank of Abyssinia
Update to the simplest way it requires the developer option on and off why this is,5,2024-10-04 09:18:27,Bank of Abyssinia
"Stop telling me what to do with my phone, BOA. Why does your newly updated app keep asking me to disable the developer options? I’m not slowing down my phone just to use your God damn app. 🤮🤮🤮🤮",1,2024-10-04 05:55:49,Bank of Abyssinia
I'm living out of country how may I download and use mobile banking? It asks me the Ethiopia phone number and I can't receive text to confirm because I'm out side the country. So please lete know if I can use while I'm outside the country. Thanks,1,2024-10-04 05:30:33,Bank of Abyssinia
Good,3,2024-10-03 18:17:09,Bank of Abyssinia
Worest app,1,2024-10-03 12:57:35,Bank of Abyssinia
The worest app ever,1,2024-10-03 12:54:58,Bank of Abyssinia
አሪፍ ነው በርቱልን,5,2024-10-03 01:53:27,Bank of Abyssinia
Wwwerrr,5,2024-10-02 19:16:32,Bank of Abyssinia
ጀማል ውቀቱ,5,2024-09-30 16:46:53,Bank of Abyssinia
Great For Financial company,5,2024-09-30 09:13:34,Bank of Abyssinia
Very easy to use,5,2024-09-30 08:48:28,Bank of Abyssinia
The App's crash always.. Error.....,3,2024-09-27 16:25:54,Bank of Abyssinia
This app is incredibly frustrating to use. It’s filled with issues that make it difficult to navigate and complete tasks efficiently. I’ve never encountered such a poorly designed banking application before. It needs significant improvements to enhance user experience. It deserves a vey low rating.,1,2024-09-26 21:13:35,Bank of Abyssinia
nice,5,2024-09-26 05:56:33,Bank of Abyssinia
Great UI and seamless UX. I love it!!,5,2024-09-25 21:51:19,Bank of Abyssinia
That's too good application but try to add more alternatives and futures or possibilitys for your customers,3,2024-09-25 21:18:13,Bank of Abyssinia
It's easy used to operate program and secured 👍👍,4,2024-09-25 16:00:21,Bank of Abyssinia
I bought a mobile card on this app but I didn't receive it and it took my money and I didn't get my money back.,1,2024-09-21 14:34:07,Bank of Abyssinia
Amazing,5,2024-09-19 12:07:21,Bank of Abyssinia
Great app with great services,5,2024-09-19 09:32:07,Bank of Abyssinia
Yes active user,5,2024-09-17 16:47:44,Bank of Abyssinia
Shameful,1,2024-09-17 16:26:12,Bank of Abyssinia
The worest app ever made i would not recommende for no one,1,2024-09-16 20:05:52,Bank of Abyssinia
Good application,5,2024-09-16 18:08:14,Bank of Abyssinia
I like,5,2024-09-16 15:00:21,Bank of Abyssinia
Good,5,2024-09-16 13:15:56,Bank of Abyssinia
"How many hours should I wait after transferring money to telebirr, please do something about the transfer delay issue I need my money when ever.",1,2024-09-15 20:36:11,Bank of Abyssinia
"BOA is unreasonably holding and delaying transactions for more than a day, even transactions within the same bank itself. This is a huge gap that I observed in BOA mobile banking. I didn't experience this kind of challenge while having transactions in other banks' mobile banking platforms. After waiting so long, I called your customer support team and the response they gave me was ""it was the system that holds the transaction & will be released on working days"". This is not totally fair.",1,2024-09-15 08:59:12,Bank of Abyssinia
የእርስዎን ተሞክሮ ይግለጹ (አማራጭ),5,2024-09-14 16:37:34,Bank of Abyssinia
It's not working. It needs a big update. Can't you update the app quickly?,1,2024-09-14 15:09:31,Bank of Abyssinia
"I am Aimohon Joel , It's can be Good for a Better Conversation in Time 🙂",3,2024-09-14 02:48:46,Bank of Abyssinia
"Better app than most mobile apps, but why do I have to turn off developer option every time I wanna use the app?? It's annoying.",1,2024-09-13 21:50:22,Bank of Abyssinia
Bes and freindly app,5,2024-09-13 07:47:02,Bank of Abyssinia
It doesn't work.,1,2024-09-12 12:20:37,Bank of Abyssinia
"It say ""The request was not successful. please check device connectivity or try again"" why? One of the bank manager told me it is because of my phone's android version which is 9.1 It is ridiculous! Disappointing",1,2024-09-11 22:39:38,Bank of Abyssinia
How to download or screenshot of payment receipt...what kinda worst app ever 🤮🤮🤢,1,2024-09-11 14:19:05,Bank of Abyssinia
Good,5,2024-09-10 12:30:24,Bank of Abyssinia
Smart technology,5,2024-09-10 09:48:06,Bank of Abyssinia
Yegema app tish🪨,1,2024-09-08 08:53:43,Bank of Abyssinia
Ok,5,2024-09-07 18:12:32,Bank of Abyssinia
"This is not an appropriate app, i don't know how boa develops this app, i don't expect this much crazy and un confortable app form BOA, I'm soory!!!",1,2024-09-07 10:42:49,Bank of Abyssinia
"Shockingly bad! Even when it decides to work, it's painfully slow and frustrating. Such a shame that it has become a stain on an extraordinary bank",1,2024-09-06 19:16:55,Bank of Abyssinia
"It crashes frequently. It launches on Android 8.1 but I don't think it actually works on versions less than 10. If so, it shouldn't be available for download by such devices to begin with, like many other finance apps are not. It was so much better three months ago, upgrades should be for the better.",1,2024-09-06 10:06:12,Bank of Abyssinia
Awesome application. But lately its crashing everytime i opened it.,4,2024-09-05 23:48:22,Bank of Abyssinia
እጅም በጣም ደካማ አፕ ነው ሲፈልግ ይከፍታል ሲፈልግ አይከፍትም ከአዋሽ እና ንግድ ባንክ የመሳሰሉ ባንኮች ሲወዳደር ሞባይል ባንኪንግ App እጅግ የሚያበሳጭ ነው ለውጥ ያስፈልጋችኋል,1,2024-09-05 20:52:21,Bank of Abyssinia
good,5,2024-09-05 08:22:58,Bank of Abyssinia
Fast one,3,2024-09-04 22:10:02,Bank of Abyssinia
Nice looking app but a terrible user experience.,1,2024-09-03 17:30:49,Bank of Abyssinia
The worest MB app ever!!🙄,1,2024-09-02 14:13:33,Bank of Abyssinia
Very good,5,2024-09-01 19:47:47,Bank of Abyssinia
It is ok,5,2024-09-01 12:56:42,Bank of Abyssinia
Plz fix the Apps ....screenshot lovation hide from glarey share botten not work😔😔,1,2024-08-30 13:05:08,Bank of Abyssinia
Good,5,2024-08-30 13:01:27,Bank of Abyssinia
Apollo's,1,2024-08-29 22:26:11,Bank of Abyssinia
The worst experience ever,1,2024-08-29 17:17:17,Bank of Abyssinia
Hussenaliumar,5,2024-08-29 12:35:33,Bank of Abyssinia
Good,3,2024-08-28 16:14:12,Bank of Abyssinia
Hi I have problem with this App BOA mobile I don't know what is wrong with this App I did many times download but it's sam doesn't work if sam like that this app way I have to be customer with them how I know my account and checking save The book is no Not enough alone,1,2024-08-28 06:35:38,Bank of Abyssinia
It is not work for my device,5,2024-08-27 18:21:28,Bank of Abyssinia
"I'm Sick and tiered of enabling and disabling Developer Option Everytime I use this app. maybe you know it maybe you dont, fix it please it's anoying",1,2024-08-26 14:15:02,Bank of Abyssinia
The worst app ever,1,2024-08-26 12:41:26,Bank of Abyssinia
Good,5,2024-08-26 12:03:09,Bank of Abyssinia
Betanya Gebre,3,2024-08-23 21:29:23,Bank of Abyssinia
I dont recommand it to any one,1,2024-08-23 11:05:36,Bank of Abyssinia
Good,5,2024-08-22 09:00:42,Bank of Abyssinia
Excellent app,5,2024-08-21 13:20:16,Bank of Abyssinia
"The application used to work well. But after updates I'm not able to use the forgot password feature, which is blocking me from accessing it as a whole.",1,2024-08-20 12:35:21,Bank of Abyssinia
ትርሃስ,5,2024-08-19 18:58:10,Bank of Abyssinia
Gio,4,2024-08-19 13:12:51,Bank of Abyssinia
App isn't working,1,2024-08-18 20:48:13,Bank of Abyssinia
Best app,5,2024-08-18 20:19:44,Bank of Abyssinia
so far good but always it lugs,3,2024-08-17 19:16:57,Bank of Abyssinia
Don't trust this bank and its service.,1,2024-08-16 14:31:36,Bank of Abyssinia
"I can not open and use the application,please help me!",5,2024-08-15 21:13:25,Bank of Abyssinia
Horrible,1,2024-08-14 22:31:06,Bank of Abyssinia
Mostly not working 😑,1,2024-08-14 12:29:24,Bank of Abyssinia
Good,5,2024-08-13 20:26:12,Bank of Abyssinia
Awesome 👌,5,2024-08-12 14:38:07,Bank of Abyssinia
"Despite the enhanced technology you have, the application doesn't work properly, and it asks for the developer option to be turned off, fix that.",3,2024-08-12 13:23:20,Bank of Abyssinia
Thank you,3,2024-08-12 11:06:19,Bank of Abyssinia
Very poor app b/c highly slow to open the app,1,2024-08-12 07:56:44,Bank of Abyssinia
Ok,5,2024-08-12 03:46:06,Bank of Abyssinia
best,1,2024-08-12 02:34:06,Bank of Abyssinia
Best app,5,2024-08-11 22:38:09,Bank of Abyssinia
Wedi Tekle .,5,2024-08-11 16:13:14,Bank of Abyssinia
Bad app📱👎👎👎,1,2024-08-11 12:39:15,Bank of Abyssinia
Dura nan fayyadaman ture amma garuu naaf hojjechaa hin jiru maaf?,5,2024-08-11 09:12:42,Bank of Abyssinia
Nice appp,5,2024-08-11 07:23:42,Bank of Abyssinia
ሰላም አቢሲኒያዎች የሞባይል ባንኪንጋችሁ ተጠቃሚ ነኝ አገልግሎቱን ስላስጀመራችሁለን እናመሰግናለን። ነገር ግን አለፎ አልፎ የነበረው የማስፈንጠሪያው በአግባቡ አለመስራት አልፎ አልፎ ወደመስራት ተቀይሯል ድሮ እንደነበራችሁ እናውቃለን ዘንድሮም ብትኖሩልን እንመርጣለን *ከዘመን አንጉደል*,3,2024-08-10 18:31:56,Bank of Abyssinia
Gooood app my dear,5,2024-08-10 02:59:07,Bank of Abyssinia
Harun tamam galanaa,3,2024-08-09 17:30:52,Bank of Abyssinia
"A total disaster of an app. Always offline, never works, it's embarassing. I've lost hope and taken my business to a competitor",1,2024-08-08 15:31:00,Bank of Abyssinia
Gamebela,1,2024-08-08 15:07:21,Bank of Abyssinia
so poor app to use can't start up when open the app,1,2024-08-08 10:48:54,Bank of Abyssinia
"This app takes too long time to be opened. And even it is not working simply as other banks application. Why this app does not give a digital invoice. Even, I am not able to find where the screeshot is kept after transaction. So, please the developer should fix all these.",1,2024-08-07 16:34:52,Bank of Abyssinia
Good job,5,2024-08-07 13:56:13,Bank of Abyssinia
"Worst app ever, not user friendly, even doesn't serve basic functionality correctly, takes to much time to login and navigate through the app, we expected more from this bank",1,2024-08-07 13:03:34,Bank of Abyssinia
good,3,2024-08-07 11:50:31,Bank of Abyssinia
Good,5,2024-08-07 11:14:08,Bank of Abyssinia
Bad app .,1,2024-08-06 21:40:31,Bank of Abyssinia
"I mean how could a big financial company like this, be this much irresponsible to release this app? You should be ashamed!",1,2024-08-06 18:12:53,Bank of Abyssinia
Review,5,2024-08-06 18:00:43,Bank of Abyssinia
Goood,4,2024-08-06 16:21:08,Bank of Abyssinia
Ok,5,2024-08-06 15:33:00,Bank of Abyssinia
👎👎👎👎👎👎👎👎👎,1,2024-08-06 00:59:16,Bank of Abyssinia
Is it necessary to switch off developer options every time to use mobile banking?🤔🤔😡😡😡,1,2024-08-04 13:53:44,Bank of Abyssinia
The previous version is better it doesn't work,1,2024-08-04 09:16:27,Bank of Abyssinia
"I don't know what is wrong with BOA as a bank in general. It's been going backwards since last year or so. The app is a disaster to use in every possible way. Not stable to log in and very slow to perform transactions, couldn't take a screenshot (or can't even find the pictures even using its save screenshot option). Most of the time, it fails to perform transactions and so on. Simply, it's the worst!",1,2024-08-03 23:59:13,Bank of Abyssinia
ok,5,2024-08-03 22:37:02,Bank of Abyssinia
Nice,5,2024-08-03 11:16:43,Bank of Abyssinia
"Take some note from CBE mobile banking app, it's the best banking app currently take some note and improve ur app . Sometimes u have to learn from the bests 🙌",1,2024-08-03 11:00:33,Bank of Abyssinia
Great,5,2024-08-03 10:20:06,Bank of Abyssinia
It's a useless app,1,2024-08-02 09:54:12,Bank of Abyssinia
"It's not working as it was , so much need to improve, it was the best but not anymore",2,2024-08-01 19:04:25,Bank of Abyssinia
Poor network,1,2024-08-01 08:48:09,Bank of Abyssinia
Not yet completely working this App. i don't know when is it will be working properly! Its Sad!!!,1,2024-07-31 23:20:53,Bank of Abyssinia
The app does not open sometimes it says coonection issue which i dont have and after it opens it has bugs while using its not smooth to work with please improve it,1,2024-07-31 15:03:12,Bank of Abyssinia
"It's not working totally, what a useless app is it,",1,2024-07-31 13:54:39,Bank of Abyssinia
"This app has become the most troubling every day. It doesn't work. I love the bank, and I hate the app",1,2024-07-31 09:01:07,Bank of Abyssinia
this is so disappointing app 😞,1,2024-07-31 00:37:56,Bank of Abyssinia
አቢስኒያ የሁሉም ምርጫ,5,2024-07-29 17:48:26,Bank of Abyssinia
Ok,5,2024-07-29 10:47:11,Bank of Abyssinia
Nays,5,2024-07-28 20:19:24,Bank of Abyssinia
The worst app,1,2024-07-28 18:35:54,Bank of Abyssinia
it can't even open and only display error messages,1,2024-07-27 21:01:32,Bank of Abyssinia
not active,1,2024-07-27 15:39:42,Bank of Abyssinia
To get good quality,5,2024-07-27 09:22:10,Bank of Abyssinia
አይሰራም እኮ ምንድን ነው ችግሩ?,1,2024-07-26 11:36:44,Bank of Abyssinia
uselss app dont download,1,2024-07-26 11:36:14,Bank of Abyssinia
"Is this app fake i try it not working it say please try again later, unable to make transactions what is the purpose of this app . If it is not working delete it",1,2024-07-25 23:24:26,Bank of Abyssinia
"This app didn't work. They have a new version (new app) but still not compatible with my Samsung S8+ , which is v.funny.",1,2024-07-25 12:35:54,Bank of Abyssinia
Corrupted and poor app,1,2024-07-24 18:58:27,Bank of Abyssinia
Good,1,2024-07-24 11:51:19,Bank of Abyssinia
When I try to use the application it says 'developer setting should be off' where is the setting to off this play Still doesn't work for me,3,2024-07-24 10:27:07,Bank of Abyssinia
Nice,5,2024-07-24 09:54:06,Bank of Abyssinia
FIX YOUR Apollo!! You guys where the best 👌,1,2024-07-23 23:29:08,Bank of Abyssinia
Always slow and doesn't work on weekends if you are in a rush or a merchant this app is not for you,1,2024-07-23 18:53:32,Bank of Abyssinia
"It's very difficult to use the user, app,ones dawenload the user can't operate well , no one can help me,",1,2024-07-23 18:36:47,Bank of Abyssinia
Poor application. It turned off by itself,1,2024-07-23 16:06:20,Bank of Abyssinia
Okay,5,2024-07-23 15:54:10,Bank of Abyssinia
Allowed,5,2024-07-23 15:41:00,Bank of Abyssinia
It usually crashes and the reason it gives is a problem on internet connection although the internet was fine.,1,2024-07-23 10:35:15,Bank of Abyssinia
we want international mobile banking,1,2024-07-22 23:31:31,Bank of Abyssinia
"screenshot isn't working, Please modify it",2,2024-07-22 17:38:15,Bank of Abyssinia
Naziriet measho 89160437,1,2024-07-22 00:45:21,Bank of Abyssinia
Ahmed Mohammed husen,3,2024-07-21 19:33:55,Bank of Abyssinia
Is not working both this one and apollo did u make it better pls am gonne stop using this bank because of the mobile banking,1,2024-07-19 22:15:38,Bank of Abyssinia
I have experiance,5,2024-07-19 22:12:05,Bank of Abyssinia
The App is not working on Android 9.1 at all. It shows an error notification and forcefully closes the app. Must be fixed ASAP.,1,2024-07-19 18:36:11,Bank of Abyssinia
Wow,5,2024-07-19 16:21:51,Bank of Abyssinia
Crashes very frequently is not stable overall need improvement such a huge bank needs a better app than the current one,1,2024-07-19 09:35:32,Bank of Abyssinia
ርይርፍ,3,2024-07-19 08:11:01,Bank of Abyssinia
The previous application is much better than this one,1,2024-07-18 17:40:55,Bank of Abyssinia
"Worst app. It is wise to invest money and you can make it like CBE app. Even the incon has no image. My app has better UI than yours. So, please invest more and hire professional developer companies and improve it.",1,2024-07-18 11:45:25,Bank of Abyssinia
mal,5,2024-07-16 23:55:56,Bank of Abyssinia
It is not working at all,1,2024-07-16 20:29:37,Bank of Abyssinia
Excellent,5,2024-07-16 19:57:45,Bank of Abyssinia
The poorest mobile banking survice ever. Only error reports frequently,1,2024-07-16 16:37:32,Bank of Abyssinia
Wow,5,2024-07-16 13:01:39,Bank of Abyssinia
😞😞😞😞,1,2024-07-16 00:13:22,Bank of Abyssinia
I like this mobile banking app very much. Overall user interface and navigation is awesome. But it lacks instant response when someone deposit or withdraw money.,2,2025-06-07 10:40:29,Dashen Bank
love,3,2025-06-06 00:15:44,Dashen Bank
መቸሸጠ,5,2025-06-03 19:40:31,Dashen Bank
wow,5,2025-06-03 17:30:11,Dashen Bank
gadaa,5,2025-06-01 17:10:53,Dashen Bank
Massive upgrade from the Amole app.,5,2025-05-31 23:04:04,Dashen Bank
good,4,2025-05-31 22:39:35,Dashen Bank
very good for this app,5,2025-05-31 21:03:18,Dashen Bank
top,5,2025-05-31 20:25:21,Dashen Bank
this app better than Amole . but the biometric on new update doesn't work,4,2025-05-31 12:24:07,Dashen Bank
Wow,5,2025-05-30 11:16:47,Dashen Bank
good,5,2025-05-30 11:13:17,Dashen Bank
wow to it saff and this app,5,2025-05-30 10:11:47,Dashen Bank
it too slow,3,2025-05-29 13:26:30,Dashen Bank
ዳሽን ባንክ ይለያል,4,2025-05-28 19:34:49,Dashen Bank
real life changer,5,2025-05-28 12:01:56,Dashen Bank
👍👍👍,5,2025-05-28 11:47:32,Dashen Bank
good,5,2025-05-28 11:35:42,Dashen Bank
nice application,5,2025-05-27 14:31:31,Dashen Bank
good,5,2025-05-27 11:24:34,Dashen Bank
wow,5,2025-05-27 10:54:43,Dashen Bank
useless app ever loading take long,1,2025-05-27 09:19:32,Dashen Bank
"Game changer app! Dashen Bank Super App is fast, secure, and easy to use. The three-click payment makes sending money super quick, and the QR code payment is perfect for cashless shopping. I also love the biometric login and easy airtime and bill payments. Everything I need is in one place. Dashen Bank has really raised the bar for digital banking in Ethiopia. Highly recommended!",5,2025-05-26 19:16:29,Dashen Bank
very useful App,1,2025-05-26 13:10:58,Dashen Bank
"Simple, robust features? Yes, please! But the endless loading screen killed the fun—I couldn’t use it for days. Fix the glitch, and I’ll yeet a higher rating!",2,2025-05-26 08:21:54,Dashen Bank
Wawww,5,2025-05-24 16:55:43,Dashen Bank
it is good but some times says duplicate transaction why?,5,2025-05-24 08:07:56,Dashen Bank
very Nice,5,2025-05-23 12:09:24,Dashen Bank
its best,5,2025-05-23 03:53:15,Dashen Bank
it is not as good as to the other mobile bank app.,1,2025-05-22 19:35:38,Dashen Bank
"The best of best is now arrived **Empowering Your Financial Freedom** ""Experience seamless banking at your fingertips with Dashen Bank. Empowering your financial freedom, anytime, anywhere!"" **Innovation Meets Convenience** ""Dashen Bank Mobile Banking: Where innovation meets convenience. **Secure and Reliable** ""Bank with confidence",5,2025-05-22 09:42:22,Dashen Bank
wow,5,2025-05-20 14:32:56,Dashen Bank
Nothing is changed in the updated version. You have been collecting comments but where is the feed back you improved in this version. superapp is mot functioning today.,4,2025-05-20 13:22:54,Dashen Bank
good,5,2025-05-20 09:42:35,Dashen Bank
its best,5,2025-05-19 09:00:24,Dashen Bank
The best app ever in finance sector,5,2025-05-18 22:01:50,Dashen Bank
Its good app than other compitators but it confuse when we transfer it needs OTP and PIN most user inter their pin instead of OTP we know the litrecy level of our society so if it is device based i dont know the needs of OTP so please try to fix,3,2025-05-18 13:32:58,Dashen Bank
dashen bank or dashen super app?,1,2025-05-17 16:44:29,Dashen Bank
wowwwe app,5,2025-05-17 11:30:07,Dashen Bank
"Transferring to other bank accounts is a hastle and inconvenient .Get used to seeing "" please try again """,2,2025-05-17 11:03:32,Dashen Bank
good,5,2025-05-16 21:56:27,Dashen Bank
always lagging,1,2025-05-16 16:30:56,Dashen Bank
Amazing Application...,5,2025-05-16 11:23:47,Dashen Bank
Fantastic,5,2025-05-16 10:07:49,Dashen Bank
"Dashen bank app is very good, but sometimes it is not working well",5,2025-05-15 22:32:51,Dashen Bank
its my choice,5,2025-05-15 21:15:44,Dashen Bank
wow apo,5,2025-05-15 11:28:50,Dashen Bank
awesome app keep going,5,2025-05-14 10:10:44,Dashen Bank
wow,5,2025-05-14 09:44:58,Dashen Bank
👍,5,2025-05-14 08:07:48,Dashen Bank
"It grows ethiopian digital banking step ahead.All fetures in one,simple fast and convince.",5,2025-05-14 05:39:16,Dashen Bank
Game changer,5,2025-05-13 22:12:29,Dashen Bank
Totally amazing,5,2025-05-13 19:46:18,Dashen Bank
super 😎,5,2025-05-13 14:15:20,Dashen Bank
what a helpful app!!!!,5,2025-05-13 12:09:55,Dashen Bank
Good,4,2025-05-13 11:42:22,Dashen Bank
nice,5,2025-05-13 10:46:37,Dashen Bank
wow,5,2025-05-13 08:21:51,Dashen Bank
"To be honest, best banking and lifestyle app in Ethiopia.",5,2025-05-12 16:03:18,Dashen Bank
fast,5,2025-05-12 11:18:46,Dashen Bank
"A must have, seamless, all in one digital platform ""DB Superapp""! Keep living your motto ""Always one step ahead""",5,2025-05-12 09:36:47,Dashen Bank
"This App makes digital banking effortless and convenient. User-friendly interface, secure transactions, and excellent features for managing finances efficiently.",4,2025-05-10 10:01:21,Dashen Bank
good,5,2025-05-09 19:44:41,Dashen Bank
Amazing app super easy to use and best design. loved it.,5,2025-05-09 18:44:58,Dashen Bank
its the best ever,5,2025-05-09 00:18:26,Dashen Bank
nice,5,2025-05-08 11:37:34,Dashen Bank
excellent game changer App,5,2025-05-08 11:07:07,Dashen Bank
I am highly excited by using this application and it is the most favorable as well as preferrable mobile app.,5,2025-05-03 15:53:37,Dashen Bank
it seems me logging out within minutes,1,2025-05-03 09:43:29,Dashen Bank
nice app especially GUI and I have got some error when you send within dashen bank the receipter is not get SMS notification,4,2025-05-03 08:09:08,Dashen Bank
yes i want dashen super open,5,2025-05-02 23:55:12,Dashen Bank
Best App,5,2025-05-02 10:45:22,Dashen Bank
faster than this version,5,2025-05-01 04:20:47,Dashen Bank
"Best UI mobile banking app, props to design team",5,2025-04-30 19:43:36,Dashen Bank
thank you,4,2025-04-30 16:28:14,Dashen Bank
great app,5,2025-04-30 14:55:56,Dashen Bank
bad.,1,2025-04-30 11:54:32,Dashen Bank
Dashen bank always one step ahead,5,2025-04-30 07:05:39,Dashen Bank
dashen super app is secure band very easy,5,2025-04-29 15:48:26,Dashen Bank
It is very fast and secured mobile banking app! I like this app!,5,2025-04-29 15:27:54,Dashen Bank
best app I have ever seen,5,2025-04-29 10:49:49,Dashen Bank
best of best,5,2025-04-29 10:37:26,Dashen Bank
waw,5,2025-04-28 14:05:09,Dashen Bank
best app,5,2025-04-28 12:15:07,Dashen Bank
Its slow when i try to see the Recent Transaction and stucked,1,2025-04-28 10:11:58,Dashen Bank
wowslnwoooo wowwww amazing !!!!!!!!,5,2025-04-28 10:08:41,Dashen Bank
wow appl,5,2025-04-28 09:54:34,Dashen Bank
why do i have to change a pin number i use my finger print so dummy,1,2025-04-27 04:44:20,Dashen Bank
very nice,5,2025-04-26 22:56:19,Dashen Bank
great,4,2025-04-26 18:06:27,Dashen Bank
"It is very slow and it lacks many features to be a super app. High rating is given by their employees, not by the customers.",1,2025-04-25 11:43:56,Dashen Bank
"Smooth and secure experience transfers, bill payments, and tracking expenses are all effortless. The intuitive design makes banking on the go.",5,2025-04-24 13:56:14,Dashen Bank
Very easy and Fast.,5,2025-04-24 11:37:47,Dashen Bank
Incomparably user-friendly and fast app for mobile banking.,5,2025-04-24 11:36:51,Dashen Bank
"there is nothing super about this app, repeatedly failed transaction and wastes customer valuable time. if you have to do system upgrade do it at a time when there is less traffic demand. your Technical difficulty should not be reflected on customer.",2,2025-04-24 09:32:35,Dashen Bank
execellent,5,2025-04-24 09:23:20,Dashen Bank
"This super app is a total game-changer—fast, reliable, and packed with everything I need in one place. It’s seamless and super convenient. Love it!""",5,2025-04-23 21:09:47,Dashen Bank
All in One ✍️secure ✍️reliable ✍️convenient. Digital banking game changer!!,5,2025-04-23 20:44:20,Dashen Bank
it is incredible product.,5,2025-04-23 16:09:24,Dashen Bank
"I'm really impressed with this app! It’s user-friendly, runs smoothly, and has all the features I need. Makes my tasks so much easier and saves me a lot of time. Highly recommended!",5,2025-04-23 16:01:37,Dashen Bank
best app,5,2025-04-23 13:36:19,Dashen Bank
ok,5,2025-04-23 13:33:32,Dashen Bank
"It's an amazing app, experience it!!",5,2025-04-23 10:41:16,Dashen Bank
This is the best banking app ever. I recommend everyone to use it.,5,2025-04-23 09:06:58,Dashen Bank
It is the best application!!!,5,2025-04-22 21:36:32,Dashen Bank
"Exceptional digital experience, SupperApp will bring new paradigm shift in the banking business. Bravo Dashen keep it up!!!!",5,2025-04-22 15:36:39,Dashen Bank
its features are so dynamic,5,2025-04-22 14:30:51,Dashen Bank
fast &Friendly user Application.,5,2025-04-22 13:53:47,Dashen Bank
"Fast, Reliable and User Friendly. Keep it Up",5,2025-04-22 13:46:52,Dashen Bank
"#dashen super app is easy to use, secure & fast transaction😍",5,2025-04-22 13:44:44,Dashen Bank
i love this app esp 3 click that make e-commerce easier and convinient.,5,2025-04-22 13:24:34,Dashen Bank
Dashen Super App contains extended selections for customers and can be easily accessible and also friendly to use.,5,2025-04-22 12:44:11,Dashen Bank
Great for everyday banking and payments on the go,5,2025-04-22 12:37:27,Dashen Bank
"""Dashen Super App'' is impressive with its focus on simplicity, speed, and quality. The user interface is clean and easy to understand. Transactions process quickly, and the overall quality of the app is top-notch. A must-have for Dashen Bank customers. ዳሸን ባንክ አንድ እርምጃ ቀዳሚ።",5,2025-04-22 10:18:12,Dashen Bank
making transactions has never been easier. the new update is just amazing,5,2025-04-22 09:30:40,Dashen Bank
"The app has various usefull functions, which make easy the payment system. Also, it will connect with sellers having reasonable prices.",5,2025-04-22 09:22:10,Dashen Bank
The app has great user interface with comprehensive payments and E-commerce platforms. And also it includes unique features such as chat Banking and budget.,5,2025-04-22 09:02:26,Dashen Bank
betam mirt Ena betam le atikakem kelel Yale Ena michu application nw,5,2025-04-22 08:55:03,Dashen Bank
Convenient!,5,2025-04-22 08:52:38,Dashen Bank
It is an amazing application that meets the needs of customers.,5,2025-04-22 08:51:42,Dashen Bank
Effecting payment via the app has created convenience to the recipients in easily confirming the payments received!,5,2025-04-22 08:49:45,Dashen Bank
the best Supper App ever,5,2025-04-22 08:16:34,Dashen Bank
"This is the best app ever, when is it planned to include digital lending and gasification?",5,2025-04-22 08:09:10,Dashen Bank
"A powerful, local solution that rivals any global app. I love how easy it is to explore services and products.",5,2025-04-22 08:05:12,Dashen Bank
Dashen bank is my number one choice,5,2025-04-22 08:04:41,Dashen Bank
Assefa Genetu = Dashen superup is the latest and inclussive .I am happy with this super up.,5,2025-04-22 06:14:51,Dashen Bank
"The App is incredibly user-friendly and brings multiple services into one place. It's fast, intuitive, and makes daily tasks super convenient. A true all-in-one solution!",5,2025-04-21 23:50:10,Dashen Bank
"Proudly made in Ethiopia, this innovation delivers more than promised. The marketplace is a major boost for local commerce",5,2025-04-21 23:28:44,Dashen Bank
it so fanrastic and user friendly app. Bravo Dashen bank thanks.,5,2025-04-21 22:53:58,Dashen Bank
"one of the best digital platforms I've used! from smooth transactions to a seamless shopping experience, highly recommended.",5,2025-04-21 22:32:42,Dashen Bank
A proudly Ethiopia innovation that delivers beyond expectations. The marketplace feature is a big win for local shoppers bnd sellers,5,2025-04-21 22:21:45,Dashen Bank
"Dashen Super App is a game-changer! It’s fast, user-friendly, and packed with features that make everyday banking and transactions super convenient. I love how everything I need from mobile banking to utility payments is all in one place. The interface is clean, and everything works smoothly. Definitely one of the best apps out there. Highly recommended!",5,2025-04-21 21:28:50,Dashen Bank
Easy to use and has many options. It is the best financial app I have ever used.,5,2025-04-21 21:20:16,Dashen Bank
"Highly impressed! Dash Bank really nailed it with this app. Secure, reliable, and packed with features I use daily",5,2025-04-21 20:35:46,Dashen Bank
"One of the best digital platforms I’ve used! From smooth transactions to a seamless shopping experience, Highly recommended",5,2025-04-21 20:34:53,Dashen Bank
"This app has everything I was looking for, dashen is becoming a grandmaster.",5,2025-04-21 20:34:23,Dashen Bank
Very convenient,5,2025-04-21 20:12:22,Dashen Bank
"The user experience is seamless, and everything just works perfectly right out of the box. I can’t believe how much time and effort it saves me every day.",5,2025-04-21 20:03:27,Dashen Bank
wawwwww what nice super app !!keep it up dashen bank !!,5,2025-04-21 19:14:21,Dashen Bank
"Dashen SuperApp the ultimate all-in-one solution! From banking and shopping to bill payments, everything you need is right at your fingertips. Life just got a whole lot easier!",5,2025-04-21 18:19:05,Dashen Bank
"It is,really super because of its unique offerings to individuals and businesses.It is a secure UX first app intended to cater comprehensive digital meeds.I am also happy to know that Dashen is considering to make the app more inclusive by lowering the mobile version requirements .",5,2025-04-21 17:57:03,Dashen Bank
"the very easy, secured, fast and multifunctional dashen supper application I ever seen. dashen really one steps ahead!!!",5,2025-04-21 17:46:15,Dashen Bank
"One app for everything! I can shop, manage my bank account , and do so much more . Truly a super app",5,2025-04-21 17:44:31,Dashen Bank
one of the best digital platforms I’ve used! From smooth transactions to a seamless shopping experie,5,2025-04-21 17:40:32,Dashen Bank
"Dashen Bank super App is the most suitable, reliable, and fast digital banking system.",5,2025-04-21 17:40:23,Dashen Bank
Excellent app.,5,2025-04-21 17:32:20,Dashen Bank
This is what we call banking app. As professional I want banking app as simple as this and an app rich of features that align with my lifestyle.,5,2025-04-21 17:13:56,Dashen Bank
thanks again,5,2025-04-21 16:42:21,Dashen Bank
Super Easy To Use and Fast Transaction.,5,2025-04-21 16:28:55,Dashen Bank
"I have an incredible experience with Dashen super app, what an amazing platform is it?. keep pioneering in technological advancement 👏👏👏",5,2025-04-21 16:21:18,Dashen Bank
"i can't recommend the Dashen Super App enough! This app is truly a game changer for anyone looking for a seamless and efficient way to manage their daily life. It combines multiple essential services into one easy-to-use platform, saving time and simplifying tasks The user interface is modern, intuitive, and super responsive, making navigation a breeze. Whether it's banking, payment services, or accessing lifestyle features, everything is just a few clicks away!!",5,2025-04-21 16:08:23,Dashen Bank
"The app is incredibly handy for managing multiple financial tasks, from bill payments to managing budgets. It’s saved me a lot of time and made banking way more convenient. Definitely worth checking out!",5,2025-04-21 16:01:01,Dashen Bank
what an App,5,2025-04-21 15:59:35,Dashen Bank
The new e-commerce feature is incredibly amazing and user friendly.,5,2025-04-21 15:41:06,Dashen Bank
"dashen bank supper app is the most easy to use and have high speed,quality and I like features like chat,budget,fuel payment, and security for my opinion this product is techonolgy edge,this international standard thanks for product oweners (dashen bank)",3,2025-04-21 15:40:38,Dashen Bank
"The Dashen supperapp is a revolutionary advancement in digital banking, combining exceptional usability, an intuitive interface and a seamless user experience. among its standout features are the integration of QR codes, account statement, transaction advise, chat, transaction authentication for limit thresholds, budgeting and different app in a single dashboard. Truly ahead of the curve ..... keep up the excellent work 🤝👏",5,2025-04-21 15:40:34,Dashen Bank
"A proudly Ethiopian innovation that delivers beyond expectations. The marketplace feature is a big win for local shoppers and sellers. Very impressed with the new updates, The e-commerce section is smooth and supports Ethiopian merchants!",5,2025-04-21 15:33:37,Dashen Bank
"Very impressed with the new updates, The e-commerce section is smooth and supports Ethiopian merchants.",5,2025-04-21 15:22:02,Dashen Bank
"Dashen Bank Super App is fast, reliable, and super easy to use. All my banking needs are handled smoothly in one place. Clean design and seamless experience – highly recommended!",5,2025-04-21 15:16:09,Dashen Bank
"Db sup app is A platform or an application that can grasp more satisfactions through fastest mode of operation which means for budget planning, to use QR code(scan, pay, go) chat with staff, acc to acc other bank ft, merchant payment, and easly. I addition to i satisfied and i invite everyone to use those platform!!.",5,2025-04-21 15:13:09,Dashen Bank
the chat banking and unique and only app that alow money request!!,5,2025-04-21 15:06:01,Dashen Bank
Better and inclusive app!,5,2025-04-21 15:05:09,Dashen Bank
Amazing Application,5,2025-04-21 14:51:09,Dashen Bank
It keep my time to pay my bills and I generate my satment easily,5,2025-04-21 14:50:46,Dashen Bank
"It's an amazing app that is up-to-date with the times, wow wow",5,2025-04-21 14:43:50,Dashen Bank
A game-changing Ethiopian innovation—where shopping meets opportunity. The marketplace feature connects buyers and sellers like never before.,5,2025-04-21 14:43:02,Dashen Bank
"Dashen Super App isn’t just an app — it’s an experience. Effortless, powerful, and built for the future",5,2025-04-21 14:40:20,Dashen Bank
"This Is An Amazing App with Uniqe Quality,Easy And Fast Mobile Banking App.",5,2025-04-21 14:39:18,Dashen Bank
"Dashen SuperApp is a lifesaver! Banking, shopping, and bills in one super easy app. The new e-commerce feature is awesome and supports local merchants. Fast, secure, and proudly Ethiopian.Download it now—you won’t regret it!",5,2025-04-21 14:31:02,Dashen Bank
"Dashen SuperApp blends finance, shopping, and daily services effortlessly. The new e-commerce feature is smooth and supports local merchants—proud to back an Ethiopian-made solution!",5,2025-04-21 14:19:15,Dashen Bank
"A solid step forward by Dashen Bank. The SuperApp combines essential banking features with lifestyle services, making everything accessible in one place. The interface is smooth, and transactions are quick and reliable. It’s clear a lot of thought went into the design and functionality. Great job!",5,2025-04-21 14:16:45,Dashen Bank
Dashen bank super app is the crucial and convenient app in Ethiopia. there is no other app to compare with Dashen bank super app,5,2025-04-21 14:16:08,Dashen Bank
"All-in-one finance & e-commerce super app! Pay, save, shop seamlessly. Fast, secure. #BankAndShop",5,2025-04-21 14:10:21,Dashen Bank
it's a hestorical app. in the bank industry.,5,2025-04-21 14:07:42,Dashen Bank
"A game changer in Ethiopian digital banking fast, secure, and packed with services. Everything you need, all in one powerful app. A true leap toward financial convenience and innovation!",4,2025-04-21 14:07:17,Dashen Bank
"easy &,simple to use",5,2025-04-21 14:06:30,Dashen Bank
"Banking, but make it smart. Local solutions, all in one place. Smooth, fast, and actually saving time. Feels like the future. Love it!",5,2025-04-21 13:59:53,Dashen Bank
"All in one, that is it 👌",5,2025-04-21 13:52:42,Dashen Bank
", Dashen Bank Supper App is multipurpose, convenient, very attractive and Make life easier",5,2025-04-21 13:50:32,Dashen Bank
very easy and flexible app.,5,2025-04-21 13:48:44,Dashen Bank
"I choose Dashen Bank Super Up since, it is easy to use & it has attractive features !",5,2025-04-21 13:44:50,Dashen Bank
dashen super app is simple faster and reliable.,5,2025-04-21 13:38:06,Dashen Bank
"Dashen Bank Super App is a game-changer! The user-friendly design, wide range of services, and smooth performance make it incredibly convenient for everyday banking. It’s fast, secure, and truly reflects the bank’s commitment to digital excellence. Highly recommended!",5,2025-04-21 13:23:07,Dashen Bank
"The app keeps getting better with every update! Smooth performance, great UI, and top-notch security. Thank you for making banking so convenient!""",5,2025-04-21 13:17:43,Dashen Bank
this app is the most simply to use and secure safe i love it to use for any bank transaction,5,2025-04-21 13:12:47,Dashen Bank
"After i download the app recently had a smooth expriance, its user friendly, fast, and everything works as expected. keep up the good work.",5,2025-04-21 13:07:27,Dashen Bank
An app with High performance and advanced features!,5,2025-04-21 13:07:14,Dashen Bank
"It is a very user friendly, attractive user interface, full of useful features. I really encourage everyone to give it a try.",5,2025-04-21 12:57:15,Dashen Bank
"Good actually , but it have to WORK when developer option is on 🙏",5,2025-04-21 12:49:32,Dashen Bank
"All-in-one convenience, From managing accounts to paying bills and shopping online and the chat banking is game changer, this app does it all seamlessly.",5,2025-04-21 12:42:40,Dashen Bank
I appreciate that Dashen Bank takes lifestyle services into account.,5,2025-04-21 12:36:34,Dashen Bank
keep it up!,5,2025-04-21 12:36:01,Dashen Bank
amazing app really i loved it .that's why we say dashen bank is one stap ahead. It's the best mobile application that should be on every phone.,5,2025-04-21 12:33:43,Dashen Bank
very comfortable app keep it,5,2025-04-21 12:28:51,Dashen Bank
it has clear detail information about the application so it helps customer how to use the app. and it is very easy to use and also app is secure.,5,2025-04-21 12:13:53,Dashen Bank
"I have been using the Dashen Supper app mobile banking app , and overall, I appreciate its features.However,I’ve noticed that when I turn on the developer options on my device, the app stops functioning properly. It would be great if you could look into this issue, as I often need to access developer settings for other applications . Thank you for your attention to this matter!",5,2025-04-21 12:08:17,Dashen Bank
easiness to use with fast response time,5,2025-04-21 12:01:20,Dashen Bank
"The new mobile banking application is a major upgrade! It’s incredibly user-friendly, with a clean and modern design that makes navigation simple and intuitive. I really appreciate how fast it loads and how smooth the overall experience is. All essential services like balance checks, transfers, and bill payments are eas y to find and use. The added security features give me peace of mind, and the app runs reliably without crashes or glitches. It’s clear a lot of thought went into the user experi",5,2025-04-21 11:52:02,Dashen Bank
"As an Internal Customer, Dashen Bank SuperApp has greatly simplified my online banking experience. It's easy to use, allowing me to quickly check balances, transfer money and pay Bills. The app's advanced security features are highly secure, ensuring my data is well protected. The Three click, Chat Banking and IPS features have also given me a smarter experience. In deed Dashen Bank is always steping ahead!",5,2025-04-21 11:50:08,Dashen Bank
"A truly impressive app — user-friendly and a game-changer in Ethiopian banking. The Dashen Super App stands out as one of the most innovative and convenient digital banking solutions in Ethiopia’s financial history. Smooth navigation, seamless features, and a wide range of services all in one place. Well done!",5,2025-04-21 11:50:00,Dashen Bank
dashen bank super up has very fast and convenience and also it has contain more things on one app .I am very interesting to use dashen bank super up,5,2025-04-21 11:49:05,Dashen Bank
"The Dashen Bank Super App has truly elevated my mobile banking experience. It's fast, user-friendly, and packed with all the essential features. The interface is clean and intuitive, making navigation easy even for first-time users. I also appreciate the added security features that give me peace of mind while banking on the go. Dashen Bank has done an amazing job with this app—it’s reliable, efficient, and always improving. Highly recommended for anyone looking for seamless digital banking!",5,2025-04-21 11:44:47,Dashen Bank
A fantastic product!! keep the good work.,5,2025-04-21 11:43:18,Dashen Bank
"I am very impressed with the Dashen super app. It is user-friendly and operates efficiently. The budget and chatbot features are impressive, and all items can be purchased with just three clicks.",5,2025-04-21 11:42:01,Dashen Bank
"The Dashen Super App offers a quick and user-friendly experience, bringing together a variety of services, like budgeting, payments, airtime recharges, and more, all in one convenient platform. Its sleek design and intuitive navigation ensure effortless transactions. It's evident that Dashen Bank has carefully crafted the app to make everyday financial activities easier. A great choice for anyone aiming to streamline their digital routines!",5,2025-04-21 11:41:56,Dashen Bank
Dashen supper App is the most useful app for our customers,5,2025-04-21 11:41:28,Dashen Bank
it is the most amazing mobile app,5,2025-04-21 11:40:59,Dashen Bank
A Good and fast supper app thanks for dashen bank,5,2025-04-21 11:36:28,Dashen Bank
"Dear Users of the Dashen Bank Super App,I have been using the Dashen Bank Super App for a while now, and I must say—it’s truly a game-changer! The app is incredibly fast and reliable; I’ve never encountered any delays with my transactions. One feature I absolutely love is Chat Banking. It makes everyday tasks like checking my balance or transferring money as simple as sending a quick message. Also, the budgeting tool has been a huge help in tracking my spending and giving me a clearer",5,2025-04-21 11:35:59,Dashen Bank
Too best,1,2025-04-21 11:34:37,Dashen Bank
"Dashen Bank Super Up,use the app and makes your easy,fast,convinent.",5,2025-04-21 11:31:13,Dashen Bank
To join digital world use supper app and make your life easy,5,2025-04-21 11:29:39,Dashen Bank
best mobile banking application,5,2025-04-21 11:28:45,Dashen Bank
"This banking superapp is incredibly well designed. The design and appearance of the app and the overall experience I have when using the app is fantastic. The app is packed with features from banking to e-commerce all in one place.It even has a budget setting option which is super useful for managing my money. Everything runs smoothly and I love how convenient it has made my daily life. Huge Kudos to Dashen Bank. You are truly living up to the motto ''Always one step ahead."" Keep it up!",5,2025-04-21 11:28:39,Dashen Bank
best mobile banking application,5,2025-04-21 11:28:29,Dashen Bank
I was really amazed by the idea of an e-commerce service on a banking app. This is what it means to be one step ahead. Please include all kinds of products in there as soon as possible.,5,2025-04-21 11:28:23,Dashen Bank
this is what we expect to get service Dashen Bank always like his slogan,5,2025-04-21 11:28:14,Dashen Bank
"Dashen SupApp is the most contemporary application, offering a great experience by enabling users to perform multiple tasks through a single platform—such as chatting with friends, transferring money, paying bills, and more. It is the first app of its kind in the Ethiopian banking industry, making it a remarkable opportunity for entrepreneurs working in app-based sales and software marketing. Good job, Dashen Bank!",5,2025-04-21 11:24:37,Dashen Bank
Dashen Super App gives me an amazing convenience and makes life easy.,5,2025-04-21 11:24:04,Dashen Bank
excellent mobile banking app,5,2025-04-21 11:23:00,Dashen Bank
Wow! like his name Super App...,5,2025-04-21 11:22:53,Dashen Bank
Dashen supper app is the most special. ይምቾቱ ይለያያል!!!!,5,2025-04-21 11:21:54,Dashen Bank
convenient and fast,5,2025-04-21 11:21:49,Dashen Bank
Best- in-class app.,5,2025-04-21 11:21:02,Dashen Bank
I really like this amazing application and Dashen Supper app that has made my life easier.,5,2025-04-21 11:20:50,Dashen Bank
Superb,5,2025-04-21 11:19:08,Dashen Bank
"amazing features, faster and easy to use",5,2025-04-21 11:18:46,Dashen Bank
"The Dashen Super App offers a modern, user-friendly experience that leverages the latest technological advancements to deliver a seamless e-commerce platform",5,2025-04-21 11:18:42,Dashen Bank
Best App!,5,2025-04-21 11:17:35,Dashen Bank
I love it. one of the best mobile banking app in the banking industry,5,2025-04-21 11:16:54,Dashen Bank
I love this app,5,2025-04-21 10:32:34,Dashen Bank
no working for me hulum information asgebiche continue or accept yemilew button ayeseram my phone is Samsung A51,1,2025-04-21 05:48:55,Dashen Bank
good,5,2025-04-20 17:31:27,Dashen Bank
waw no idea the best app.,5,2025-04-19 20:43:26,Dashen Bank
fast best app,5,2025-04-19 02:27:36,Dashen Bank
Nice App,5,2025-04-18 18:25:34,Dashen Bank
nice app ever,5,2025-04-17 14:43:43,Dashen Bank
good,5,2025-04-17 14:42:39,Dashen Bank
very disappointing app. Closes frequently and unstable in function,2,2025-04-17 14:14:49,Dashen Bank
"Feature-rich? Absolutely. But the speed? Painfully slow. Seriously, is it communicating with a server on Mars or something?",5,2025-04-16 18:54:32,Dashen Bank
nic app,5,2025-04-16 16:42:02,Dashen Bank
Nice,5,2025-04-16 09:23:01,Dashen Bank
"The Dashen Super App delivers a remarkably fast, highly secure, and exceptionally user-friendly experience, establishing it as a leading application in its category.keep it up and stay ahead Dashen Bank.",5,2025-04-14 22:23:31,Dashen Bank
So far so good! their in person customer service is amazing 👏,5,2025-04-14 15:51:47,Dashen Bank
The app is very backward and doesn't always work. If it works three hours out of 24 hours it's great!😥,1,2025-04-14 11:32:53,Dashen Bank
ምርጫዬ ነው,5,2025-04-13 19:47:18,Dashen Bank
It's bad for the connection and too many days are it that not working,1,2025-04-12 16:59:05,Dashen Bank
it's samart,5,2025-04-10 15:39:47,Dashen Bank
"The app is not working properly, I have been using it.",1,2025-04-10 12:42:10,Dashen Bank
it is very good app,5,2025-04-10 12:14:13,Dashen Bank
"I had a disappointing experience with Dashen Bank's Super Up service. The app is very slow and takes forever to load during transactions, which is incredibly frustrating. Additionally, it doesn't generate receipts for any transactions, making it difficult to keep track of my expenses. I also reached out to customer support, but the response time was longer than expected. Overall, I was hoping for a better experience, but I find the service lacking and in need of improvement.",2,2025-04-09 21:49:23,Dashen Bank
slow cumbersome,3,2025-04-08 12:41:35,Dashen Bank
Is really 💀,2,2025-04-08 08:50:03,Dashen Bank
It's slow to send OTP. it's not reliable. It crushed many times. It needs improvement in many ways,1,2025-04-07 23:02:05,Dashen Bank
"This is the worst mobile banking experience I’ve ever had. It doesn’t work when you need it, and it randomly updates itself without warning. You can’t make transactions whenever you want. It’s a nightmare for anyone who relies on this as their main banking option, especially those with a lot of money in their account. I’m lucky I’m not one of them, but still, it’s infuriating not being able to access your money when you need it.""l",1,2025-04-07 20:19:22,Dashen Bank
"I have experienced on using the app of Banks in Ethiopia, this Dashen sup is like old version of the applications for using. I gave 3 star for it's very low speed while login and processing",3,2025-04-07 18:05:38,Dashen Bank
proud by dashen bank,5,2025-04-06 14:46:12,Dashen Bank
best,5,2025-04-06 08:51:01,Dashen Bank
best of best,5,2025-04-05 09:08:13,Dashen Bank
nice,5,2025-04-04 23:38:52,Dashen Bank
This app is not working unless you turn off developer mode on your phone. So it takes your rights to just use it.,2,2025-04-04 21:24:36,Dashen Bank
real super up,5,2025-04-04 21:12:55,Dashen Bank
it's very disappointing fix it as soon as possible not expected from dashin bank fix it,1,2025-04-04 20:40:29,Dashen Bank
why dashen bank workers hidden my ATM Card 🏧?it's a big problem to me,5,2025-04-04 20:05:19,Dashen Bank
good,5,2025-04-04 16:57:03,Dashen Bank
tanku,5,2025-04-04 16:56:25,Dashen Bank
very nice,5,2025-04-04 16:15:18,Dashen Bank
perfect,5,2025-04-03 02:17:59,Dashen Bank
goood,5,2025-04-02 15:03:47,Dashen Bank
why does it ask me for both pin and opt even the opt is touch let alone both,2,2025-04-02 15:02:36,Dashen Bank
it is best app easy to use,5,2025-04-01 15:51:17,Dashen Bank
It is very easy to use and powerful application.,3,2025-04-01 14:16:55,Dashen Bank
this apps have a good feature but but some features like developer mode turn off irritate user,3,2025-04-01 00:13:13,Dashen Bank
"This is not only a mobile banking app, it is beyond that. We will access our account easily, we are able to get many information easily here. i.e. exchage rate. We are able to chat with others, we are able to budget, we are able to transfer to other bank and within Dashen. we are able to access many accounts in a single app, we are able to pay bills in QR scan, we are able to make payments and order delivery items here in a single app. #Always one step ahead.",5,2025-03-31 21:46:13,Dashen Bank
wallahi very fantastic Bank,5,2025-03-31 17:29:06,Dashen Bank
"Waw, It's amazing app. thank you Dashen Bank.",5,2025-03-31 16:21:51,Dashen Bank
ok,5,2025-03-30 12:22:57,Dashen Bank
nice app,5,2025-03-29 10:09:55,Dashen Bank
"I’ve been using the Dashen Bank Super App for a while now, and it’s been a game-changer. The app is super fast and reliable—I’ve never had an issue with transactions being delayed. One of my favorite features is the chat banking, which makes it so easy to do things like check my balance or transfer money just by typing a quick message. The budgeting tool is also really useful. It helps me keep track of my spending and gives me a clear picture of where",5,2025-03-28 09:30:54,Dashen Bank
good,5,2025-03-28 09:16:22,Dashen Bank
nice application,4,2025-03-27 16:12:42,Dashen Bank
Very good app that like it too. B/c it is very fast and easy to use.,5,2025-03-26 20:31:02,Dashen Bank
best experiences,5,2025-03-26 11:14:01,Dashen Bank
too slow to use.,1,2025-03-26 08:36:38,Dashen Bank
ጥሩ ነው,5,2025-03-25 02:29:07,Dashen Bank
the worst app in the market only good ui,1,2025-03-22 22:00:42,Dashen Bank
nic,5,2025-03-22 17:19:22,Dashen Bank
በጣም ቅልል ያለ አፕ በርቱልን ለአጠቃቀም ምቹ,5,2025-03-22 12:23:39,Dashen Bank
thanks for all digital transaction,5,2025-03-21 16:40:14,Dashen Bank
Good,4,2025-03-21 08:27:47,Dashen Bank
Best,5,2025-03-20 13:16:10,Dashen Bank
Good,5,2025-03-20 09:01:08,Dashen Bank
"This app is not supporting smart phones that have old android version and so it is none inclusive. At the same time the amole lite is not working properly and once you reached to maximum otp trail mistakes due to network or other errors like stacks , you will be tied up to make Transactions. Ohh... tired!!!!!",1,2025-03-20 02:39:23,Dashen Bank
it's Be Come Busy &not working good,1,2025-03-20 02:36:52,Dashen Bank
I wanted to share some concerns about your Supper App. It appears to be experiencing reliability issues and isn’t performing as expected. I hope this can be addressed soon to improve the user experience. One star 🌟 for now.,1,2025-03-19 15:49:23,Dashen Bank
"best ever digital banking sector essay for understanding ,smart and convince for using",5,2025-03-19 13:46:08,Dashen Bank
good and latest,5,2025-03-18 15:59:02,Dashen Bank
The best App of all,5,2025-03-17 22:37:55,Dashen Bank
Worst app ever,1,2025-03-15 23:44:10,Dashen Bank
"This app is the most unreliable mobile banking application I have ever used for transaction, it is very late, non-responsive and full of bugs. Its is very disappointing. It is just inconvinient, and not user friendly and compatabke at all !!!!!!",1,2025-03-14 15:45:53,Dashen Bank
Naiycapp,5,2025-03-14 01:06:26,Dashen Bank
Good,5,2025-03-13 13:48:00,Dashen Bank
The app is good but it has no USSD option,4,2025-03-13 10:28:45,Dashen Bank
Hey great,5,2025-03-12 13:58:05,Dashen Bank
I have used many mobile banking and also tellebir and mpesa nothing come close to this app. Well done Dashen indeed one step a head. A lot of cool features that amole hasn't the receipt and the account statement is superb for me. I hope you add more integrated small apps to.,5,2025-03-12 09:52:45,Dashen Bank
The app is good but it ask update every week so tiring,2,2025-03-11 14:41:47,Dashen Bank
It good and easy to use,5,2025-03-11 10:08:03,Dashen Bank
በጣም አሪፍ መተግበሪያ ነው ። አመሠግናለሁ ።,5,2025-03-10 17:38:29,Dashen Bank
"Greately improved since it was released! I really like the budget and expense tegistration feature. For ATM or POS withdrawals, it is not possible to account these expenses, even if it is visible on the transactions window. If that can be worked on, it will be improve so much!!",5,2025-03-10 13:06:34,Dashen Bank
Excellent,5,2025-03-10 13:06:14,Dashen Bank
Good,5,2025-03-08 14:29:09,Dashen Bank
Wow Excellent app,5,2025-03-08 12:43:31,Dashen Bank
Nice app but i experience some issues with others banks transfer it keeps saying account is not exist most of the time.,4,2025-03-08 11:47:02,Dashen Bank
Add the option to send money to any telebirr account like amole does.,3,2025-03-08 10:45:48,Dashen Bank
It's best,5,2025-03-08 10:13:14,Dashen Bank
no one dashen yichlal,5,2025-03-07 10:15:57,Dashen Bank
In short ! I'm so proud of this app developers for their highest professional of developing. Thanks,5,2025-03-06 14:41:23,Dashen Bank
The speed is too slow. Need some improvements.,2,2025-03-06 03:03:46,Dashen Bank
good app,5,2025-03-04 10:49:10,Dashen Bank
Fantastic app,5,2025-03-01 10:53:56,Dashen Bank
Good,5,2025-02-28 21:43:31,Dashen Bank
I wish dark mode feature is add as an option but it's good app,5,2025-02-27 17:12:06,Dashen Bank
"Super Up is the ultimate digital banking app, living up to its name with speed, efficiency, and innovation. Designed for a seamless experience, it offers lightning-fast transactions, top-tier security, and effortless financial management. With Super Up, banking has never been this smooth, smart, and super!",5,2025-02-26 17:02:40,Dashen Bank
"The Dashen Super App is a game-changer in digital banking, offering a seamless and convenient experience. With its user-friendly interface, fast transactions, and a wide range of financial services, it simplifies banking for customers. Features like bill payments, fund transfers, mobile top-ups, and loan applications make it an all-in-one solution. Plus, its security measures ensure safe and reliable Experiance effortless banking",5,2025-02-26 13:30:26,Dashen Bank
ከጰነጨየጠ,2,2025-02-26 13:20:24,Dashen Bank
"It has good feature. But, it is Very Slow! difficult to pay or receive. The Speed should be improved, else I didn't recommend.",2,2025-02-24 20:23:10,Dashen Bank
Excellent app,5,2025-02-24 11:47:44,Dashen Bank
አፕልኬሽኑ አሪፍ ሆኖ ሳለ ቴሌብር ወደራስ ብቻ ለምን ሆነ እንደ ድሮው ለሰውም መላክ ቢቻል,4,2025-02-22 16:28:31,Dashen Bank
No good,1,2025-02-22 04:45:39,Dashen Bank
Wow amazing app,5,2025-02-21 11:27:50,Dashen Bank
best platform... Please avoid otp,5,2025-02-21 08:28:04,Dashen Bank
Super smart app.,5,2025-02-18 15:28:05,Dashen Bank
best 👍👍,5,2025-02-16 14:43:36,Dashen Bank
I don't know what happens but the application is not send verification pass code you should fix that,1,2025-02-16 13:01:44,Dashen Bank
This app doesn't work on my phone my phone is Samsung Galaxy s7 android version 9 All other financial apps work like telebirr CBE M_pesa...,1,2025-02-14 15:13:54,Dashen Bank
"Dashen Super app is secure, very easy to use and has more services uniquely like budgeting, chat, IPS...",5,2025-02-14 11:46:51,Dashen Bank
Amazing and user friendly supper app and looking forward the additional features,5,2025-02-14 07:33:32,Dashen Bank
it's amazing app i have seen ever,5,2025-02-13 22:00:54,Dashen Bank
One star deducted for not to able to transfer to telebirr.,4,2025-02-13 20:41:25,Dashen Bank
ጥሩ ነው ግን በደንብ ሊሸሻል ይገባል,4,2025-02-13 15:37:01,Dashen Bank
ፍጥነቱ በጣም አሪፍ ነው! እና ቀለል ያለ ነው ! ነገር ግን ተጨማሪ ወደ ቴሌብር ኤጀንት መላኪያ አፕ ቢካተትበት ጥሩ ነው::,4,2025-02-12 22:04:57,Dashen Bank
Keep up the good work and pleas add water and electric utility payment,5,2025-02-12 11:32:07,Dashen Bank
The app missed some important features 1. It does't show recent transactions 2. Transfer to Telebirr limited to own telebirr 3. The statement does't show running balance,2,2025-02-11 08:17:00,Dashen Bank
"Simple, Fast and Easy ⭐⭐⭐🎉",4,2025-02-10 21:50:05,Dashen Bank
"የሚገርም aplication ነው, ነገር ግን ብር ትራንስፈር ሲደረግ ያለ ፒን መሆኑ risk አለው ሁሉ ጊዜ የ ትራንስፈር መደምደሚያ ፒን መሆን አለበት!!!!!!!!!!!!:: አሱ ቢስተካከል 5 star አስከዛው ግን 4 ሰጥቻለው::",4,2025-02-09 13:11:56,Dashen Bank
Baankii daashin baankii hudna galeessa galatoomaa isinii woliin jirra Godina jimmaa magaalaa Aggaaroo irraa Muaz Abamecha Abamilki,5,2025-02-07 22:53:12,Dashen Bank
Good,5,2025-02-07 18:43:21,Dashen Bank
It doesn't work,1,2025-02-07 15:51:08,Dashen Bank
"#Dashen Super App; Super easy to use, secure, and fast transaction. Love it!",5,2025-02-07 14:32:13,Dashen Bank
"I tried the new Dash Bank Super App today, and it's amazingly easy and fun.I recommend you download and use it. You really like it",5,2025-02-06 20:21:48,Dashen Bank
Gud app kegza ga mezmn endze new aind ermjh kedme nachu hlam,5,2025-02-06 17:44:43,Dashen Bank
"Good app, bad security",3,2025-02-06 14:20:36,Dashen Bank
On Transaction page only show sent Transaction. Try to include received transaction.,4,2025-02-06 13:25:50,Dashen Bank
Wonderful Application 😍,5,2025-02-05 19:02:00,Dashen Bank
I loved it,5,2025-02-05 16:14:14,Dashen Bank
አሁን ገና አንድ እርምጃ ቀደማችው,5,2025-02-04 18:19:13,Dashen Bank
I am so thankful for having this best app Dashen one step ahead,5,2025-02-04 15:04:14,Dashen Bank
Not good this app,1,2025-02-04 13:32:40,Dashen Bank
Best app,5,2025-02-04 12:02:02,Dashen Bank
Excellent app ever but it needs improvement on speed and transaction lists,1,2025-02-03 21:17:30,Dashen Bank
Perfect,5,2025-02-02 23:05:20,Dashen Bank
"It does not work functional ,",1,2025-02-02 23:04:28,Dashen Bank
Ok,5,2025-02-02 00:15:21,Dashen Bank
all of dashen bank customers use the application it is good to use,5,2025-02-01 21:57:58,Dashen Bank
Gret experience,5,2025-02-01 05:43:03,Dashen Bank
All good we need more,3,2025-01-31 08:58:16,Dashen Bank
"Dashen super app is easy to use, fast and robust",5,2025-01-31 08:37:38,Dashen Bank
it was amazing app.....thank you dashen bank....,5,2025-01-30 23:28:41,Dashen Bank
Dashen bank super app for easy life.,5,2025-01-30 20:10:28,Dashen Bank
Excellent UI/UX and beyond Banking services👍👍,5,2025-01-30 17:39:16,Dashen Bank
Send to oher bank የሚለዉ ዉስጥ ገብተን ወደ addisinternational bank ለመላክ አይሰራም ሁለተኛ ደግሞ ወደ cbe birr ለመላክ account number ይጠይቃል ሞባይል ነበር ነዉ መጠየቅ ያለበት ይመስለኛል,2,2025-01-29 19:10:35,Dashen Bank
Best,5,2025-01-29 11:16:30,Dashen Bank
Just Wow,5,2025-01-29 08:41:59,Dashen Bank
mobile banking to the next level,5,2025-01-28 10:59:00,Dashen Bank
Nice,5,2025-01-25 20:20:45,Dashen Bank
The first 3 star review is me,3,2025-01-25 14:59:37,Dashen Bank
Is not working,1,2025-01-25 09:18:55,Dashen Bank
"Fast, reliable and user friendly. Amazing chatting features. Keep it up! Always one step ahead!",5,2025-01-24 20:44:34,Dashen Bank
V good ❗️,5,2025-01-24 09:40:41,Dashen Bank
"This app is literally the best thing ever The chat banking is so easy just text and it’s done Super smooth, fast, and honestly a life saverIf you haven’t downloaded it yet you’re missing out big time",5,2025-01-23 18:13:50,Dashen Bank
I only see white page,2,2025-01-23 15:52:15,Dashen Bank
Excellent banking app for all your needs! Who needs a physical branch when you can use Dashen Bank Super App Instead! I've never had an issue with anything that Dashen Bank Super App haven't handled swiftly and resolved to my satisfaction and above I don't often write reviews but this is an app/bank that I would highly recommended to everyone 💯 👌👍,5,2025-01-22 16:53:55,Dashen Bank
Amizing Application 😍,5,2025-01-22 14:17:28,Dashen Bank
Fastest and easy to use,5,2025-01-22 11:03:09,Dashen Bank
Ok,5,2025-01-21 22:26:27,Dashen Bank
ጥሩ ነው,5,2025-01-21 15:46:49,Dashen Bank
ስም ብቻ 😏,2,2025-01-21 07:06:04,Dashen Bank
Exellent app with exellent banking system and exellent bank ever,5,2025-01-21 05:57:30,Dashen Bank
Amazing app to use as usual! But why option of transferring to Telebirr and M pesa which was available on Amole app is omitted?? Dasheen is my favourite keep it up.,4,2025-01-20 19:57:00,Dashen Bank
Needs some improvement,5,2025-01-20 16:49:52,Dashen Bank
Amazing,5,2025-01-20 16:36:48,Dashen Bank
Amazing super app,5,2025-01-19 16:23:49,Dashen Bank
I hope it will be better than amole,5,2025-01-18 13:03:55,Dashen Bank
Wly Super App ilove it ❤️ 😍 💖 💕,5,2025-01-18 08:19:42,Dashen Bank
Wow,5,2025-01-17 22:14:07,Dashen Bank
Dashen yichalal. Ewnetem one step a head,5,2025-01-17 20:10:52,Dashen Bank
It has a Good performance but need more upgrade for more performance like when we login account not be fast balance show other thing looking good. Carry on. Thanks so much for Greatest service,4,2025-01-17 20:04:25,Dashen Bank
"It is a very wonderful work that has saved its time. That is why it is ""Always one step ahead!""",5,2025-01-17 12:04:57,Dashen Bank
“Life-changing!” I can’t imagine going back to traditional banking after using this app. It’s so convenient.,5,2025-01-17 10:18:44,Dashen Bank
Pro max,5,2025-01-17 08:04:15,Dashen Bank
