review,rating,date,bank,source,sentiment_label,sentiment_score
A great app. It's like carrying a bank in your pocket.,4,2025-06-07,CBE,Google Play,POSITIVE,0.8
More than garrantty bank EBC.,4,2025-06-07,CBE,Google Play,POSITIVE,0.5
really am happy to this app it is Siple to use everything,5,2025-06-07,CBE,Google Play,POSITIVE,0.8
I liked this app. But the User interface is very basic and not attractive at all.,2,2025-06-07,CBE,Google Play,NEUTRAL,0.06666666666666665
"""Why don’t your ATMs support account-to-account transfers like other countries( Kenya, Nigeria , South africa)""",4,2025-06-06,CBE,Google Play,NEGATIVE,-0.125
what is this app problem???,1,2025-06-05,CBE,Google Play,NEUTRAL,0.0
the app is proactive and a good connections.,5,2025-06-05,CBE,Google Play,POSITIVE,0.7
I cannot send to cbebirr app. through this app.,3,2025-06-05,CBE,Google Play,NEUTRAL,0.0
good,4,2025-06-05,CBE,Google Play,POSITIVE,0.7
not functional,1,2025-06-05,CBE,Google Play,NEUTRAL,0.0
"everytime you uninstall the app you have to reach them out physically. very oldy! if that's one of security layer, they'd check for fraud attempt via app source directly(source:- app store, play store ... etc) implicitly ! we are in 2025, physical presence for every app install is traditional(traditionally very rare).",1,2025-06-04,CBE,Google Play,POSITIVE,0.23416666666666666
አካውንት የምናስገባበት ቦታ ስም ጽፈን ነው ከዚህ በፊት የላክንባቸውን አካዉንቶች የምንፈልገዉ ነገር ግን አዲስ አካውንቶች mr ብለዉ የሚጀምሩ በዝተዋል ግን አፕልኬሽኑ space ስንጽፍ አይቀበልም ቢስተካከል,4,2025-06-04,CBE,Google Play,NEUTRAL,0.0
best,5,2025-06-04,CBE,Google Play,POSITIVE,1.0
bezabih,5,2025-06-04,CBE,Google Play,NEUTRAL,0.0
Best Mobile Banking app ever,5,2025-06-04,CBE,Google Play,POSITIVE,1.0
it was good app but it have some issues like it doesnt give me the right amount that I have in the bank and have some issues in transferring,2,2025-06-04,CBE,Google Play,POSITIVE,0.4928571428571428
Good,5,2025-06-04,CBE,Google Play,POSITIVE,0.7
👌👍,5,2025-06-04,CBE,Google Play,NEUTRAL,0.0
very niec,5,2025-06-04,CBE,Google Play,POSITIVE,0.2
best app of finance,5,2025-06-04,CBE,Google Play,POSITIVE,1.0
yetemeta,1,2025-06-03,CBE,Google Play,NEUTRAL,0.0
Engida Kebede Fetera,5,2025-06-03,CBE,Google Play,NEUTRAL,0.0
it is not safety,1,2025-06-03,CBE,Google Play,NEUTRAL,0.0
NICE bank,5,2025-06-03,CBE,Google Play,POSITIVE,0.6
it is like a childish app make it better the worst I have ever seen,1,2025-06-02,CBE,Google Play,NEGATIVE,-0.2333333333333333
"It's a problem solver application, go ahead CBE, I love so much.",5,2025-06-02,CBE,Google Play,POSITIVE,0.35
It's good but try to make it facilitate for your client,4,2025-06-02,CBE,Google Play,POSITIVE,0.7
best app,5,2025-06-01,CBE,Google Play,POSITIVE,1.0
Awesome bank,5,2025-06-01,CBE,Google Play,POSITIVE,1.0
this app has developed in a very good ways but there are some comments I need to make 1- preventing the screenshot likely not good for someone like me coz I need to make screenshot for quicker evidence. 2-it would be good if you make us to access recent transaction histories for 30 days coz we don't have to go to the Bank's in person to see old transactions or add colander category so user can easily access old transactions through colanders.,5,2025-05-31,CBE,Google Play,POSITIVE,0.2214814814814815
Masha alla,5,2025-05-31,CBE,Google Play,NEUTRAL,0.0
"Recently there is big problem when sending to safaricom, telebir, and even to cbebirr wallet could anybody who is responsible fix it, it's very frustrating it's been 5 days and my money hasn't been returned it takes it out of my account but doesn't send it to my mpesa update- they have just corrected it and sent me back the money but still I'm afraid now to send again",2,2025-05-31,CBE,Google Play,NEGATIVE,-0.15333333333333332
better service,5,2025-05-31,CBE,Google Play,POSITIVE,0.5
"it,s good app and time manager 👍",5,2025-05-30,CBE,Google Play,POSITIVE,0.7
malkaamuu Jiidhaa Namoo,5,2025-05-30,CBE,Google Play,NEUTRAL,0.0
lower system everything,3,2025-05-30,CBE,Google Play,NEUTRAL,0.0
Nice!,5,2025-05-30,CBE,Google Play,POSITIVE,0.75
Keep it up My CBE,5,2025-05-29,CBE,Google Play,NEUTRAL,0.0
yes good,5,2025-05-28,CBE,Google Play,POSITIVE,0.7
"I was using this app for the last two years with no problems. It stopped working about 3 months ago. when I tried to transfer funds it gives me error ""can't do this transaction. inactive account.""",4,2025-05-27,CBE,Google Play,NEUTRAL,0.0
i like everything of this app,5,2025-05-27,CBE,Google Play,NEUTRAL,0.0
🤬🤬🤬🤬 network 🛜,1,2025-05-26,CBE,Google Play,NEUTRAL,0.0
Best,5,2025-05-26,CBE,Google Play,POSITIVE,1.0
CBE is the best financial application and and very dimple to use. I would like to say thank you so much for the developer of application. I really appreciate this app.,5,2025-05-26,CBE,Google Play,POSITIVE,0.31999999999999995
nice,5,2025-05-26,CBE,Google Play,POSITIVE,0.6
good job,5,2025-05-26,CBE,Google Play,POSITIVE,0.7
it's awesome!!,5,2025-05-25,CBE,Google Play,POSITIVE,1.0
thankyou every one,5,2025-05-25,CBE,Google Play,NEUTRAL,0.0
Ronaldo 🇵🇹 🥇,5,2025-05-25,CBE,Google Play,NEUTRAL,0.0
"this app is absolutely fantastic I love it and I enjoying to it ,let us support this foundation together .",5,2025-05-25,CBE,Google Play,POSITIVE,0.4666666666666666
"The CBE app has been highly unreliable in recent weeks. It frequently fails to work properly on both Ethio Telecom and Safaricom networks, whether using Wi-Fi or mobile data. This week, the system was down entirely for extended periods, making it very difficult to access banking services. The app only functions intermittently, and the lack of consistency is frustrating. I hope the issues are addressed soon, and that any non-technical influences are removed from such essential services.",2,2025-05-25,CBE,Google Play,NEGATIVE,-0.1405050505050505
mortuary app,5,2025-05-25,CBE,Google Play,NEUTRAL,0.0
it is smart app but it has stoped after some period of time on my device with out any reason .,5,2025-05-25,CBE,Google Play,POSITIVE,0.21428571428571427
amazing app I am used this app for one year,4,2025-05-24,CBE,Google Play,POSITIVE,0.6000000000000001
👍,5,2025-05-24,CBE,Google Play,NEUTRAL,0.0
good app,5,2025-05-24,CBE,Google Play,POSITIVE,0.7
i love it 😍😘,5,2025-05-24,CBE,Google Play,POSITIVE,0.5
It makes life easy!👌,5,2025-05-24,CBE,Google Play,NEUTRAL,0.0
its not fast,1,2025-05-24,CBE,Google Play,NEUTRAL,-0.1
wow,4,2025-05-24,CBE,Google Play,NEUTRAL,0.1
it is sooo good,5,2025-05-24,CBE,Google Play,POSITIVE,0.7
excellent,5,2025-05-24,CBE,Google Play,POSITIVE,1.0
ok,1,2025-05-24,CBE,Google Play,POSITIVE,0.5
Fantastic,5,2025-05-23,CBE,Google Play,POSITIVE,0.4
accessible to using,5,2025-05-23,CBE,Google Play,POSITIVE,0.375
I like it,4,2025-05-23,CBE,Google Play,NEUTRAL,0.0
why you change default network?,5,2025-05-23,CBE,Google Play,NEUTRAL,0.0
very nice 👍,5,2025-05-23,CBE,Google Play,POSITIVE,0.78
nice fast app,5,2025-05-23,CBE,Google Play,POSITIVE,0.4
how to I get my money,5,2025-05-23,CBE,Google Play,NEUTRAL,0.0
"Very bad, can't even load they need to improve their services.",1,2025-05-22,CBE,Google Play,NEGATIVE,-0.9099999999999998
"Very good app, but please make it reliable . it crashes sometimes .",4,2025-05-22,CBE,Google Play,POSITIVE,0.9099999999999999
very busy I don't know why... I prefer 889,3,2025-05-22,CBE,Google Play,POSITIVE,0.13
"Sometimes it has a nasty lag for several hour fix that , the rest is 👌",4,2025-05-22,CBE,Google Play,NEGATIVE,-0.5
the most boring Mobil banking application in ethiopia.Please use alternative private banks mobile banking apps,1,2025-05-22,CBE,Google Play,NEGATIVE,-0.16666666666666666
hojii bonsaadha,5,2025-05-22,CBE,Google Play,NEUTRAL,0.0
user-friendly apps.because this app is easy.,5,2025-05-22,CBE,Google Play,POSITIVE,0.43333333333333335
Awosome!!!,5,2025-05-22,CBE,Google Play,NEUTRAL,0.0
"Very good app,",5,2025-05-22,CBE,Google Play,POSITIVE,0.9099999999999999
sync problem may 22 2025 but the date stack on may 8 2025 help pls,5,2025-05-22,CBE,Google Play,NEUTRAL,0.0
ይህ መተግበሪያ በጣም ጥሩ ነው. this app is very nice,5,2025-05-22,CBE,Google Play,POSITIVE,0.78
I hate this app 😒,1,2025-05-22,CBE,Google Play,NEGATIVE,-0.8
trustful,5,2025-05-22,CBE,Google Play,NEUTRAL,0.0
I like,5,2025-05-22,CBE,Google Play,NEUTRAL,0.0
update issue,4,2025-05-22,CBE,Google Play,NEUTRAL,0.0
its not working over safari network,1,2025-05-22,CBE,Google Play,NEUTRAL,0.0
oldie,1,2025-05-22,CBE,Google Play,NEUTRAL,0.0
it doesn't work,1,2025-05-21,CBE,Google Play,NEUTRAL,0.0
"This app is good, and we are using it well",1,2025-05-21,CBE,Google Play,POSITIVE,0.7
very nice 👌 app for android phone,5,2025-05-21,CBE,Google Play,POSITIVE,0.78
Yes Yes,5,2025-05-21,CBE,Google Play,NEUTRAL,0.0
በጣም ከርፋፋ,1,2025-05-21,CBE,Google Play,NEUTRAL,0.0
easy to use helpful in my life,5,2025-05-21,CBE,Google Play,POSITIVE,0.43333333333333335
good 👍,4,2025-05-21,CBE,Google Play,POSITIVE,0.7
the best mobile banking app,5,2025-05-21,CBE,Google Play,POSITIVE,1.0
"this app is very useful app,it saves time,and it is secure",4,2025-05-21,CBE,Google Play,POSITIVE,0.395
it's a good application 👍,5,2025-05-21,CBE,Google Play,POSITIVE,0.7
the screenshot and the reffresh options are so annoying that makes transaction so delaying activity !,2,2025-05-21,CBE,Google Play,NEGATIVE,-1.0
poor service,1,2025-05-21,CBE,Google Play,NEGATIVE,-0.4
amazing,5,2025-05-20,CBE,Google Play,POSITIVE,0.6000000000000001
it is reliable and easy to use.,5,2025-05-20,CBE,Google Play,POSITIVE,0.43333333333333335
the most annoying mobile banking app I've ever seen,1,2025-05-20,CBE,Google Play,NEGATIVE,-0.15000000000000002
Cbe mobile banking,5,2025-05-20,CBE,Google Play,NEUTRAL,0.0
"i can't make Screenshout in this app, please made modification",5,2025-05-20,CBE,Google Play,NEUTRAL,0.0
Best app I loved it,5,2025-05-19,CBE,Google Play,POSITIVE,0.85
nice app,5,2025-05-19,CBE,Google Play,POSITIVE,0.6
Amazing applicatiom sometimes doesnt work!,5,2025-05-18,CBE,Google Play,POSITIVE,0.7500000000000001
well satisfied with this beautiful app,5,2025-05-18,CBE,Google Play,POSITIVE,0.675
very good,4,2025-05-17,CBE,Google Play,POSITIVE,0.9099999999999999
best app.,5,2025-05-17,CBE,Google Play,POSITIVE,1.0
"not working,why???",5,2025-05-17,CBE,Google Play,NEUTRAL,0.0
Great impact but why Developer option turnoff if you fix 🙏 🙏 🙏,5,2025-05-17,CBE,Google Play,POSITIVE,0.8
always disappointing ! especially the iOS one !! some similar local applications are extremely superior to this application!! Really disappointing!,1,2025-05-17,CBE,Google Play,NEUTRAL,-0.08333333333333333
woxe harimo ribiso,5,2025-05-17,CBE,Google Play,NEUTRAL,0.0
"Good ,easy to use",5,2025-05-16,CBE,Google Play,POSITIVE,0.5666666666666667
Good app,5,2025-05-15,CBE,Google Play,POSITIVE,0.7
Good job👍,5,2025-05-14,CBE,Google Play,POSITIVE,0.7
"Please kindly ask to update the app and allow us to screenshot, it's convenient and efficient as long as you add security to the access there is no reason to block us from screenshooting our screen.",2,2025-05-14,CBE,Google Play,POSITIVE,0.27499999999999997
I have using the CBE mobile banking app. and overall i appreciate its Feuteres However i.ve Notticed that when i turn on the Developer options on my divice the App.Stop Functioning prorerly It.Would Be Great If You could look into This issue as l often need to access Developer setting for Otter Application ThankYou For Your attention to This Matter,4,2025-05-13,CBE,Google Play,POSITIVE,0.4
customer service is bad nothing is good about this bank,1,2025-05-13,CBE,Google Play,NEUTRAL,5.551115123125783e-17
It is Amazing Mobile Banking App....But why the screenshot of the receipt doesnt work,5,2025-05-13,CBE,Google Play,POSITIVE,0.6000000000000001
fast and simple easy to use 👌,5,2025-05-12,CBE,Google Play,POSITIVE,0.2111111111111111
The fastest transferring app I ever had its so reliable,5,2025-05-11,CBE,Google Play,NEUTRAL,0.0
"Funds transferred from the same bank do not reflect in the account, even though a confirmation text message was received.",3,2025-05-11,CBE,Google Play,NEUTRAL,0.0
it's easy and fast,5,2025-05-10,CBE,Google Play,POSITIVE,0.31666666666666665
This app don't have self activation only you have to look near cbe branch that's disgusting,1,2025-05-10,CBE,Google Play,NEGATIVE,-0.3
hello dearest CBE office personnel make some benefits for those using interest free accounts thanks for your help,5,2025-05-09,CBE,Google Play,POSITIVE,0.30000000000000004
wow best application ever,5,2025-05-09,CBE,Google Play,POSITIVE,0.55
"Am sorry but what does developer mode do to the application ? hack it ? are you sure you are developer or are you stupid, doesnt makes sense,",1,2025-05-08,CBE,Google Play,NEGATIVE,-0.26666666666666666
the pride of Ethiopian bank 🏦,5,2025-05-08,CBE,Google Play,NEUTRAL,0.0
why the app telling me to turn of developer options please fix it.,1,2025-05-07,CBE,Google Play,NEUTRAL,0.0
i am very happy . i have small prob. after i transfer i cant put the transfer cashe bil to my dic.,5,2025-05-07,CBE,Google Play,POSITIVE,0.375
amazing apps,5,2025-05-06,CBE,Google Play,POSITIVE,0.6000000000000001
All service of Mobile Banking,5,2025-05-06,CBE,Google Play,NEUTRAL,0.0
needs improvement,1,2025-05-06,CBE,Google Play,NEUTRAL,0.0
i miss the old one i couldn't send my mony to other bank..,1,2025-05-06,CBE,Google Play,NEUTRAL,-0.012499999999999997
the app is recently crushing each time you open and try to make transfers...it used to be good. take lessons from the Dashen Super app or ethiotelecom. it is not befitting of your experience and glory. inv3st in making it more friendly and convenient. I am considering leaving CBE for good.,2,2025-05-06,CBE,Google Play,POSITIVE,0.42976190476190484
good but these week not oky,4,2025-05-06,CBE,Google Play,POSITIVE,0.7
well designed! Fixing bugs & two step verification with biometric... simply it's great!,5,2025-05-06,CBE,Google Play,POSITIVE,1.0
If any developer is reading this please fix the screenshot functionality or at least the download button should work flawlessly without me touching it twenty times.,1,2025-05-05,CBE,Google Play,POSITIVE,0.39999999999999997
"it's a great job.but one more thing, it hasn't been placed for transfer to other banks on face like mobile charge card place",5,2025-05-05,CBE,Google Play,POSITIVE,0.39166666666666666
CBE mobilr bankg,5,2025-05-05,CBE,Google Play,NEUTRAL,0.0
verygood,3,2025-05-05,CBE,Google Play,NEUTRAL,0.0
ممتاز جدا,5,2025-05-04,CBE,Google Play,NEUTRAL,0.0
it's very low quality application,1,2025-05-04,CBE,Google Play,NEUTRAL,0.0
Very Amazing Apps,5,2025-05-04,CBE,Google Play,POSITIVE,0.7800000000000001
አዛ,1,2025-05-04,CBE,Google Play,NEUTRAL,0.0
wow simple life,5,2025-05-04,CBE,Google Play,NEUTRAL,0.05
it's nice,5,2025-05-03,CBE,Google Play,POSITIVE,0.6
Why stacked sometimes,5,2025-05-03,CBE,Google Play,NEUTRAL,0.0
okay 👍 but sometimes busy,1,2025-05-03,CBE,Google Play,POSITIVE,0.3
the worst commercial company that fails to do even the most normal things again and and again.,1,2025-05-03,CBE,Google Play,NEGATIVE,-0.16999999999999998
Very good app. but disappointed by general cessation of system.,5,2025-05-02,CBE,Google Play,NEUTRAL,0.06999999999999998
Good and fast,5,2025-05-02,CBE,Google Play,POSITIVE,0.44999999999999996
Unreliable!,1,2025-05-02,CBE,Google Play,NEUTRAL,0.0
Best the best fast,5,2025-05-02,CBE,Google Play,POSITIVE,0.7333333333333334
happy,5,2025-05-02,CBE,Google Play,POSITIVE,0.8
fast and reliable,5,2025-05-02,CBE,Google Play,POSITIVE,0.2
network errorrrrrr,2,2025-05-02,CBE,Google Play,NEUTRAL,0.0
Best app but there is some problem I can't send money to telebirr or mpesa so if you can add that it could be use full,4,2025-05-02,CBE,Google Play,POSITIVE,0.675
its good and simple to use,5,2025-05-02,CBE,Google Play,POSITIVE,0.35
worest app like that bank for security and network access,1,2025-05-02,CBE,Google Play,NEUTRAL,0.0
it's the best app i,5,2025-05-02,CBE,Google Play,POSITIVE,1.0
not bad not good,1,2025-05-02,CBE,Google Play,NEUTRAL,-2.7755575615628914e-17
its very nice,5,2025-05-02,CBE,Google Play,POSITIVE,0.78
do not work this week,3,2025-04-30,CBE,Google Play,NEUTRAL,0.0
It crashes frequently,4,2025-04-30,CBE,Google Play,NEUTRAL,0.1
the best,5,2025-04-28,CBE,Google Play,POSITIVE,1.0
"I can simply describe this app as ""Making all your work easier"".",5,2025-04-28,CBE,Google Play,NEUTRAL,0.0
goid,5,2025-04-28,CBE,Google Play,NEUTRAL,0.0
best appearance,5,2025-04-27,CBE,Google Play,POSITIVE,1.0
it's very good 👍 app,5,2025-04-27,CBE,Google Play,POSITIVE,0.9099999999999999
I need support you,5,2025-04-27,CBE,Google Play,NEUTRAL,0.0
the worst Mobile banking i have ever seen in my life,1,2025-04-26,CBE,Google Play,NEGATIVE,-1.0
super,5,2025-04-26,CBE,Google Play,POSITIVE,0.3333333333333333
ጠጀጨገጀ።ጀገ,5,2025-04-26,CBE,Google Play,NEUTRAL,0.0
i like the app,5,2025-04-26,CBE,Google Play,NEUTRAL,0.0
the Best,1,2025-04-26,CBE,Google Play,POSITIVE,1.0
to other bank is bad,1,2025-04-25,CBE,Google Play,NEGATIVE,-0.4124999999999999
tank's,5,2025-04-25,CBE,Google Play,NEUTRAL,0.0
its good but add more features such like. bank statement showing,5,2025-04-24,CBE,Google Play,POSITIVE,0.39999999999999997
it is so nice,5,2025-04-24,CBE,Google Play,POSITIVE,0.6
Very Good👍,5,2025-04-21,CBE,Google Play,POSITIVE,0.2
"my first frequent experience of cbe app is critical-time failure such as suspending payment on air for 2-5 days with zero explanation, deducting from sender account without depositing to the receiver act. Another fatal error by the banking company as a whole (not the app itself though) is forced-banking with corporations without consent of employers-users of the corresponding corporations",2,2025-04-21,CBE,Google Play,NEUTRAL,0.04666666666666667
"wow, amazing app",5,2025-04-21,CBE,Google Play,POSITIVE,0.35000000000000003
use ful,5,2025-04-21,CBE,Google Play,NEUTRAL,0.0
Great app,5,2025-04-21,CBE,Google Play,POSITIVE,0.8
well app,5,2025-04-20,CBE,Google Play,NEUTRAL,0.0
Actually it is inactive,4,2025-04-19,CBE,Google Play,NEUTRAL,0.0
"slow, only one account is used",2,2025-04-19,CBE,Google Play,NEGATIVE,-0.15000000000000002
always CBE is the leading Commercial Bank💪💪💪,5,2025-04-18,CBE,Google Play,NEUTRAL,0.0
i like it,5,2025-04-18,CBE,Google Play,NEUTRAL,0.0
why removing screenshot feature why?,1,2025-04-18,CBE,Google Play,NEUTRAL,0.0
nice apps where network is good in connection,5,2025-04-18,CBE,Google Play,POSITIVE,0.6499999999999999
Thank you!!!,5,2025-04-18,CBE,Google Play,NEUTRAL,0.0
i can't take screenshot,1,2025-04-18,CBE,Google Play,NEUTRAL,0.0
"every update was made the system better and better until the March 19th, 2025 update, not allowing us to screenshot. you guys didn't understand how much it's a really quick and significant thing. You add extra steps to us, which makes the process draw back",3,2025-04-18,CBE,Google Play,POSITIVE,0.2847222222222222
perfectly special,5,2025-04-18,CBE,Google Play,POSITIVE,0.35714285714285715
Fast and Reliable,5,2025-04-18,CBE,Google Play,POSITIVE,0.2
The best application I have ever seen in Ethiopia banking industry.,5,2025-04-17,CBE,Google Play,POSITIVE,1.0
great app!!!,5,2025-04-17,CBE,Google Play,POSITIVE,1.0
because sometimes it doesn't working it load too much,3,2025-04-17,CBE,Google Play,POSITIVE,0.2
"Absolutely the best app! It works flawlessly, anytime and anywhere.",5,2025-04-17,CBE,Google Play,POSITIVE,0.7333333333333334
very nice app ever!!!,5,2025-04-16,CBE,Google Play,POSITIVE,1.0
the best app,5,2025-04-16,CBE,Google Play,POSITIVE,1.0
Biometric security for mobile banking is not available,5,2025-04-16,CBE,Google Play,NEGATIVE,-0.2
great,5,2025-04-15,CBE,Google Play,POSITIVE,0.8
Nice service,5,2025-04-15,CBE,Google Play,POSITIVE,0.6
great app,5,2025-04-15,CBE,Google Play,POSITIVE,0.8
it's special apps,5,2025-04-15,CBE,Google Play,POSITIVE,0.35714285714285715
"In the updated version of the app, it takes more time to download the receipt.",3,2025-04-15,CBE,Google Play,POSITIVE,0.5
ለምንድነው ትራንዛክሽን ትንሽ ብቻ የሚያሳየው ?,3,2025-04-14,CBE,Google Play,NEUTRAL,0.0
Good 🔥,5,2025-04-14,CBE,Google Play,POSITIVE,0.7
very interesting app i am using every day fantastic,5,2025-04-14,CBE,Google Play,POSITIVE,0.525
lebaa bank,5,2025-04-14,CBE,Google Play,NEUTRAL,0.0
Can't scan/recognize other banks' Interoperable QR Codes,1,2025-04-13,CBE,Google Play,NEGATIVE,-0.125
OK,5,2025-04-13,CBE,Google Play,POSITIVE,0.5
grateful app,5,2025-04-13,CBE,Google Play,NEUTRAL,0.0
100% ❤️❤️❤️🙏🙏🙏🙏🙏🙏🙏🙏🙏🙏🙏🙏🙏🙏🙏🙏,5,2025-04-13,CBE,Google Play,NEUTRAL,0.0
everthing wellbeok,3,2025-04-13,CBE,Google Play,NEUTRAL,0.0
"""This mobile banking app is fast and user-friendly, but the only issue I encountered is that I can't access my bank statement within the app. I kindly request that this feature be added, similar to what is offered by other private bank mobile banking apps.",4,2025-04-13,CBE,Google Play,POSITIVE,0.1125
nice app 👌,5,2025-04-12,CBE,Google Play,POSITIVE,0.6
why did this app is not screenshot,5,2025-04-12,CBE,Google Play,NEUTRAL,0.0
it so good app,5,2025-04-12,CBE,Google Play,POSITIVE,0.7
جميل,5,2025-04-11,CBE,Google Play,NEUTRAL,0.0
"less network, specially to make fee for utility purpose",1,2025-04-11,CBE,Google Play,NEUTRAL,0.09523809523809525
simply for used,4,2025-04-11,CBE,Google Play,NEUTRAL,0.0
wow keep up,5,2025-04-10,CBE,Google Play,NEUTRAL,0.1
its great app but when updating we can't take screen shot please try to fix it,3,2025-04-10,CBE,Google Play,POSITIVE,0.8
good one,5,2025-04-10,CBE,Google Play,POSITIVE,0.7
everything is easy thank you cebe,5,2025-04-10,CBE,Google Play,POSITIVE,0.43333333333333335
ፈጣን ቀልጣፋ,5,2025-04-10,CBE,Google Play,NEUTRAL,0.0
ጎበዝ,5,2025-04-09,CBE,Google Play,NEUTRAL,0.0
but this app says can't sync,5,2025-04-09,CBE,Google Play,NEUTRAL,0.0
waw,5,2025-04-09,CBE,Google Play,NEUTRAL,0.0
to slow,3,2025-04-09,CBE,Google Play,NEGATIVE,-0.30000000000000004
work on screen shot system,4,2025-04-08,CBE,Google Play,NEUTRAL,0.0
very very nice aplication,1,2025-04-08,CBE,Google Play,POSITIVE,0.78
wonder full and it is easy to use,5,2025-04-08,CBE,Google Play,POSITIVE,0.39166666666666666
easy and reliable,2,2025-04-08,CBE,Google Play,POSITIVE,0.43333333333333335
it is Very Useful app 👍,5,2025-04-07,CBE,Google Play,POSITIVE,0.39
perfect app,5,2025-04-07,CBE,Google Play,POSITIVE,1.0
I like it.,5,2025-04-07,CBE,Google Play,NEUTRAL,0.0
bugs,3,2025-04-07,CBE,Google Play,NEUTRAL,0.0
commerial Bank,5,2025-04-06,CBE,Google Play,NEUTRAL,0.0
Genat biru,2,2025-04-06,CBE,Google Play,NEUTRAL,0.0
🙏,5,2025-04-06,CBE,Google Play,NEUTRAL,0.0
it is good but it doesn't allow screen shot,4,2025-04-06,CBE,Google Play,POSITIVE,0.7
the best one,5,2025-04-06,CBE,Google Play,POSITIVE,1.0
You need to copy many things from other bank apps like Amole(Dashen),2,2025-04-06,CBE,Google Play,POSITIVE,0.1875
bring back the screenshot feature.,1,2025-04-05,CBE,Google Play,NEUTRAL,0.0
Good!👍,3,2025-04-05,CBE,Google Play,NEUTRAL,0.0
best app to experience him that to smooth transaction among the customers,1,2025-04-05,CBE,Google Play,POSITIVE,0.7
nice app suitable to use it. the only weak side is it need data connections and hoping will be fixed to offline i gave 4 rate,4,2025-04-05,CBE,Google Play,POSITIVE,0.175
easy to use,5,2025-04-05,CBE,Google Play,POSITIVE,0.43333333333333335
"Good job to the CBE team on this mobile app! It's designed in a way that's simple and intuitive to navigate, which is great for everyone. It effectively handles the essential banking tasks I need to perform regularly. It's a practical and reliable tool that makes everyday banking much more convenient. Thank you for this useful application.",5,2025-04-04,CBE,Google Play,POSITIVE,0.3194444444444444
ለኔ በጣም ምርጥ ነው ግን screenshot ማረግ ቢቻል ምርጥ ነበር,5,2025-04-04,CBE,Google Play,NEUTRAL,0.0
before it was smooth and good. this time after the new update in 2025 i can not make screenshot of my recite. even the downlod button is very delayed in putting my recite in my gallery for simple proof. please fix this i am unable to show proof of payment to my clients. thankyou.,3,2025-04-04,CBE,Google Play,POSITIVE,0.15606060606060604
cool ❤,4,2025-04-04,CBE,Google Play,POSITIVE,0.35
Best app,5,2025-04-04,CBE,Google Play,POSITIVE,1.0
best banking App,4,2025-04-03,CBE,Google Play,POSITIVE,1.0
satisfied,5,2025-04-03,CBE,Google Play,POSITIVE,0.5
this app is very necessary app many people found it,5,2025-04-03,CBE,Google Play,POSITIVE,0.25
cbe very active Bank I'm using CBE app very very satisfaction,5,2025-04-03,CBE,Google Play,NEUTRAL,0.043333333333333335
It made life alot easier. I cant even imagine having to make all those transactions in person. So this app was crucial for me. Very good app. well done.,5,2025-04-03,CBE,Google Play,POSITIVE,0.45499999999999996
perfect,5,2025-04-03,CBE,Google Play,POSITIVE,1.0
thankyou,5,2025-04-02,CBE,Google Play,NEUTRAL,0.0
I Like it,5,2025-04-02,CBE,Google Play,NEUTRAL,0.0
"I don't understand the reason, why I need to disable developer options to access the app, it has no security risks nor does it hinder the app's functionalities. This goes out to the dev, I hope your life is filled with inconveniences.",1,2025-04-02,CBE,Google Play,POSITIVE,0.4
smart app,5,2025-04-02,CBE,Google Play,POSITIVE,0.21428571428571427
isin ga'a,2,2025-04-02,CBE,Google Play,NEUTRAL,0.0
it's great,5,2025-04-02,CBE,Google Play,POSITIVE,0.8
very good app and stars faction with work,5,2025-04-02,CBE,Google Play,POSITIVE,0.9099999999999999
It is excelent,5,2025-04-01,CBE,Google Play,NEUTRAL,0.0
Smart,5,2025-04-01,CBE,Google Play,POSITIVE,0.21428571428571427
በየወሩ አፕደት እየጠየቀኝ ነው ለነገሩ ብር ስሌለኝ ይሆናል እና ምን ለማለት ፈልገ መሰላቹ ወላህ ቼግሮኛል 🥺🥺🥺,3,2025-04-01,CBE,Google Play,NEUTRAL,0.0
very interesting app,5,2025-04-01,CBE,Google Play,POSITIVE,0.65
wow.......cbe.....keep it up.....!!!!!!,5,2025-04-01,CBE,Google Play,NEUTRAL,0.0
ጊዜን ቆጣቢ እና ህይወትን ቀለል ከሚያደርጉ ኢትዬጲያ ካሉ ፋይናንስ አፕልኬሽኖች ሁሉ ይሄ ይለያል,5,2025-04-01,CBE,Google Play,NEUTRAL,0.0
Excellent🙏app,5,2025-04-01,CBE,Google Play,NEUTRAL,0.0
the most useful,5,2025-04-01,CBE,Google Play,POSITIVE,0.4
I am more satisfied in this app . More sure you have to secure.,4,2025-04-01,CBE,Google Play,POSITIVE,0.48
Easy to use,5,2025-04-01,CBE,Google Play,POSITIVE,0.43333333333333335
"very good, but sometimes NUR CBE comes without my consent. even if I choose locked, it appears",4,2025-04-01,CBE,Google Play,POSITIVE,0.9099999999999999
Excellent !!!,5,2025-04-01,CBE,Google Play,POSITIVE,1.0
always we relay on,5,2025-04-01,CBE,Google Play,NEUTRAL,0.0
I'm lucky to have this🙏 thank you CBE.,5,2025-04-01,CBE,Google Play,POSITIVE,0.3333333333333333
it's need more improvement like Tellbirr.,4,2025-04-01,CBE,Google Play,POSITIVE,0.5
goode app,5,2025-04-01,CBE,Google Play,NEUTRAL,0.0
a very nice app.👍👍👍,5,2025-04-01,CBE,Google Play,POSITIVE,0.78
safe easy & fast,5,2025-04-01,CBE,Google Play,POSITIVE,0.37777777777777777
it's good app,5,2025-04-01,CBE,Google Play,POSITIVE,0.7
It is veary useful app but screen shout was impossible .solve this problem,5,2025-04-01,CBE,Google Play,NEGATIVE,-0.18333333333333332
ጥሩ ነው,5,2025-04-01,CBE,Google Play,NEUTRAL,0.0
እጅግ በጣም ጥሩ አፕ,5,2025-04-01,CBE,Google Play,NEUTRAL,0.0
በጣም ሃሪፍ ነው ግን ብር በሚተላለፍበት ወቅት ተቀንሷል ይላል እላፊ መልክቱ ይደርሳል ግን አይቀንስም,5,2025-04-01,CBE,Google Play,NEUTRAL,0.0
suitable app,4,2025-04-01,CBE,Google Play,POSITIVE,0.55
Dear cbe this app is not comparable with 21century and pls try to solve it.💀💀💀,1,2025-04-01,CBE,Google Play,NEUTRAL,0.0
best transaction method of financial,5,2025-04-01,CBE,Google Play,POSITIVE,0.5
#CBE is Now going to on the right Pathway/track/!! Thank you CBE one step ahead on payment platform app!!,5,2025-04-01,CBE,Google Play,POSITIVE,0.6975446428571428
It literarily don't work at all,4,2025-04-01,CBE,Google Play,NEUTRAL,0.1
good give us plus,5,2025-04-01,CBE,Google Play,POSITIVE,0.7
"Very good application. However, I have one functionality recommendation. What if you let the app transfer money to any telebirr account as for MPESA? By the way, I am not the only one to ask this. Thank you!",4,2025-04-01,CBE,Google Play,POSITIVE,0.45499999999999996
before update it was able to screenshot while after update I can't able to screenshot the transfere details,4,2025-04-01,CBE,Google Play,POSITIVE,0.5
Tnc Cbe,5,2025-04-01,CBE,Google Play,NEUTRAL,0.0
it is good app. But you have integrate cbe with cbe birr. to allow cardless withdrawal directly from our accout!,4,2025-03-31,CBE,Google Play,POSITIVE,0.4125
great apps,5,2025-03-31,CBE,Google Play,POSITIVE,0.8
Excellent,5,2025-03-31,CBE,Google Play,POSITIVE,1.0
Great app!,4,2025-03-31,CBE,Google Play,POSITIVE,1.0
CBE,5,2025-03-31,CBE,Google Play,NEUTRAL,0.0
very good 👍 👏,5,2025-03-31,CBE,Google Play,POSITIVE,0.9099999999999999
great when it works,5,2025-03-31,CBE,Google Play,POSITIVE,0.8
"the app is very good, but why screenshots is impossible?",5,2025-03-31,CBE,Google Play,POSITIVE,0.12166666666666665
excellent match application,5,2025-03-31,CBE,Google Play,POSITIVE,1.0
The Best app😍😍😍,5,2025-03-31,CBE,Google Play,POSITIVE,1.0
excellent app,5,2025-03-31,CBE,Google Play,POSITIVE,1.0
easy to use and user friendly,5,2025-03-31,CBE,Google Play,POSITIVE,0.4041666666666667
very nice,5,2025-03-31,CBE,Google Play,POSITIVE,0.78
አሪፍ ነው በተለይ የአሻራ ደህነቱ መረጋገጡ ተመችቶኛል,3,2025-03-31,CBE,Google Play,NEUTRAL,0.0
well software,5,2025-03-31,CBE,Google Play,NEUTRAL,0.0
ጥሩ ነው አንዳንዴ ስታክ ቢያደርግም,4,2025-03-31,CBE,Google Play,NEUTRAL,0.0
it's not working,3,2025-06-05,Bank of Abyssinia,Google Play,NEUTRAL,0.0
"Hello, I’m facing a problem with the BOA Mobile app. Every time I enter my phone number and password, the app crashes and shows an error that says “BoaMobile closed because this app has a bug.” I tried updating, reinstalling, and clearing cache, but nothing worked. Please fix this bug in the next update. I really need access to my account. Thank you.",1,2025-06-03,Bank of Abyssinia,Google Play,NEUTRAL,0.03333333333333333
exceptional,5,2025-06-03,Bank of Abyssinia,Google Play,POSITIVE,0.6666666666666666
BoA Mobile good bank,5,2025-06-02,Bank of Abyssinia,Google Play,POSITIVE,0.7
this is worest app 24/7 loading,1,2025-06-01,Bank of Abyssinia,Google Play,NEUTRAL,0.0
This App is not interest for Android phone Please update it .,1,2025-06-01,Bank of Abyssinia,Google Play,NEUTRAL,0.0
BoA system is confartable,5,2025-06-01,Bank of Abyssinia,Google Play,NEUTRAL,0.0
"this app, for me , is a waste of time. It doesn't work . I can't even long in, and it really piss me off. FIX THE PROBLEM",1,2025-05-27,Bank of Abyssinia,Google Play,NEUTRAL,-0.016666666666666663
Good service.,3,2025-05-25,Bank of Abyssinia,Google Play,POSITIVE,0.7
the app crush frequently,1,2025-05-24,Bank of Abyssinia,Google Play,NEUTRAL,0.1
You guys keeps getting worst,1,2025-05-22,Bank of Abyssinia,Google Play,NEGATIVE,-1.0
"This app is a joke. It crashes more than it works, takes forever to load, and half the features are just decorative at this point. Can’t log in, can’t transfer money, can’t even check my balance without it bugging out. To the developer: Are you actually trying to make this work, or is this some kind of social experiment to test our patience? Did you build this in your sleep? Because it definitely looks like it. If this is your idea of a functional app, maybe consider a different career path🙏",1,2025-05-21,Bank of Abyssinia,Google Play,POSITIVE,0.1380952380952381
BoA,2,2025-05-20,Bank of Abyssinia,Google Play,NEUTRAL,0.0
but not opening on android,4,2025-05-19,Bank of Abyssinia,Google Play,NEUTRAL,0.0
Worst App ever. Totally unreliable. And it didn't work at all for the last 4 months.,1,2025-05-18,Bank of Abyssinia,Google Play,NEGATIVE,-0.3333333333333333
ሞላዬ ከበደ,5,2025-05-14,Bank of Abyssinia,Google Play,NEUTRAL,0.0
"this app does no work on Samsung a51, it just gives a preview of the logo",1,2025-05-11,Bank of Abyssinia,Google Play,NEUTRAL,0.0
"i entered incorrect security question by mistake boa app lock pin forever, why is there no other options? ?? i contacted different branchs more then 4times but they didn't able to solve this issue .",5,2025-05-10,Bank of Abyssinia,Google Play,POSITIVE,0.265625
liking this application good 👍,5,2025-05-07,Bank of Abyssinia,Google Play,POSITIVE,0.7
"This app future is good, but there is problems with apps to reset and activate it, which is difficult even to the branch staffs, and it takes too long times to active at the branch plus most of the time high expected failure of activation after process at the counter and OTP sent not work",1,2025-05-06,Bank of Abyssinia,Google Play,NEUTRAL,0.02888888888888889
it's really good 👍,5,2025-04-23,Bank of Abyssinia,Google Play,POSITIVE,0.7
Bad app . it stuck when you open and noting WORKS.,1,2025-04-23,Bank of Abyssinia,Google Play,NEGATIVE,-0.3499999999999999
"the app isn't working after it asked me the password it starts loading, but it doesn't open",3,2025-04-20,Bank of Abyssinia,Google Play,NEUTRAL,0.0
It keeps showing this pop up to turn off developer options even tho it's off! I had to turn on and then off to make it work! This is a horrible experience and needs a fix asap! Plus kinda slow.,1,2025-04-19,Bank of Abyssinia,Google Play,NEGATIVE,-0.65
yideg,1,2025-04-18,Bank of Abyssinia,Google Play,NEUTRAL,0.0
አይከፍትም እኮ,1,2025-04-17,Bank of Abyssinia,Google Play,NEUTRAL,0.0
great boa,5,2025-04-10,Bank of Abyssinia,Google Play,POSITIVE,0.8
boa of mobile backing,5,2025-04-09,Bank of Abyssinia,Google Play,NEUTRAL,0.0
faster bank of Abissinya,5,2025-04-08,Bank of Abyssinia,Google Play,NEUTRAL,0.0
i would have given it a lower if it was possible because it crush so much and it take the bank so long to fix the bug,1,2025-04-08,Bank of Abyssinia,Google Play,NEUTRAL,0.05000000000000001
it just doesn't work...so frustrating,1,2025-04-07,Bank of Abyssinia,Google Play,NEGATIVE,-0.4
like,5,2025-04-06,Bank of Abyssinia,Google Play,NEUTRAL,0.0
it's not work correctly... you must have update it,1,2025-04-06,Bank of Abyssinia,Google Play,NEUTRAL,0.0
"the app gets a considerable improvements like language , QR scanner and unlimited transfers survice. but BOA Please do alot on its fastness and convenient when we login and making a transactions.",5,2025-04-04,Bank of Abyssinia,Google Play,NEUTRAL,0.1
after i typed in my password it says successfully logged out ...and goes back to the first page,2,2025-04-04,Bank of Abyssinia,Google Play,POSITIVE,0.3333333333333333
good but they don't update enough don't add new things,3,2025-04-04,Bank of Abyssinia,Google Play,POSITIVE,0.27878787878787875
thank you,5,2025-04-02,Bank of Abyssinia,Google Play,NEUTRAL,0.0
it doesn't work period z slowest mobile banking ever i would rather use *815#,1,2025-04-01,Bank of Abyssinia,Google Play,NEUTRAL,0.0
"after activated the application it not allowed to sign , automatically it is turn off In my phone, why ?",1,2025-03-31,Bank of Abyssinia,Google Play,NEUTRAL,0.0
good application,5,2025-03-30,Bank of Abyssinia,Google Play,POSITIVE,0.7
this version is not working for me I cannot even buy card. I cannot send money,1,2025-03-30,Bank of Abyssinia,Google Play,NEUTRAL,0.0
"It can't actively on initialization, it says incorrect OTP getting the exact OTP",1,2025-03-29,Bank of Abyssinia,Google Play,NEUTRAL,0.058333333333333334
always problematic hardly works,1,2025-03-26,Bank of Abyssinia,Google Play,NEGATIVE,-0.2916666666666667
considering the fact the bank is huge this app really bad you could do better,1,2025-03-25,Bank of Abyssinia,Google Play,NEUTRAL,0.06666666666666671
"worst app and Bank ever u be ashamed, scammer",1,2025-03-24,Bank of Abyssinia,Google Play,NEGATIVE,-1.0
great BoA,5,2025-03-22,Bank of Abyssinia,Google Play,POSITIVE,0.8
i have went to the bank so many times because i couldn't make any transaction i can only see my balance nothing else so what is the point of having mobile banking if i can't make any transaction with it please work in that,1,2025-03-21,Bank of Abyssinia,Google Play,POSITIVE,0.25
there is no speed,1,2025-03-19,Bank of Abyssinia,Google Play,NEUTRAL,0.0
"For anyone who wants to download it, just don't!!!",1,2025-03-19,Bank of Abyssinia,Google Play,POSITIVE,0.390625
wonderful,5,2025-03-19,Bank of Abyssinia,Google Play,POSITIVE,1.0
all worck,5,2025-03-19,Bank of Abyssinia,Google Play,NEUTRAL,0.0
Loved it,5,2025-03-14,Bank of Abyssinia,Google Play,POSITIVE,0.7
Wow,1,2025-03-14,Bank of Abyssinia,Google Play,NEUTRAL,0.1
"Edit: New bug, app not letting me type in my otp codes. Shameful Why does this app not allow me to use it while having developer options on? Did y'all consider that I might, perhaps, be an actual developer? Why am I expected to toggle the option on and off just to bank (restarting my phone when I do)? Why is the message labled as somthing that will ""smoothen"" the experience? This is like the most ""security consultant"" thing to implement in an app. Please invest in actual security, not this mess.",1,2025-03-12,Bank of Abyssinia,Google Play,NEUTRAL,0.06022727272727273
Improved to be the best,5,2025-03-11,Bank of Abyssinia,Google Play,POSITIVE,1.0
"Decent, but there problems sometimes it says error When i transfer money but infact it transferred because of this bug i transferred 2 times instead of 1 and also we can't transfer money to others telebirr acc we only can to our self BOE Dev fix this !!!",3,2025-03-11,Bank of Abyssinia,Google Play,NEUTRAL,0.08333333333333333
BoA Greqt Ethiopian bank.,5,2025-03-11,Bank of Abyssinia,Google Play,NEUTRAL,0.0
"The bug is still there,the app crashes every time i try to log in, especially in old phones like my Galaxy A32",1,2025-03-10,Bank of Abyssinia,Google Play,POSITIVE,0.2
Almost better compared to cbe where it is not qualified for,4,2025-03-09,Bank of Abyssinia,Google Play,POSITIVE,0.5
what awesome apps. it is very simple to use and more much important apps.,5,2025-03-09,Bank of Abyssinia,Google Play,POSITIVE,0.475
Wonderfull app,5,2025-03-08,Bank of Abyssinia,Google Play,NEUTRAL,0.0
i can't use this app why?,5,2025-03-07,Bank of Abyssinia,Google Play,NEUTRAL,0.0
Worst mobile banking app I ever experienced I was blaming other apps but comparing with this they're too much better!!!! It clashes it takes much longer time to login while loading in short it's a complete of trash,1,2025-03-06,Bank of Abyssinia,Google Play,POSITIVE,0.1392857142857143
bro the worst app made by human kind!! as a software engineer it make me so sad seeing enterprise as big as BOA make apps like this. it is a disgrace for our country!!,1,2025-03-05,Bank of Abyssinia,Google Play,NEGATIVE,-0.1125
AGA B Girja Miss language of admin Afaan oromo & other Itoophiyaa languages,1,2025-03-04,Bank of Abyssinia,Google Play,NEGATIVE,-0.125
"I downloaded the app for the first time while reading other customers reviews and as soon as i installed and opened the app it closes back automatically, what unserious bank, now i uninstalled the app immediately",1,2025-03-03,Bank of Abyssinia,Google Play,NEUTRAL,0.041666666666666664
It has good features but sometimes it doesn't work...0,1,2025-03-02,Bank of Abyssinia,Google Play,POSITIVE,0.7
Very poor proformance,1,2025-03-01,Bank of Abyssinia,Google Play,NEGATIVE,-0.52
It's not opening. Really frustrating,1,2025-03-01,Bank of Abyssinia,Google Play,NEGATIVE,-0.4
Verry Amazing App from all IB,5,2025-03-01,Bank of Abyssinia,Google Play,POSITIVE,0.6000000000000001
Not working on this days,1,2025-02-26,Bank of Abyssinia,Google Play,NEUTRAL,0.0
Thank you BoA,5,2025-02-23,Bank of Abyssinia,Google Play,NEUTRAL,0.0
best banking app in the wworld,5,2025-02-22,Bank of Abyssinia,Google Play,POSITIVE,1.0
Nice app and it's easy to use,5,2025-02-21,Bank of Abyssinia,Google Play,POSITIVE,0.5166666666666666
"please add language in the apps setting(amharic afan oromo, tigniya,and others) sometimes bank to bank transfer is not available through time and even if if it is available not reachable…it is serious issue!",1,2025-02-15,Bank of Abyssinia,Google Play,NEUTRAL,-0.0722222222222222
This is help full i like ittttt,5,2025-02-14,Bank of Abyssinia,Google Play,POSITIVE,0.35
The is not functional at all?,2,2025-02-12,Bank of Abyssinia,Google Play,NEUTRAL,0.0
Best bank,5,2025-02-08,Bank of Abyssinia,Google Play,POSITIVE,1.0
Make it easy and convienient to use and perfect for all to high prefrence and choice.,3,2025-02-07,Bank of Abyssinia,Google Play,POSITIVE,0.5311111111111111
🇪🇹🇪🇹🇪🇹🇪🇹🇪🇹🇪🇹👍👍👍👍👍👍👍,5,2025-02-04,Bank of Abyssinia,Google Play,NEUTRAL,0.0
I have been using this app for two years.It is amazing.,5,2025-02-01,Bank of Abyssinia,Google Play,POSITIVE,0.6000000000000001
Good 👍,5,2025-01-31,Bank of Abyssinia,Google Play,POSITIVE,0.7
Sad experience,1,2025-01-30,Bank of Abyssinia,Google Play,NEGATIVE,-0.5
Always do update and that is annoying,3,2025-01-27,Bank of Abyssinia,Google Play,NEGATIVE,-0.8
"Best app, somehow waiting a few minutes",5,2025-01-23,Bank of Abyssinia,Google Play,POSITIVE,0.4
I can't dijitalize my atm in the apollo app on my phone,1,2025-01-22,Bank of Abyssinia,Google Play,NEUTRAL,0.0
Whenever I try to sign in app close please fixed it out,2,2025-01-21,Bank of Abyssinia,Google Play,NEUTRAL,0.1
Beter,5,2025-01-21,Bank of Abyssinia,Google Play,NEUTRAL,0.0
Boa,4,2025-01-18,Bank of Abyssinia,Google Play,NEUTRAL,0.0
በጣም የሚያስጠላ አፕ በጣም የወረደ ዜሮ ነው የምሰጠው ዘሮ It's not App it's very slow ehhhh. Why don't you upgrade the app???? It's always zero,1,2025-01-18,Bank of Abyssinia,Google Play,NEGATIVE,-0.39000000000000007
Aadan Axmed Barkhadle,5,2025-01-17,Bank of Abyssinia,Google Play,NEUTRAL,0.0
😡😡😡🤬🤬🤬,1,2025-01-16,Bank of Abyssinia,Google Play,NEUTRAL,0.0
Horrible customer service and app crashes Horrible!!,1,2025-01-15,Bank of Abyssinia,Google Play,NEGATIVE,-1.0
I love it,5,2025-01-14,Bank of Abyssinia,Google Play,POSITIVE,0.5
It keeps asking me to turn off developer mode even when dev mode is off. Couldn't use it.,1,2025-01-13,Bank of Abyssinia,Google Play,NEUTRAL,0.0
Good🙏,5,2025-01-12,Bank of Abyssinia,Google Play,NEUTRAL,0.0
Like to much,5,2025-01-11,Bank of Abyssinia,Google Play,POSITIVE,0.2
Thank you,5,2025-01-10,Bank of Abyssinia,Google Play,NEUTRAL,0.0
Perfect,5,2025-01-09,Bank of Abyssinia,Google Play,POSITIVE,1.0
The best of best,5,2025-01-09,Bank of Abyssinia,Google Play,POSITIVE,1.0
I was using this app for long time it amazing user friendly UI but the i can't found for get pin button in the app,3,2025-01-07,Bank of Abyssinia,Google Play,POSITIVE,0.30833333333333335
Great 👍,5,2025-01-04,Bank of Abyssinia,Google Play,POSITIVE,0.8
Fast and suitable for the customers.,5,2025-01-04,Bank of Abyssinia,Google Play,POSITIVE,0.375
Good app and helpful,5,2025-01-03,Bank of Abyssinia,Google Play,POSITIVE,0.7
"I will give only one star, because it faced with multiple of problems. 1. The app is not as fast as the other banks App, for e.g like CBE 2. The App asks repeatedly to switch off developer options, even if it is switched off. 3. Bank of Abyssinia's services are interesting, but they ignored the issues on the App service. 4. Most customers gave a complain on the App, but no one accept their complain to fix the issue. 5. Lastly, I will not recommend the App unless the issue has been solved ASAP!!",1,2025-01-03,Bank of Abyssinia,Google Play,POSITIVE,0.15357142857142855
By assessing this you can tell Abyssinia bank has no idea what mobile banking is ?,1,2025-01-02,Bank of Abyssinia,Google Play,NEUTRAL,0.0
It doesn't work at all.,2,2025-01-02,Bank of Abyssinia,Google Play,NEUTRAL,0.0
this app is not available,1,2025-01-02,Bank of Abyssinia,Google Play,NEGATIVE,-0.2
Wow what amazing,5,2024-12-30,Bank of Abyssinia,Google Play,POSITIVE,0.35000000000000003
love it,5,2024-12-30,Bank of Abyssinia,Google Play,POSITIVE,0.5
በጣም መሻሻል አለበት....... ለ ባንኩ ማይመጥን መተግበርያ ነው ::,2,2024-12-30,Bank of Abyssinia,Google Play,NEUTRAL,0.0
Lemn embi yilal??,5,2024-12-30,Bank of Abyssinia,Google Play,NEUTRAL,0.0
It's useless app downgraded.,1,2024-12-29,Bank of Abyssinia,Google Play,NEGATIVE,-0.5
Why is not letting me access my account. The whole point of this app is for me to gey access to my account without physically being at the bank. I would give it a zero but a one will suffice to get my point accross.,1,2024-12-27,Bank of Abyssinia,Google Play,NEUTRAL,0.1
Nice,5,2024-12-26,Bank of Abyssinia,Google Play,POSITIVE,0.6
When are you going to get rid of this and have a real app that works? By far the worst mobile banking app.,1,2024-12-24,Bank of Abyssinia,Google Play,NEGATIVE,-0.2333333333333333
አይሰራም ሼም ነው፤,1,2024-12-23,Bank of Abyssinia,Google Play,NEUTRAL,0.0
Not that much bad,3,2024-12-22,Bank of Abyssinia,Google Play,NEGATIVE,-0.6999999999999998
Fine,5,2024-12-21,Bank of Abyssinia,Google Play,POSITIVE,0.4166666666666667
The dirtiest application ever seen...,1,2024-12-20,Bank of Abyssinia,Google Play,NEUTRAL,0.0
Nic ap,5,2024-12-19,Bank of Abyssinia,Google Play,NEUTRAL,0.0
The forest app ever,1,2024-12-19,Bank of Abyssinia,Google Play,NEUTRAL,0.0
"I love BoA more than anyone but they are cursed when it comed to mobile banking. Even though this ine is hetter it still s*cks! It will ask me to turn off developer options other wise it won't work! I use CBE, Awash birr, tekebirr, Dashen bank and others but non of them asked me this, why only BoA? Please improve your mobile banking, be competitive!",1,2024-12-19,Bank of Abyssinia,Google Play,POSITIVE,0.375
Bank of abissena,1,2024-12-17,Bank of Abyssinia,Google Play,NEUTRAL,0.0
"Easy and sooo simple to use it, also its easy to stole someones money using the app",3,2024-12-16,Bank of Abyssinia,Google Play,POSITIVE,0.2888888888888889
GOOD,5,2024-12-15,Bank of Abyssinia,Google Play,POSITIVE,0.7
The worst banking app ever. Never works!,1,2024-12-14,Bank of Abyssinia,Google Play,NEGATIVE,-1.0
Poorly functioning app,3,2024-12-13,Bank of Abyssinia,Google Play,NEGATIVE,-0.4
Very nice,5,2024-12-13,Bank of Abyssinia,Google Play,POSITIVE,0.78
Your system is the worst you should do better😡😡😡😡😡😡,2,2024-12-11,Bank of Abyssinia,Google Play,NEGATIVE,-1.0
It has been a while since you guys started giving the mobile app service but still couldn't get it to work. I'm sure you know that it doesn't work already but not sure if you're lazy or incompetent to fix it. You are losing business because of this. Complacency will have consequences.,1,2024-12-10,Bank of Abyssinia,Google Play,NEUTRAL,-0.0875
"This is the best app; many features are awesome, but it should work without the need to turn off the developer options. I'm tired of having to constantly switch the developer options off and on. I've been expressing my struggles about this. I have precious settings enabled in the developer options, and to open the App Boa app, I have to turn them off. Please help us, Abyssinia Bank. I hope you can provide an update soon.",4,2024-12-08,Bank of Abyssinia,Google Play,POSITIVE,0.37142857142857144
"I’m giving this app one star because there are no options below that. My experience has been incredibly frustrating due to the extremely long loading times, and the app even closes automatically at times. People choose mobile banking for its convenience, but this app is far too time-consuming, making it the worst I’ve used. I hope improvements are made to enhance the user experience.",1,2024-12-07,Bank of Abyssinia,Google Play,NEGATIVE,-0.29500000000000004
Very unprofessional and mischievous bank in my opinion. I have had several occasions but recently I used Abyssinia Card to withdraw money and it was deducted from my account but despite reporting several times they said they are processing it but I learned yesterday that since it has been 3 months the bank has decided to include it in their income. How absurd. If you can avoid this bank.,1,2024-12-06,Bank of Abyssinia,Google Play,NEUTRAL,-0.06
It doesn't work on my 2 devices A05 and A34 😡,1,2024-12-02,Bank of Abyssinia,Google Play,NEUTRAL,0.0
It's better to say I don't use boa rather than pulling your phone out and opening this app,1,2024-12-01,Bank of Abyssinia,Google Play,POSITIVE,0.5
My attention is very important because it will be the most difficult time for me,5,2024-11-30,Bank of Abyssinia,Google Play,POSITIVE,0.17333333333333334
"I have a worst experience while using this mobile application through out the year. Most of the time it fails to ""Login"" or automatically closed the app. And also it takes so much loading time (5 minutes +) trying to access the internal services. Sometimes also while transferring within and to other bank also fails. So, BOA please fix your app.",1,2024-11-29,Bank of Abyssinia,Google Play,NEGATIVE,-0.19062500000000002
I don't know why but your apps start out great then all of a sudden don't work🤷‍♀️,1,2024-11-28,Bank of Abyssinia,Google Play,POSITIVE,0.4
This application is losing major factions on a daily basis. I can count how many times I have used this app; it is completely useless and disappointing if I am not going to use it in times of need then I don't see the point.,1,2024-11-28,Bank of Abyssinia,Google Play,NEGATIVE,-0.1075
exellent digital transaction of money,5,2024-11-27,Bank of Abyssinia,Google Play,NEUTRAL,0.0
The latest update has stopped android 9 phones not to open this App. Never work properly since i started using it.,1,2024-11-26,Bank of Abyssinia,Google Play,POSITIVE,0.16666666666666666
Great,5,2024-11-25,Bank of Abyssinia,Google Play,POSITIVE,0.8
👏👏👏,5,2024-11-24,Bank of Abyssinia,Google Play,NEUTRAL,0.0
Money,5,2024-11-24,Bank of Abyssinia,Google Play,NEUTRAL,0.0
It needs more improvment,2,2024-11-24,Bank of Abyssinia,Google Play,POSITIVE,0.5
Hey Google,5,2024-11-21,Bank of Abyssinia,Google Play,NEUTRAL,0.0
ab,3,2024-11-20,Bank of Abyssinia,Google Play,NEUTRAL,0.0
Ademtahir,5,2024-11-20,Bank of Abyssinia,Google Play,NEUTRAL,0.0
✌️✌️,5,2024-11-20,Bank of Abyssinia,Google Play,NEUTRAL,0.0
Please this app on my android phone,3,2024-11-20,Bank of Abyssinia,Google Play,NEUTRAL,0.0
GOAT 🐐 🐐,5,2024-11-19,Bank of Abyssinia,Google Play,NEUTRAL,0.0
"Your app doesn't match your bank, the app is disaster, super slow. Please learn something from tele birr app.",1,2024-11-19,Bank of Abyssinia,Google Play,NEUTRAL,0.016666666666666635
Fast and reliable,5,2024-11-18,Bank of Abyssinia,Google Play,POSITIVE,0.2
"The worst app update ever. Why would you include the ""developer option off"" thing here? Why do you care? It is my phone my money, right? That is the reason why I switched to other banks. So either turn it off or everyone will discontinue their business one by one.",1,2024-11-17,Bank of Abyssinia,Google Play,NEGATIVE,-0.27976190476190477
Very good,5,2024-11-14,Bank of Abyssinia,Google Play,POSITIVE,0.9099999999999999
One of the poorest mobile banking system,1,2024-11-13,Bank of Abyssinia,Google Play,NEUTRAL,0.0
❤❤❤❤❤❤,5,2024-11-12,Bank of Abyssinia,Google Play,NEUTRAL,0.0
Oene,5,2024-11-12,Bank of Abyssinia,Google Play,NEUTRAL,0.0
i find it interesting specially in reciept downloading,1,2024-11-12,Bank of Abyssinia,Google Play,POSITIVE,0.4285714285714286
it good,5,2024-11-12,Bank of Abyssinia,Google Play,POSITIVE,0.7
"This app crashes everytime, please fix it",1,2024-11-12,Bank of Abyssinia,Google Play,NEUTRAL,0.0
አንድ star ራሱ ይበዛበታል። i dont recomend to use this app also the bank,1,2024-11-12,Bank of Abyssinia,Google Play,NEUTRAL,0.0
I need a support the app is not working,5,2024-11-12,Bank of Abyssinia,Google Play,NEUTRAL,0.0
Bast bank of ethiopia,5,2024-11-12,Bank of Abyssinia,Google Play,NEUTRAL,0.0
very slow app. አቢሲኒያን ከሚያክል ባንክ የማይጠበቅ software app. ከቻላችሁ ሙሉ ለሙሉ እንደገና አሰሩት።በጣም ይመራያል ያሳፍራል።ለapp የወጣው ወጭ በሙስና የተበላ ነው የሚመስለው።,1,2024-11-12,Bank of Abyssinia,Google Play,NEGATIVE,-0.39000000000000007
"thank you for your social services like, vertual banking, non touch ATM, Cadrless and withdrwal with out passbook...",5,2024-11-12,Bank of Abyssinia,Google Play,NEUTRAL,0.03333333333333333
The worst App i have never seen like this before,1,2024-11-12,Bank of Abyssinia,Google Play,NEGATIVE,-1.0
Wweeeer,4,2024-11-12,Bank of Abyssinia,Google Play,NEUTRAL,0.0
Infinx,5,2024-11-12,Bank of Abyssinia,Google Play,NEUTRAL,0.0
Great service,5,2024-11-12,Bank of Abyssinia,Google Play,POSITIVE,0.8
This app is not available on all android versions and some times it is not functional.,1,2024-11-08,Bank of Abyssinia,Google Play,NEGATIVE,-0.2
senayt Mesfin,4,2024-11-08,Bank of Abyssinia,Google Play,NEUTRAL,0.0
Bad app vety bad.,1,2024-11-07,Bank of Abyssinia,Google Play,NEGATIVE,-0.6999999999999998
Abessnya Banke,5,2024-11-05,Bank of Abyssinia,Google Play,NEUTRAL,0.0
"The most useless app, I never expected such an irrelevant app from BOA. big shame!",1,2024-11-04,Bank of Abyssinia,Google Play,NEUTRAL,-0.075
Okay,5,2024-11-03,Bank of Abyssinia,Google Play,POSITIVE,0.5
Professional on banking app,5,2024-11-01,Bank of Abyssinia,Google Play,NEUTRAL,0.1
Has some nice interface but always freezes or slow to load .App developers please fix this issue.,3,2024-10-27,Bank of Abyssinia,Google Play,POSITIVE,0.14999999999999997
አይሰራም አስተካክሉት,5,2024-10-26,Bank of Abyssinia,Google Play,NEUTRAL,0.0
Please try another because this app doesn't feet the need of this generation,1,2024-10-25,Bank of Abyssinia,Google Play,NEUTRAL,0.0
Fast transfer,5,2024-10-24,Bank of Abyssinia,Google Play,POSITIVE,0.2
"What's up I can't log in, what's wrong",5,2024-10-22,Bank of Abyssinia,Google Play,NEGATIVE,-0.5
Amrumehamed,1,2024-10-21,Bank of Abyssinia,Google Play,NEUTRAL,0.0
"Nice to meet you my proud bank in Ethiopia.. I'm a member of this bank, i need to solve my problem of international receiving money for me from my online digital working service's over the world please? I'm working a lot of international money.But i can't get direct in Ethiopia because of don't knowing the legal ways of getting money in Ethiopia please can I get and direct deposit with BoA please 🙏🙏🙏?",5,2024-10-18,Bank of Abyssinia,Google Play,POSITIVE,0.225
ደደገነሐ,5,2024-10-15,Bank of Abyssinia,Google Play,NEUTRAL,0.0
"Terrible Bank Experience It’s unbelievable that with all the modern technology, this bank still struggles with even basic transactions. The app constantly crashes, services are limited, and every time I try to transfer money or load Telebirr, there’s a huge delay. I have to wait 5 days for failed transactions to be refunded! Even USSD is unreliable. They’ve put me in embarrassing situations countless times, and customer care never fixes anything. I’ve switched banks, and you should too!",1,2024-10-14,Bank of Abyssinia,Google Play,NEGATIVE,-0.14960317460317463
A painfully slow banking app service. Please don't make it your choice!,1,2024-10-13,Bank of Abyssinia,Google Play,NEGATIVE,-0.37500000000000006
Good App,4,2024-10-12,Bank of Abyssinia,Google Play,POSITIVE,0.7
Best app to me,5,2024-10-11,Bank of Abyssinia,Google Play,POSITIVE,1.0
BOA,5,2024-10-11,Bank of Abyssinia,Google Play,NEUTRAL,0.0
Abdulkadir,5,2024-10-11,Bank of Abyssinia,Google Play,NEUTRAL,0.0
Bad,1,2024-10-10,Bank of Abyssinia,Google Play,NEGATIVE,-0.6999999999999998
If it is possible I would gove0 star,1,2024-10-08,Bank of Abyssinia,Google Play,NEUTRAL,0.0
Nise mobile bankig,4,2024-10-05,Bank of Abyssinia,Google Play,NEUTRAL,0.0
Overall good app but performance needs some improvement also sometimes when using instant other bank transfers it refuses causing to be repeated several times to transfer,4,2024-10-04,Bank of Abyssinia,Google Play,POSITIVE,0.11499999999999999
Ok,5,2024-10-04,Bank of Abyssinia,Google Play,POSITIVE,0.5
Just make it work please🤣 this is embarrassing for a bank of your size,1,2024-10-04,Bank of Abyssinia,Google Play,NEUTRAL,0.0
Update to the simplest way it requires the developer option on and off why this is,5,2024-10-04,Bank of Abyssinia,Google Play,NEUTRAL,0.0
"Stop telling me what to do with my phone, BOA. Why does your newly updated app keep asking me to disable the developer options? I’m not slowing down my phone just to use your God damn app. 🤮🤮🤮🤮",1,2024-10-04,Bank of Abyssinia,Google Play,NEUTRAL,-0.009595959595959602
I'm living out of country how may I download and use mobile banking? It asks me the Ethiopia phone number and I can't receive text to confirm because I'm out side the country. So please lete know if I can use while I'm outside the country. Thanks,1,2024-10-04,Bank of Abyssinia,Google Play,NEUTRAL,0.1
Worest app,1,2024-10-03,Bank of Abyssinia,Google Play,NEUTRAL,0.0
The worest app ever,1,2024-10-03,Bank of Abyssinia,Google Play,NEUTRAL,0.0
አሪፍ ነው በርቱልን,5,2024-10-03,Bank of Abyssinia,Google Play,NEUTRAL,0.0
Wwwerrr,5,2024-10-02,Bank of Abyssinia,Google Play,NEUTRAL,0.0
ጀማል ውቀቱ,5,2024-09-30,Bank of Abyssinia,Google Play,NEUTRAL,0.0
Great For Financial company,5,2024-09-30,Bank of Abyssinia,Google Play,POSITIVE,0.4
Very easy to use,5,2024-09-30,Bank of Abyssinia,Google Play,POSITIVE,0.5633333333333334
The App's crash always.. Error.....,3,2024-09-27,Bank of Abyssinia,Google Play,NEUTRAL,0.0
This app is incredibly frustrating to use. It’s filled with issues that make it difficult to navigate and complete tasks efficiently. I’ve never encountered such a poorly designed banking application before. It needs significant improvements to enhance user experience. It deserves a vey low rating.,1,2024-09-26,Bank of Abyssinia,Google Play,NEUTRAL,-0.053125000000000006
Great UI and seamless UX. I love it!!,5,2024-09-25,Bank of Abyssinia,Google Play,POSITIVE,0.5604166666666667
That's too good application but try to add more alternatives and futures or possibilitys for your customers,3,2024-09-25,Bank of Abyssinia,Google Play,POSITIVE,0.6
It's easy used to operate program and secured 👍👍,4,2024-09-25,Bank of Abyssinia,Google Play,POSITIVE,0.43333333333333335
I bought a mobile card on this app but I didn't receive it and it took my money and I didn't get my money back.,1,2024-09-21,Bank of Abyssinia,Google Play,NEUTRAL,0.0
Amazing,5,2024-09-19,Bank of Abyssinia,Google Play,POSITIVE,0.6000000000000001
Great app with great services,5,2024-09-19,Bank of Abyssinia,Google Play,POSITIVE,0.8
Yes active user,5,2024-09-17,Bank of Abyssinia,Google Play,NEGATIVE,-0.13333333333333333
Shameful,1,2024-09-17,Bank of Abyssinia,Google Play,NEUTRAL,0.0
The worest app ever made i would not recommende for no one,1,2024-09-16,Bank of Abyssinia,Google Play,NEUTRAL,0.0
Good application,5,2024-09-16,Bank of Abyssinia,Google Play,POSITIVE,0.7
"How many hours should I wait after transferring money to telebirr, please do something about the transfer delay issue I need my money when ever.",1,2024-09-15,Bank of Abyssinia,Google Play,POSITIVE,0.5
"BOA is unreasonably holding and delaying transactions for more than a day, even transactions within the same bank itself. This is a huge gap that I observed in BOA mobile banking. I didn't experience this kind of challenge while having transactions in other banks' mobile banking platforms. After waiting so long, I called your customer support team and the response they gave me was ""it was the system that holds the transaction & will be released on working days"". This is not totally fair.",1,2024-09-15,Bank of Abyssinia,Google Play,POSITIVE,0.1392857142857143
የእርስዎን ተሞክሮ ይግለጹ (አማራጭ),5,2024-09-14,Bank of Abyssinia,Google Play,NEUTRAL,0.0
It's not working. It needs a big update. Can't you update the app quickly?,1,2024-09-14,Bank of Abyssinia,Google Play,POSITIVE,0.16666666666666666
"I am Aimohon Joel , It's can be Good for a Better Conversation in Time 🙂",3,2024-09-14,Bank of Abyssinia,Google Play,POSITIVE,0.6
"Better app than most mobile apps, but why do I have to turn off developer option every time I wanna use the app?? It's annoying.",1,2024-09-13,Bank of Abyssinia,Google Play,NEUTRAL,0.06666666666666665
Bes and freindly app,5,2024-09-13,Bank of Abyssinia,Google Play,NEUTRAL,0.0
It doesn't work.,1,2024-09-12,Bank of Abyssinia,Google Play,NEUTRAL,0.0
"It say ""The request was not successful. please check device connectivity or try again"" why? One of the bank manager told me it is because of my phone's android version which is 9.1 It is ridiculous! Disappointing",1,2024-09-11,Bank of Abyssinia,Google Play,NEGATIVE,-0.46388888888888885
How to download or screenshot of payment receipt...what kinda worst app ever 🤮🤮🤢,1,2024-09-11,Bank of Abyssinia,Google Play,NEGATIVE,-1.0
Smart technology,5,2024-09-10,Bank of Abyssinia,Google Play,POSITIVE,0.21428571428571427
Yegema app tish🪨,1,2024-09-08,Bank of Abyssinia,Google Play,NEUTRAL,0.0
"This is not an appropriate app, i don't know how boa develops this app, i don't expect this much crazy and un confortable app form BOA, I'm soory!!!",1,2024-09-07,Bank of Abyssinia,Google Play,NEGATIVE,-0.25
"Shockingly bad! Even when it decides to work, it's painfully slow and frustrating. Such a shame that it has become a stain on an extraordinary bank",1,2024-09-06,Bank of Abyssinia,Google Play,NEGATIVE,-0.2483333333333333
"It crashes frequently. It launches on Android 8.1 but I don't think it actually works on versions less than 10. If so, it shouldn't be available for download by such devices to begin with, like many other finance apps are not. It was so much better three months ago, upgrades should be for the better.",1,2024-09-06,Bank of Abyssinia,Google Play,POSITIVE,0.18981481481481483
Awesome application. But lately its crashing everytime i opened it.,4,2024-09-05,Bank of Abyssinia,Google Play,POSITIVE,0.35
እጅም በጣም ደካማ አፕ ነው ሲፈልግ ይከፍታል ሲፈልግ አይከፍትም ከአዋሽ እና ንግድ ባንክ የመሳሰሉ ባንኮች ሲወዳደር ሞባይል ባንኪንግ App እጅግ የሚያበሳጭ ነው ለውጥ ያስፈልጋችኋል,1,2024-09-05,Bank of Abyssinia,Google Play,NEUTRAL,0.0
Fast one,3,2024-09-04,Bank of Abyssinia,Google Play,POSITIVE,0.2
Nice looking app but a terrible user experience.,1,2024-09-03,Bank of Abyssinia,Google Play,NEGATIVE,-0.2
The worest MB app ever!!🙄,1,2024-09-02,Bank of Abyssinia,Google Play,NEUTRAL,0.0
It is ok,5,2024-09-01,Bank of Abyssinia,Google Play,POSITIVE,0.5
Plz fix the Apps ....screenshot lovation hide from glarey share botten not work😔😔,1,2024-08-30,Bank of Abyssinia,Google Play,NEUTRAL,0.0
Apollo's,1,2024-08-29,Bank of Abyssinia,Google Play,NEUTRAL,0.0
The worst experience ever,1,2024-08-29,Bank of Abyssinia,Google Play,NEGATIVE,-1.0
Hussenaliumar,5,2024-08-29,Bank of Abyssinia,Google Play,NEUTRAL,0.0
Hi I have problem with this App BOA mobile I don't know what is wrong with this App I did many times download but it's sam doesn't work if sam like that this app way I have to be customer with them how I know my account and checking save The book is no Not enough alone,1,2024-08-28,Bank of Abyssinia,Google Play,NEUTRAL,0.0
It is not work for my device,5,2024-08-27,Bank of Abyssinia,Google Play,NEUTRAL,0.0
"I'm Sick and tiered of enabling and disabling Developer Option Everytime I use this app. maybe you know it maybe you dont, fix it please it's anoying",1,2024-08-26,Bank of Abyssinia,Google Play,NEGATIVE,-0.7142857142857143
The worst app ever,1,2024-08-26,Bank of Abyssinia,Google Play,NEGATIVE,-1.0
Betanya Gebre,3,2024-08-23,Bank of Abyssinia,Google Play,NEUTRAL,0.0
I dont recommand it to any one,1,2024-08-23,Bank of Abyssinia,Google Play,NEUTRAL,0.0
Excellent app,5,2024-08-21,Bank of Abyssinia,Google Play,POSITIVE,1.0
"The application used to work well. But after updates I'm not able to use the forgot password feature, which is blocking me from accessing it as a whole.",1,2024-08-20,Bank of Abyssinia,Google Play,NEUTRAL,-0.024999999999999994
ትርሃስ,5,2024-08-19,Bank of Abyssinia,Google Play,NEUTRAL,0.0
Gio,4,2024-08-19,Bank of Abyssinia,Google Play,NEUTRAL,0.0
App isn't working,1,2024-08-18,Bank of Abyssinia,Google Play,NEUTRAL,0.0
so far good but always it lugs,3,2024-08-17,Bank of Abyssinia,Google Play,POSITIVE,0.39999999999999997
Don't trust this bank and its service.,1,2024-08-16,Bank of Abyssinia,Google Play,NEUTRAL,0.0
"I can not open and use the application,please help me!",5,2024-08-15,Bank of Abyssinia,Google Play,NEUTRAL,0.0
Horrible,1,2024-08-14,Bank of Abyssinia,Google Play,NEGATIVE,-1.0
Mostly not working 😑,1,2024-08-14,Bank of Abyssinia,Google Play,NEGATIVE,-0.25
Awesome 👌,5,2024-08-12,Bank of Abyssinia,Google Play,POSITIVE,1.0
"Despite the enhanced technology you have, the application doesn't work properly, and it asks for the developer option to be turned off, fix that.",3,2024-08-12,Bank of Abyssinia,Google Play,NEUTRAL,0.0
Very poor app b/c highly slow to open the app,1,2024-08-12,Bank of Abyssinia,Google Play,NEGATIVE,-0.2733333333333334
Wedi Tekle .,5,2024-08-11,Bank of Abyssinia,Google Play,NEUTRAL,0.0
Bad app📱👎👎👎,1,2024-08-11,Bank of Abyssinia,Google Play,NEGATIVE,-0.6999999999999998
Dura nan fayyadaman ture amma garuu naaf hojjechaa hin jiru maaf?,5,2024-08-11,Bank of Abyssinia,Google Play,NEUTRAL,0.0
Nice appp,5,2024-08-11,Bank of Abyssinia,Google Play,POSITIVE,0.6
ሰላም አቢሲኒያዎች የሞባይል ባንኪንጋችሁ ተጠቃሚ ነኝ አገልግሎቱን ስላስጀመራችሁለን እናመሰግናለን። ነገር ግን አለፎ አልፎ የነበረው የማስፈንጠሪያው በአግባቡ አለመስራት አልፎ አልፎ ወደመስራት ተቀይሯል ድሮ እንደነበራችሁ እናውቃለን ዘንድሮም ብትኖሩልን እንመርጣለን *ከዘመን አንጉደል*,3,2024-08-10,Bank of Abyssinia,Google Play,NEUTRAL,0.0
Gooood app my dear,5,2024-08-10,Bank of Abyssinia,Google Play,NEUTRAL,0.0
Harun tamam galanaa,3,2024-08-09,Bank of Abyssinia,Google Play,NEUTRAL,0.0
"A total disaster of an app. Always offline, never works, it's embarassing. I've lost hope and taken my business to a competitor",1,2024-08-08,Bank of Abyssinia,Google Play,NEUTRAL,0.0
Gamebela,1,2024-08-08,Bank of Abyssinia,Google Play,NEUTRAL,0.0
so poor app to use can't start up when open the app,1,2024-08-08,Bank of Abyssinia,Google Play,NEGATIVE,-0.2
"This app takes too long time to be opened. And even it is not working simply as other banks application. Why this app does not give a digital invoice. Even, I am not able to find where the screeshot is kept after transaction. So, please the developer should fix all these.",1,2024-08-07,Bank of Abyssinia,Google Play,NEGATIVE,-0.10625
Good job,5,2024-08-07,Bank of Abyssinia,Google Play,POSITIVE,0.7
"Worst app ever, not user friendly, even doesn't serve basic functionality correctly, takes to much time to login and navigate through the app, we expected more from this bank",1,2024-08-07,Bank of Abyssinia,Google Play,NEUTRAL,-0.00416666666666667
Bad app .,1,2024-08-06,Bank of Abyssinia,Google Play,NEGATIVE,-0.6999999999999998
"I mean how could a big financial company like this, be this much irresponsible to release this app? You should be ashamed!",1,2024-08-06,Bank of Abyssinia,Google Play,NEUTRAL,-0.015625
Review,5,2024-08-06,Bank of Abyssinia,Google Play,NEUTRAL,0.0
Goood,4,2024-08-06,Bank of Abyssinia,Google Play,NEUTRAL,0.0
👎👎👎👎👎👎👎👎👎,1,2024-08-06,Bank of Abyssinia,Google Play,NEUTRAL,0.0
Is it necessary to switch off developer options every time to use mobile banking?🤔🤔😡😡😡,1,2024-08-04,Bank of Abyssinia,Google Play,NEUTRAL,0.0
The previous version is better it doesn't work,1,2024-08-04,Bank of Abyssinia,Google Play,POSITIVE,0.16666666666666669
"I don't know what is wrong with BOA as a bank in general. It's been going backwards since last year or so. The app is a disaster to use in every possible way. Not stable to log in and very slow to perform transactions, couldn't take a screenshot (or can't even find the pictures even using its save screenshot option). Most of the time, it fails to perform transactions and so on. Simply, it's the worst!",1,2024-08-03,Bank of Abyssinia,Google Play,NEGATIVE,-0.20444444444444446
"Take some note from CBE mobile banking app, it's the best banking app currently take some note and improve ur app . Sometimes u have to learn from the bests 🙌",1,2024-08-03,Bank of Abyssinia,Google Play,POSITIVE,0.5
It's a useless app,1,2024-08-02,Bank of Abyssinia,Google Play,NEGATIVE,-0.5
"It's not working as it was , so much need to improve, it was the best but not anymore",2,2024-08-01,Bank of Abyssinia,Google Play,POSITIVE,0.6
Poor network,1,2024-08-01,Bank of Abyssinia,Google Play,NEGATIVE,-0.4
Not yet completely working this App. i don't know when is it will be working properly! Its Sad!!!,1,2024-07-31,Bank of Abyssinia,Google Play,NEGATIVE,-0.2921875
The app does not open sometimes it says coonection issue which i dont have and after it opens it has bugs while using its not smooth to work with please improve it,1,2024-07-31,Bank of Abyssinia,Google Play,NEUTRAL,-0.1
"It's not working totally, what a useless app is it,",1,2024-07-31,Bank of Abyssinia,Google Play,NEGATIVE,-0.25
"This app has become the most troubling every day. It doesn't work. I love the bank, and I hate the app",1,2024-07-31,Bank of Abyssinia,Google Play,NEUTRAL,0.06666666666666665
this is so disappointing app 😞,1,2024-07-31,Bank of Abyssinia,Google Play,NEGATIVE,-0.6
አቢስኒያ የሁሉም ምርጫ,5,2024-07-29,Bank of Abyssinia,Google Play,NEUTRAL,0.0
Nays,5,2024-07-28,Bank of Abyssinia,Google Play,NEUTRAL,0.0
The worst app,1,2024-07-28,Bank of Abyssinia,Google Play,NEGATIVE,-1.0
it can't even open and only display error messages,1,2024-07-27,Bank of Abyssinia,Google Play,NEUTRAL,0.0
not active,1,2024-07-27,Bank of Abyssinia,Google Play,NEUTRAL,0.06666666666666667
To get good quality,5,2024-07-27,Bank of Abyssinia,Google Play,POSITIVE,0.7
አይሰራም እኮ ምንድን ነው ችግሩ?,1,2024-07-26,Bank of Abyssinia,Google Play,NEUTRAL,0.0
uselss app dont download,1,2024-07-26,Bank of Abyssinia,Google Play,NEUTRAL,0.0
"Is this app fake i try it not working it say please try again later, unable to make transactions what is the purpose of this app . If it is not working delete it",1,2024-07-25,Bank of Abyssinia,Google Play,NEGATIVE,-0.3333333333333333
"This app didn't work. They have a new version (new app) but still not compatible with my Samsung S8+ , which is v.funny.",1,2024-07-25,Bank of Abyssinia,Google Play,POSITIVE,0.13636363636363635
Corrupted and poor app,1,2024-07-24,Bank of Abyssinia,Google Play,NEGATIVE,-0.4
When I try to use the application it says 'developer setting should be off' where is the setting to off this play Still doesn't work for me,3,2024-07-24,Bank of Abyssinia,Google Play,NEUTRAL,0.0
FIX YOUR Apollo!! You guys where the best 👌,1,2024-07-23,Bank of Abyssinia,Google Play,POSITIVE,1.0
Always slow and doesn't work on weekends if you are in a rush or a merchant this app is not for you,1,2024-07-23,Bank of Abyssinia,Google Play,NEGATIVE,-0.30000000000000004
"It's very difficult to use the user, app,ones dawenload the user can't operate well , no one can help me,",1,2024-07-23,Bank of Abyssinia,Google Play,NEGATIVE,-0.65
Poor application. It turned off by itself,1,2024-07-23,Bank of Abyssinia,Google Play,NEGATIVE,-0.4
Allowed,5,2024-07-23,Bank of Abyssinia,Google Play,NEUTRAL,0.0
It usually crashes and the reason it gives is a problem on internet connection although the internet was fine.,1,2024-07-23,Bank of Abyssinia,Google Play,NEUTRAL,0.08333333333333334
we want international mobile banking,1,2024-07-22,Bank of Abyssinia,Google Play,NEUTRAL,0.0
"screenshot isn't working, Please modify it",2,2024-07-22,Bank of Abyssinia,Google Play,NEUTRAL,0.0
Naziriet measho 89160437,1,2024-07-22,Bank of Abyssinia,Google Play,NEUTRAL,0.0
Ahmed Mohammed husen,3,2024-07-21,Bank of Abyssinia,Google Play,NEUTRAL,0.0
Is not working both this one and apollo did u make it better pls am gonne stop using this bank because of the mobile banking,1,2024-07-19,Bank of Abyssinia,Google Play,POSITIVE,0.5
I have experiance,5,2024-07-19,Bank of Abyssinia,Google Play,NEUTRAL,0.0
The App is not working on Android 9.1 at all. It shows an error notification and forcefully closes the app. Must be fixed ASAP.,1,2024-07-19,Bank of Abyssinia,Google Play,NEUTRAL,0.1
Crashes very frequently is not stable overall need improvement such a huge bank needs a better app than the current one,1,2024-07-19,Bank of Abyssinia,Google Play,POSITIVE,0.13916666666666666
ርይርፍ,3,2024-07-19,Bank of Abyssinia,Google Play,NEUTRAL,0.0
The previous application is much better than this one,1,2024-07-18,Bank of Abyssinia,Google Play,POSITIVE,0.16666666666666669
"Worst app. It is wise to invest money and you can make it like CBE app. Even the incon has no image. My app has better UI than yours. So, please invest more and hire professional developer companies and improve it.",1,2024-07-18,Bank of Abyssinia,Google Play,POSITIVE,0.15999999999999998
mal,5,2024-07-16,Bank of Abyssinia,Google Play,NEUTRAL,0.0
It is not working at all,1,2024-07-16,Bank of Abyssinia,Google Play,NEUTRAL,0.0
The poorest mobile banking survice ever. Only error reports frequently,1,2024-07-16,Bank of Abyssinia,Google Play,NEUTRAL,0.05
😞😞😞😞,1,2024-07-16,Bank of Abyssinia,Google Play,NEUTRAL,0.0
I like this mobile banking app very much. Overall user interface and navigation is awesome. But it lacks instant response when someone deposit or withdraw money.,2,2025-06-07,Dashen Bank,Google Play,POSITIVE,0.3333333333333333
love,3,2025-06-06,Dashen Bank,Google Play,POSITIVE,0.5
መቸሸጠ,5,2025-06-03,Dashen Bank,Google Play,NEUTRAL,0.0
gadaa,5,2025-06-01,Dashen Bank,Google Play,NEUTRAL,0.0
Massive upgrade from the Amole app.,5,2025-05-31,Dashen Bank,Google Play,NEUTRAL,0.0
very good for this app,5,2025-05-31,Dashen Bank,Google Play,POSITIVE,0.9099999999999999
top,5,2025-05-31,Dashen Bank,Google Play,POSITIVE,0.5
this app better than Amole . but the biometric on new update doesn't work,4,2025-05-31,Dashen Bank,Google Play,POSITIVE,0.3181818181818182
wow to it saff and this app,5,2025-05-30,Dashen Bank,Google Play,NEUTRAL,0.1
it too slow,3,2025-05-29,Dashen Bank,Google Play,NEGATIVE,-0.30000000000000004
ዳሽን ባንክ ይለያል,4,2025-05-28,Dashen Bank,Google Play,NEUTRAL,0.0
real life changer,5,2025-05-28,Dashen Bank,Google Play,POSITIVE,0.2
👍👍👍,5,2025-05-28,Dashen Bank,Google Play,NEUTRAL,0.0
nice application,5,2025-05-27,Dashen Bank,Google Play,POSITIVE,0.6
useless app ever loading take long,1,2025-05-27,Dashen Bank,Google Play,NEGATIVE,-0.275
"Game changer app! Dashen Bank Super App is fast, secure, and easy to use. The three-click payment makes sending money super quick, and the QR code payment is perfect for cashless shopping. I also love the biometric login and easy airtime and bill payments. Everything I need is in one place. Dashen Bank has really raised the bar for digital banking in Ethiopia. Highly recommended!",5,2025-05-26,Dashen Bank,Google Play,POSITIVE,0.2974358974358975
very useful App,1,2025-05-26,Dashen Bank,Google Play,POSITIVE,0.39
"Simple, robust features? Yes, please! But the endless loading screen killed the fun—I couldn’t use it for days. Fix the glitch, and I’ll yeet a higher rating!",2,2025-05-26,Dashen Bank,Google Play,NEUTRAL,-0.0031250000000000028
Wawww,5,2025-05-24,Dashen Bank,Google Play,NEUTRAL,0.0
it is good but some times says duplicate transaction why?,5,2025-05-24,Dashen Bank,Google Play,POSITIVE,0.7
very Nice,5,2025-05-23,Dashen Bank,Google Play,POSITIVE,0.78
its best,5,2025-05-23,Dashen Bank,Google Play,POSITIVE,1.0
it is not as good as to the other mobile bank app.,1,2025-05-22,Dashen Bank,Google Play,POSITIVE,0.2875
"The best of best is now arrived **Empowering Your Financial Freedom** ""Experience seamless banking at your fingertips with Dashen Bank. Empowering your financial freedom, anytime, anywhere!"" **Innovation Meets Convenience** ""Dashen Bank Mobile Banking: Where innovation meets convenience. **Secure and Reliable** ""Bank with confidence",5,2025-05-22,Dashen Bank,Google Play,POSITIVE,0.4166666666666667
Nothing is changed in the updated version. You have been collecting comments but where is the feed back you improved in this version. superapp is mot functioning today.,4,2025-05-20,Dashen Bank,Google Play,NEUTRAL,0.0
The best app ever in finance sector,5,2025-05-18,Dashen Bank,Google Play,POSITIVE,1.0
Its good app than other compitators but it confuse when we transfer it needs OTP and PIN most user inter their pin instead of OTP we know the litrecy level of our society so if it is device based i dont know the needs of OTP so please try to fix,3,2025-05-18,Dashen Bank,Google Play,POSITIVE,0.35833333333333334
dashen bank or dashen super app?,1,2025-05-17,Dashen Bank,Google Play,POSITIVE,0.3333333333333333
wowwwe app,5,2025-05-17,Dashen Bank,Google Play,NEUTRAL,0.0
"Transferring to other bank accounts is a hastle and inconvenient .Get used to seeing "" please try again """,2,2025-05-17,Dashen Bank,Google Play,NEGATIVE,-0.3625
always lagging,1,2025-05-16,Dashen Bank,Google Play,NEUTRAL,0.0
Amazing Application...,5,2025-05-16,Dashen Bank,Google Play,POSITIVE,0.6000000000000001
"Dashen bank app is very good, but sometimes it is not working well",5,2025-05-15,Dashen Bank,Google Play,POSITIVE,0.9099999999999999
its my choice,5,2025-05-15,Dashen Bank,Google Play,NEUTRAL,0.0
wow apo,5,2025-05-15,Dashen Bank,Google Play,NEUTRAL,0.1
awesome app keep going,5,2025-05-14,Dashen Bank,Google Play,POSITIVE,1.0
"It grows ethiopian digital banking step ahead.All fetures in one,simple fast and convince.",5,2025-05-14,Dashen Bank,Google Play,NEUTRAL,0.1
Game changer,5,2025-05-13,Dashen Bank,Google Play,NEGATIVE,-0.4
Totally amazing,5,2025-05-13,Dashen Bank,Google Play,POSITIVE,0.6000000000000001
super 😎,5,2025-05-13,Dashen Bank,Google Play,POSITIVE,0.3333333333333333
what a helpful app!!!!,5,2025-05-13,Dashen Bank,Google Play,NEUTRAL,0.0
"To be honest, best banking and lifestyle app in Ethiopia.",5,2025-05-12,Dashen Bank,Google Play,POSITIVE,0.8
fast,5,2025-05-12,Dashen Bank,Google Play,POSITIVE,0.2
"A must have, seamless, all in one digital platform ""DB Superapp""! Keep living your motto ""Always one step ahead""",5,2025-05-12,Dashen Bank,Google Play,NEUTRAL,0.05
"This App makes digital banking effortless and convenient. User-friendly interface, secure transactions, and excellent features for managing finances efficiently.",4,2025-05-10,Dashen Bank,Google Play,POSITIVE,0.4666666666666666
Amazing app super easy to use and best design. loved it.,5,2025-05-09,Dashen Bank,Google Play,POSITIVE,0.6133333333333333
its the best ever,5,2025-05-09,Dashen Bank,Google Play,POSITIVE,1.0
excellent game changer App,5,2025-05-08,Dashen Bank,Google Play,POSITIVE,0.3
I am highly excited by using this application and it is the most favorable as well as preferrable mobile app.,5,2025-05-03,Dashen Bank,Google Play,POSITIVE,0.4375
it seems me logging out within minutes,1,2025-05-03,Dashen Bank,Google Play,NEUTRAL,0.0
nice app especially GUI and I have got some error when you send within dashen bank the receipter is not get SMS notification,4,2025-05-03,Dashen Bank,Google Play,POSITIVE,0.3
yes i want dashen super open,5,2025-05-02,Dashen Bank,Google Play,POSITIVE,0.16666666666666666
Best App,5,2025-05-02,Dashen Bank,Google Play,POSITIVE,1.0
faster than this version,5,2025-05-01,Dashen Bank,Google Play,NEUTRAL,0.0
"Best UI mobile banking app, props to design team",5,2025-04-30,Dashen Bank,Google Play,POSITIVE,1.0
bad.,1,2025-04-30,Dashen Bank,Google Play,NEGATIVE,-0.6999999999999998
Dashen bank always one step ahead,5,2025-04-30,Dashen Bank,Google Play,NEUTRAL,0.0
dashen super app is secure band very easy,5,2025-04-29,Dashen Bank,Google Play,POSITIVE,0.4322222222222223
It is very fast and secured mobile banking app! I like this app!,5,2025-04-29,Dashen Bank,Google Play,POSITIVE,0.40625
best app I have ever seen,5,2025-04-29,Dashen Bank,Google Play,POSITIVE,1.0
best of best,5,2025-04-29,Dashen Bank,Google Play,POSITIVE,1.0
Its slow when i try to see the Recent Transaction and stucked,1,2025-04-28,Dashen Bank,Google Play,NEGATIVE,-0.15000000000000002
wowslnwoooo wowwww amazing !!!!!!!!,5,2025-04-28,Dashen Bank,Google Play,POSITIVE,1.0
wow appl,5,2025-04-28,Dashen Bank,Google Play,NEUTRAL,0.1
why do i have to change a pin number i use my finger print so dummy,1,2025-04-27,Dashen Bank,Google Play,NEUTRAL,0.0
"It is very slow and it lacks many features to be a super app. High rating is given by their employees, not by the customers.",1,2025-04-25,Dashen Bank,Google Play,POSITIVE,0.15083333333333332
"Smooth and secure experience transfers, bill payments, and tracking expenses are all effortless. The intuitive design makes banking on the go.",5,2025-04-24,Dashen Bank,Google Play,POSITIVE,0.4
Very easy and Fast.,5,2025-04-24,Dashen Bank,Google Play,POSITIVE,0.3816666666666667
Incomparably user-friendly and fast app for mobile banking.,5,2025-04-24,Dashen Bank,Google Play,POSITIVE,0.30000000000000004
"there is nothing super about this app, repeatedly failed transaction and wastes customer valuable time. if you have to do system upgrade do it at a time when there is less traffic demand. your Technical difficulty should not be reflected on customer.",2,2025-04-24,Dashen Bank,Google Play,NEGATIVE,-0.10666666666666666
execellent,5,2025-04-24,Dashen Bank,Google Play,NEUTRAL,0.0
"This super app is a total game-changer—fast, reliable, and packed with everything I need in one place. It’s seamless and super convenient. Love it!""",5,2025-04-23,Dashen Bank,Google Play,POSITIVE,0.2783333333333333
All in One ✍️secure ✍️reliable ✍️convenient. Digital banking game changer!!,5,2025-04-23,Dashen Bank,Google Play,NEGATIVE,-0.3125
it is incredible product.,5,2025-04-23,Dashen Bank,Google Play,POSITIVE,0.9
"I'm really impressed with this app! It’s user-friendly, runs smoothly, and has all the features I need. Makes my tasks so much easier and saves me a lot of time. Highly recommended!",5,2025-04-23,Dashen Bank,Google Play,POSITIVE,0.44999999999999996
"It's an amazing app, experience it!!",5,2025-04-23,Dashen Bank,Google Play,POSITIVE,0.9375000000000001
This is the best banking app ever. I recommend everyone to use it.,5,2025-04-23,Dashen Bank,Google Play,POSITIVE,1.0
It is the best application!!!,5,2025-04-22,Dashen Bank,Google Play,POSITIVE,1.0
"Exceptional digital experience, SupperApp will bring new paradigm shift in the banking business. Bravo Dashen keep it up!!!!",5,2025-04-22,Dashen Bank,Google Play,POSITIVE,0.33319523358585856
its features are so dynamic,5,2025-04-22,Dashen Bank,Google Play,NEUTRAL,0.0
fast &Friendly user Application.,5,2025-04-22,Dashen Bank,Google Play,POSITIVE,0.2875
"Fast, Reliable and User Friendly. Keep it Up",5,2025-04-22,Dashen Bank,Google Play,POSITIVE,0.2875
"#dashen super app is easy to use, secure & fast transaction😍",5,2025-04-22,Dashen Bank,Google Play,POSITIVE,0.3416666666666666
i love this app esp 3 click that make e-commerce easier and convinient.,5,2025-04-22,Dashen Bank,Google Play,POSITIVE,0.5
Dashen Super App contains extended selections for customers and can be easily accessible and also friendly to use.,5,2025-04-22,Dashen Bank,Google Play,POSITIVE,0.3611111111111111
Great for everyday banking and payments on the go,5,2025-04-22,Dashen Bank,Google Play,POSITIVE,0.30000000000000004
"""Dashen Super App'' is impressive with its focus on simplicity, speed, and quality. The user interface is clean and easy to understand. Transactions process quickly, and the overall quality of the app is top-notch. A must-have for Dashen Bank customers. ዳሸን ባንክ አንድ እርምጃ ቀዳሚ።",5,2025-04-22,Dashen Bank,Google Play,POSITIVE,0.49523809523809526
making transactions has never been easier. the new update is just amazing,5,2025-04-22,Dashen Bank,Google Play,POSITIVE,0.3681818181818182
"The app has various usefull functions, which make easy the payment system. Also, it will connect with sellers having reasonable prices.",5,2025-04-22,Dashen Bank,Google Play,POSITIVE,0.2111111111111111
The app has great user interface with comprehensive payments and E-commerce platforms. And also it includes unique features such as chat Banking and budget.,5,2025-04-22,Dashen Bank,Google Play,POSITIVE,0.39166666666666666
betam mirt Ena betam le atikakem kelel Yale Ena michu application nw,5,2025-04-22,Dashen Bank,Google Play,NEUTRAL,0.0
Convenient!,5,2025-04-22,Dashen Bank,Google Play,NEUTRAL,0.0
It is an amazing application that meets the needs of customers.,5,2025-04-22,Dashen Bank,Google Play,POSITIVE,0.6000000000000001
Effecting payment via the app has created convenience to the recipients in easily confirming the payments received!,5,2025-04-22,Dashen Bank,Google Play,POSITIVE,0.5416666666666667
the best Supper App ever,5,2025-04-22,Dashen Bank,Google Play,POSITIVE,1.0
"This is the best app ever, when is it planned to include digital lending and gasification?",5,2025-04-22,Dashen Bank,Google Play,POSITIVE,0.5
"A powerful, local solution that rivals any global app. I love how easy it is to explore services and products.",5,2025-04-22,Dashen Bank,Google Play,POSITIVE,0.24666666666666667
Dashen bank is my number one choice,5,2025-04-22,Dashen Bank,Google Play,NEUTRAL,0.0
Assefa Genetu = Dashen superup is the latest and inclussive .I am happy with this super up.,5,2025-04-22,Dashen Bank,Google Play,POSITIVE,0.5444444444444444
"The App is incredibly user-friendly and brings multiple services into one place. It's fast, intuitive, and makes daily tasks super convenient. A true all-in-one solution!",5,2025-04-21,Dashen Bank,Google Play,POSITIVE,0.31180555555555556
"Proudly made in Ethiopia, this innovation delivers more than promised. The marketplace is a major boost for local commerce",5,2025-04-21,Dashen Bank,Google Play,POSITIVE,0.340625
it so fanrastic and user friendly app. Bravo Dashen bank thanks.,5,2025-04-21,Dashen Bank,Google Play,POSITIVE,0.2875
"one of the best digital platforms I've used! from smooth transactions to a seamless shopping experience, highly recommended.",5,2025-04-21,Dashen Bank,Google Play,POSITIVE,0.33199999999999996
A proudly Ethiopia innovation that delivers beyond expectations. The marketplace feature is a big win for local shoppers bnd sellers,5,2025-04-21,Dashen Bank,Google Play,POSITIVE,0.4
"Dashen Super App is a game-changer! It’s fast, user-friendly, and packed with features that make everyday banking and transactions super convenient. I love how everything I need from mobile banking to utility payments is all in one place. The interface is clean, and everything works smoothly. Definitely one of the best apps out there. Highly recommended!",5,2025-04-21,Dashen Bank,Google Play,POSITIVE,0.312962962962963
Easy to use and has many options. It is the best financial app I have ever used.,5,2025-04-21,Dashen Bank,Google Play,POSITIVE,0.48333333333333334
"Highly impressed! Dash Bank really nailed it with this app. Secure, reliable, and packed with features I use daily",5,2025-04-21,Dashen Bank,Google Play,POSITIVE,0.4
"One of the best digital platforms I’ve used! From smooth transactions to a seamless shopping experience, Highly recommended",5,2025-04-21,Dashen Bank,Google Play,POSITIVE,0.33199999999999996
"This app has everything I was looking for, dashen is becoming a grandmaster.",5,2025-04-21,Dashen Bank,Google Play,POSITIVE,0.45
Very convenient,5,2025-04-21,Dashen Bank,Google Play,POSITIVE,0.2
"The user experience is seamless, and everything just works perfectly right out of the box. I can’t believe how much time and effort it saves me every day.",5,2025-04-21,Dashen Bank,Google Play,POSITIVE,0.1952380952380952
wawwwww what nice super app !!keep it up dashen bank !!,5,2025-04-21,Dashen Bank,Google Play,POSITIVE,0.7069010416666666
"Dashen SuperApp the ultimate all-in-one solution! From banking and shopping to bill payments, everything you need is right at your fingertips. Life just got a whole lot easier!",5,2025-04-21,Dashen Bank,Google Play,POSITIVE,0.17857142857142858
"It is,really super because of its unique offerings to individuals and businesses.It is a secure UX first app intended to cater comprehensive digital meeds.I am also happy to know that Dashen is considering to make the app more inclusive by lowering the mobile version requirements .",5,2025-04-21,Dashen Bank,Google Play,POSITIVE,0.37976190476190474
"the very easy, secured, fast and multifunctional dashen supper application I ever seen. dashen really one steps ahead!!!",5,2025-04-21,Dashen Bank,Google Play,POSITIVE,0.3846527777777778
"One app for everything! I can shop, manage my bank account , and do so much more . Truly a super app",5,2025-04-21,Dashen Bank,Google Play,POSITIVE,0.41666666666666663
one of the best digital platforms I’ve used! From smooth transactions to a seamless shopping experie,5,2025-04-21,Dashen Bank,Google Play,POSITIVE,0.375
"Dashen Bank super App is the most suitable, reliable, and fast digital banking system.",5,2025-04-21,Dashen Bank,Google Play,POSITIVE,0.31666666666666665
Excellent app.,5,2025-04-21,Dashen Bank,Google Play,POSITIVE,1.0
This is what we call banking app. As professional I want banking app as simple as this and an app rich of features that align with my lifestyle.,5,2025-04-21,Dashen Bank,Google Play,POSITIVE,0.15833333333333333
thanks again,5,2025-04-21,Dashen Bank,Google Play,POSITIVE,0.2
Super Easy To Use and Fast Transaction.,5,2025-04-21,Dashen Bank,Google Play,POSITIVE,0.3222222222222222
"I have an incredible experience with Dashen super app, what an amazing platform is it?. keep pioneering in technological advancement 👏👏👏",5,2025-04-21,Dashen Bank,Google Play,POSITIVE,0.6111111111111112
"i can't recommend the Dashen Super App enough! This app is truly a game changer for anyone looking for a seamless and efficient way to manage their daily life. It combines multiple essential services into one easy-to-use platform, saving time and simplifying tasks The user interface is modern, intuitive, and super responsive, making navigation a breeze. Whether it's banking, payment services, or accessing lifestyle features, everything is just a few clicks away!!",5,2025-04-21,Dashen Bank,Google Play,NEUTRAL,0.025416666666666664
"The app is incredibly handy for managing multiple financial tasks, from bill payments to managing budgets. It’s saved me a lot of time and made banking way more convenient. Definitely worth checking out!",5,2025-04-21,Dashen Bank,Google Play,POSITIVE,0.29500000000000004
what an App,5,2025-04-21,Dashen Bank,Google Play,NEUTRAL,0.0
The new e-commerce feature is incredibly amazing and user friendly.,5,2025-04-21,Dashen Bank,Google Play,POSITIVE,0.3704545454545454
"dashen bank supper app is the most easy to use and have high speed,quality and I like features like chat,budget,fuel payment, and security for my opinion this product is techonolgy edge,this international standard thanks for product oweners (dashen bank)",3,2025-04-21,Dashen Bank,Google Play,POSITIVE,0.21555555555555553
"The Dashen supperapp is a revolutionary advancement in digital banking, combining exceptional usability, an intuitive interface and a seamless user experience. among its standout features are the integration of QR codes, account statement, transaction advise, chat, transaction authentication for limit thresholds, budgeting and different app in a single dashboard. Truly ahead of the curve ..... keep up the excellent work 🤝👏",5,2025-04-21,Dashen Bank,Google Play,POSITIVE,0.28253968253968254
"A proudly Ethiopian innovation that delivers beyond expectations. The marketplace feature is a big win for local shoppers and sellers. Very impressed with the new updates, The e-commerce section is smooth and supports Ethiopian merchants!",5,2025-04-21,Dashen Bank,Google Play,POSITIVE,0.4623376623376623
"Very impressed with the new updates, The e-commerce section is smooth and supports Ethiopian merchants.",5,2025-04-21,Dashen Bank,Google Play,POSITIVE,0.5121212121212121
"Dashen Bank Super App is fast, reliable, and super easy to use. All my banking needs are handled smoothly in one place. Clean design and seamless experience – highly recommended!",5,2025-04-21,Dashen Bank,Google Play,POSITIVE,0.2958333333333334
"Db sup app is A platform or an application that can grasp more satisfactions through fastest mode of operation which means for budget planning, to use QR code(scan, pay, go) chat with staff, acc to acc other bank ft, merchant payment, and easly. I addition to i satisfied and i invite everyone to use those platform!!.",5,2025-04-21,Dashen Bank,Google Play,POSITIVE,0.3854166666666667
the chat banking and unique and only app that alow money request!!,5,2025-04-21,Dashen Bank,Google Play,POSITIVE,0.1875
Better and inclusive app!,5,2025-04-21,Dashen Bank,Google Play,POSITIVE,0.625
Amazing Application,5,2025-04-21,Dashen Bank,Google Play,POSITIVE,0.6000000000000001
It keep my time to pay my bills and I generate my satment easily,5,2025-04-21,Dashen Bank,Google Play,POSITIVE,0.43333333333333335
"It's an amazing app that is up-to-date with the times, wow wow",5,2025-04-21,Dashen Bank,Google Play,POSITIVE,0.26666666666666666
A game-changing Ethiopian innovation—where shopping meets opportunity. The marketplace feature connects buyers and sellers like never before.,5,2025-04-21,Dashen Bank,Google Play,NEUTRAL,0.0
"Dashen Super App isn’t just an app — it’s an experience. Effortless, powerful, and built for the future",5,2025-04-21,Dashen Bank,Google Play,POSITIVE,0.2111111111111111
"This Is An Amazing App with Uniqe Quality,Easy And Fast Mobile Banking App.",5,2025-04-21,Dashen Bank,Google Play,POSITIVE,0.4
"Dashen SuperApp is a lifesaver! Banking, shopping, and bills in one super easy app. The new e-commerce feature is awesome and supports local merchants. Fast, secure, and proudly Ethiopian.Download it now—you won’t regret it!",5,2025-04-21,Dashen Bank,Google Play,POSITIVE,0.43787878787878787
"Dashen SuperApp blends finance, shopping, and daily services effortlessly. The new e-commerce feature is smooth and supports local merchants—proud to back an Ethiopian-made solution!",5,2025-04-21,Dashen Bank,Google Play,POSITIVE,0.10727272727272727
"A solid step forward by Dashen Bank. The SuperApp combines essential banking features with lifestyle services, making everything accessible in one place. The interface is smooth, and transactions are quick and reliable. It’s clear a lot of thought went into the design and functionality. Great job!",5,2025-04-21,Dashen Bank,Google Play,POSITIVE,0.3154761904761905
Dashen bank super app is the crucial and convenient app in Ethiopia. there is no other app to compare with Dashen bank super app,5,2025-04-21,Dashen Bank,Google Play,POSITIVE,0.18229166666666666
"All-in-one finance & e-commerce super app! Pay, save, shop seamlessly. Fast, secure. #BankAndShop",5,2025-04-21,Dashen Bank,Google Play,POSITIVE,0.33888888888888885
it's a hestorical app. in the bank industry.,5,2025-04-21,Dashen Bank,Google Play,NEUTRAL,0.0
"A game changer in Ethiopian digital banking fast, secure, and packed with services. Everything you need, all in one powerful app. A true leap toward financial convenience and innovation!",4,2025-04-21,Dashen Bank,Google Play,POSITIVE,0.12142857142857143
"easy &,simple to use",5,2025-04-21,Dashen Bank,Google Play,POSITIVE,0.21666666666666667
"Banking, but make it smart. Local solutions, all in one place. Smooth, fast, and actually saving time. Feels like the future. Love it!",5,2025-04-21,Dashen Bank,Google Play,POSITIVE,0.20561224489795918
"All in one, that is it 👌",5,2025-04-21,Dashen Bank,Google Play,NEUTRAL,0.0
", Dashen Bank Supper App is multipurpose, convenient, very attractive and Make life easier",5,2025-04-21,Dashen Bank,Google Play,POSITIVE,1.0
very easy and flexible app.,5,2025-04-21,Dashen Bank,Google Play,POSITIVE,0.5633333333333334
"I choose Dashen Bank Super Up since, it is easy to use & it has attractive features !",5,2025-04-21,Dashen Bank,Google Play,POSITIVE,0.5888888888888889
dashen super app is simple faster and reliable.,5,2025-04-21,Dashen Bank,Google Play,POSITIVE,0.16666666666666666
"Dashen Bank Super App is a game-changer! The user-friendly design, wide range of services, and smooth performance make it incredibly convenient for everyday banking. It’s fast, secure, and truly reflects the bank’s commitment to digital excellence. Highly recommended!",5,2025-04-21,Dashen Bank,Google Play,POSITIVE,0.24629629629629632
"The app keeps getting better with every update! Smooth performance, great UI, and top-notch security. Thank you for making banking so convenient!""",5,2025-04-21,Dashen Bank,Google Play,POSITIVE,0.70625
this app is the most simply to use and secure safe i love it to use for any bank transaction,5,2025-04-21,Dashen Bank,Google Play,POSITIVE,0.38
"After i download the app recently had a smooth expriance, its user friendly, fast, and everything works as expected. keep up the good work.",5,2025-04-21,Dashen Bank,Google Play,POSITIVE,0.2625
An app with High performance and advanced features!,5,2025-04-21,Dashen Bank,Google Play,POSITIVE,0.33
"It is a very user friendly, attractive user interface, full of useful features. I really encourage everyone to give it a try.",5,2025-04-21,Dashen Bank,Google Play,POSITIVE,0.37083333333333335
"Good actually , but it have to WORK when developer option is on 🙏",5,2025-04-21,Dashen Bank,Google Play,POSITIVE,0.35
"All-in-one convenience, From managing accounts to paying bills and shopping online and the chat banking is game changer, this app does it all seamlessly.",5,2025-04-21,Dashen Bank,Google Play,NEGATIVE,-0.15000000000000002
I appreciate that Dashen Bank takes lifestyle services into account.,5,2025-04-21,Dashen Bank,Google Play,NEUTRAL,0.0
keep it up!,5,2025-04-21,Dashen Bank,Google Play,NEUTRAL,0.0
amazing app really i loved it .that's why we say dashen bank is one stap ahead. It's the best mobile application that should be on every phone.,5,2025-04-21,Dashen Bank,Google Play,POSITIVE,0.7666666666666666
very comfortable app keep it,5,2025-04-21,Dashen Bank,Google Play,POSITIVE,0.52
it has clear detail information about the application so it helps customer how to use the app. and it is very easy to use and also app is secure.,5,2025-04-21,Dashen Bank,Google Play,POSITIVE,0.3544444444444445
"I have been using the Dashen Supper app mobile banking app , and overall, I appreciate its features.However,I’ve noticed that when I turn on the developer options on my device, the app stops functioning properly. It would be great if you could look into this issue, as I often need to access developer settings for other applications . Thank you for your attention to this matter!",5,2025-04-21,Dashen Bank,Google Play,POSITIVE,0.1609375
easiness to use with fast response time,5,2025-04-21,Dashen Bank,Google Play,POSITIVE,0.2
"The new mobile banking application is a major upgrade! It’s incredibly user-friendly, with a clean and modern design that makes navigation simple and intuitive. I really appreciate how fast it loads and how smooth the overall experience is. All essential services like balance checks, transfers, and bill payments are eas y to find and use. The added security features give me peace of mind, and the app runs reliably without crashes or glitches. It’s clear a lot of thought went into the user experi",5,2025-04-21,Dashen Bank,Google Play,POSITIVE,0.21509627525252525
"As an Internal Customer, Dashen Bank SuperApp has greatly simplified my online banking experience. It's easy to use, allowing me to quickly check balances, transfer money and pay Bills. The app's advanced security features are highly secure, ensuring my data is well protected. The Three click, Chat Banking and IPS features have also given me a smarter experience. In deed Dashen Bank is always steping ahead!",5,2025-04-21,Dashen Bank,Google Play,POSITIVE,0.41111111111111115
"A truly impressive app — user-friendly and a game-changer in Ethiopian banking. The Dashen Super App stands out as one of the most innovative and convenient digital banking solutions in Ethiopia’s financial history. Smooth navigation, seamless features, and a wide range of services all in one place. Well done!",5,2025-04-21,Dashen Bank,Google Play,POSITIVE,0.3009259259259259
dashen bank super up has very fast and convenience and also it has contain more things on one app .I am very interesting to use dashen bank super up,5,2025-04-21,Dashen Bank,Google Play,POSITIVE,0.41533333333333333
"The Dashen Bank Super App has truly elevated my mobile banking experience. It's fast, user-friendly, and packed with all the essential features. The interface is clean and intuitive, making navigation easy even for first-time users. I also appreciate the added security features that give me peace of mind while banking on the go. Dashen Bank has done an amazing job with this app—it’s reliable, efficient, and always improving. Highly recommended for anyone looking for seamless digital banking!",5,2025-04-21,Dashen Bank,Google Play,POSITIVE,0.24370370370370376
A fantastic product!! keep the good work.,5,2025-04-21,Dashen Bank,Google Play,POSITIVE,0.6625
"I am very impressed with the Dashen super app. It is user-friendly and operates efficiently. The budget and chatbot features are impressive, and all items can be purchased with just three clicks.",5,2025-04-21,Dashen Bank,Google Play,POSITIVE,0.7777777777777777
"The Dashen Super App offers a quick and user-friendly experience, bringing together a variety of services, like budgeting, payments, airtime recharges, and more, all in one convenient platform. Its sleek design and intuitive navigation ensure effortless transactions. It's evident that Dashen Bank has carefully crafted the app to make everyday financial activities easier. A great choice for anyone aiming to streamline their digital routines!",5,2025-04-21,Dashen Bank,Google Play,POSITIVE,0.20166666666666666
Dashen supper App is the most useful app for our customers,5,2025-04-21,Dashen Bank,Google Play,POSITIVE,0.4
it is the most amazing mobile app,5,2025-04-21,Dashen Bank,Google Play,POSITIVE,0.55
A Good and fast supper app thanks for dashen bank,5,2025-04-21,Dashen Bank,Google Play,POSITIVE,0.36666666666666664
"Dear Users of the Dashen Bank Super App,I have been using the Dashen Bank Super App for a while now, and I must say—it’s truly a game-changer! The app is incredibly fast and reliable; I’ve never encountered any delays with my transactions. One feature I absolutely love is Chat Banking. It makes everyday tasks like checking my balance or transferring money as simple as sending a quick message. Also, the budgeting tool has been a huge help in tracking my spending and giving me a clearer",5,2025-04-21,Dashen Bank,Google Play,POSITIVE,0.24791666666666665
Too best,1,2025-04-21,Dashen Bank,Google Play,POSITIVE,1.0
"Dashen Bank Super Up,use the app and makes your easy,fast,convinent.",5,2025-04-21,Dashen Bank,Google Play,POSITIVE,0.3333333333333333
To join digital world use supper app and make your life easy,5,2025-04-21,Dashen Bank,Google Play,POSITIVE,0.21666666666666667
best mobile banking application,5,2025-04-21,Dashen Bank,Google Play,POSITIVE,1.0
"This banking superapp is incredibly well designed. The design and appearance of the app and the overall experience I have when using the app is fantastic. The app is packed with features from banking to e-commerce all in one place.It even has a budget setting option which is super useful for managing my money. Everything runs smoothly and I love how convenient it has made my daily life. Huge Kudos to Dashen Bank. You are truly living up to the motto ''Always one step ahead."" Keep it up!",5,2025-04-21,Dashen Bank,Google Play,POSITIVE,0.3703703703703704
I was really amazed by the idea of an e-commerce service on a banking app. This is what it means to be one step ahead. Please include all kinds of products in there as soon as possible.,5,2025-04-21,Dashen Bank,Google Play,NEUTRAL,0.1
this is what we expect to get service Dashen Bank always like his slogan,5,2025-04-21,Dashen Bank,Google Play,NEUTRAL,0.0
"Dashen SupApp is the most contemporary application, offering a great experience by enabling users to perform multiple tasks through a single platform—such as chatting with friends, transferring money, paying bills, and more. It is the first app of its kind in the Ethiopian banking industry, making it a remarkable opportunity for entrepreneurs working in app-based sales and software marketing. Good job, Dashen Bank!",5,2025-04-21,Dashen Bank,Google Play,POSITIVE,0.43702380952380954
Dashen Super App gives me an amazing convenience and makes life easy.,5,2025-04-21,Dashen Bank,Google Play,POSITIVE,0.45555555555555555
excellent mobile banking app,5,2025-04-21,Dashen Bank,Google Play,POSITIVE,1.0
Wow! like his name Super App...,5,2025-04-21,Dashen Bank,Google Play,POSITIVE,0.22916666666666666
Dashen supper app is the most special. ይምቾቱ ይለያያል!!!!,5,2025-04-21,Dashen Bank,Google Play,POSITIVE,0.6859654017857143
convenient and fast,5,2025-04-21,Dashen Bank,Google Play,POSITIVE,0.2
Best- in-class app.,5,2025-04-21,Dashen Bank,Google Play,POSITIVE,1.0
I really like this amazing application and Dashen Supper app that has made my life easier.,5,2025-04-21,Dashen Bank,Google Play,POSITIVE,0.4
Superb,5,2025-04-21,Dashen Bank,Google Play,POSITIVE,1.0
"amazing features, faster and easy to use",5,2025-04-21,Dashen Bank,Google Play,POSITIVE,0.5166666666666667
"The Dashen Super App offers a modern, user-friendly experience that leverages the latest technological advancements to deliver a seamless e-commerce platform",5,2025-04-21,Dashen Bank,Google Play,POSITIVE,0.24666666666666667
Best App!,5,2025-04-21,Dashen Bank,Google Play,POSITIVE,1.0
I love it. one of the best mobile banking app in the banking industry,5,2025-04-21,Dashen Bank,Google Play,POSITIVE,0.75
I love this app,5,2025-04-21,Dashen Bank,Google Play,POSITIVE,0.5
no working for me hulum information asgebiche continue or accept yemilew button ayeseram my phone is Samsung A51,1,2025-04-21,Dashen Bank,Google Play,NEUTRAL,0.0
waw no idea the best app.,5,2025-04-19,Dashen Bank,Google Play,POSITIVE,1.0
fast best app,5,2025-04-19,Dashen Bank,Google Play,POSITIVE,0.6
Nice App,5,2025-04-18,Dashen Bank,Google Play,POSITIVE,0.6
nice app ever,5,2025-04-17,Dashen Bank,Google Play,POSITIVE,0.6
very disappointing app. Closes frequently and unstable in function,2,2025-04-17,Dashen Bank,Google Play,NEGATIVE,-0.34
"Feature-rich? Absolutely. But the speed? Painfully slow. Seriously, is it communicating with a server on Mars or something?",5,2025-04-16,Dashen Bank,Google Play,NEGATIVE,-0.14444444444444446
nic app,5,2025-04-16,Dashen Bank,Google Play,NEUTRAL,0.0
"The Dashen Super App delivers a remarkably fast, highly secure, and exceptionally user-friendly experience, establishing it as a leading application in its category.keep it up and stay ahead Dashen Bank.",5,2025-04-14,Dashen Bank,Google Play,POSITIVE,0.4
So far so good! their in person customer service is amazing 👏,5,2025-04-14,Dashen Bank,Google Play,POSITIVE,0.525
The app is very backward and doesn't always work. If it works three hours out of 24 hours it's great!😥,1,2025-04-14,Dashen Bank,Google Play,POSITIVE,0.2
ምርጫዬ ነው,5,2025-04-13,Dashen Bank,Google Play,NEUTRAL,0.0
It's bad for the connection and too many days are it that not working,1,2025-04-12,Dashen Bank,Google Play,NEUTRAL,-0.09999999999999992
it's samart,5,2025-04-10,Dashen Bank,Google Play,NEUTRAL,0.0
"The app is not working properly, I have been using it.",1,2025-04-10,Dashen Bank,Google Play,NEUTRAL,0.0
it is very good app,5,2025-04-10,Dashen Bank,Google Play,POSITIVE,0.9099999999999999
"I had a disappointing experience with Dashen Bank's Super Up service. The app is very slow and takes forever to load during transactions, which is incredibly frustrating. Additionally, it doesn't generate receipts for any transactions, making it difficult to keep track of my expenses. I also reached out to customer support, but the response time was longer than expected. Overall, I was hoping for a better experience, but I find the service lacking and in need of improvement.",2,2025-04-09,Dashen Bank,Google Play,NEGATIVE,-0.14458333333333334
slow cumbersome,3,2025-04-08,Dashen Bank,Google Play,NEGATIVE,-0.30000000000000004
Is really 💀,2,2025-04-08,Dashen Bank,Google Play,POSITIVE,0.2
It's slow to send OTP. it's not reliable. It crushed many times. It needs improvement in many ways,1,2025-04-07,Dashen Bank,Google Play,POSITIVE,0.15
"This is the worst mobile banking experience I’ve ever had. It doesn’t work when you need it, and it randomly updates itself without warning. You can’t make transactions whenever you want. It’s a nightmare for anyone who relies on this as their main banking option, especially those with a lot of money in their account. I’m lucky I’m not one of them, but still, it’s infuriating not being able to access your money when you need it.""l",1,2025-04-07,Dashen Bank,Google Play,NEGATIVE,-0.15714285714285717
"I have experienced on using the app of Banks in Ethiopia, this Dashen sup is like old version of the applications for using. I gave 3 star for it's very low speed while login and processing",3,2025-04-07,Dashen Bank,Google Play,POSITIVE,0.3
proud by dashen bank,5,2025-04-06,Dashen Bank,Google Play,POSITIVE,0.8
This app is not working unless you turn off developer mode on your phone. So it takes your rights to just use it.,2,2025-04-04,Dashen Bank,Google Play,NEUTRAL,0.0
real super up,5,2025-04-04,Dashen Bank,Google Play,POSITIVE,0.5
it's very disappointing fix it as soon as possible not expected from dashin bank fix it,1,2025-04-04,Dashen Bank,Google Play,NEGATIVE,-0.24333333333333332
why dashen bank workers hidden my ATM Card 🏧?it's a big problem to me,5,2025-04-04,Dashen Bank,Google Play,NEUTRAL,-0.08333333333333333
tanku,5,2025-04-04,Dashen Bank,Google Play,NEUTRAL,0.0
goood,5,2025-04-02,Dashen Bank,Google Play,NEUTRAL,0.0
why does it ask me for both pin and opt even the opt is touch let alone both,2,2025-04-02,Dashen Bank,Google Play,NEUTRAL,0.0
it is best app easy to use,5,2025-04-01,Dashen Bank,Google Play,POSITIVE,0.7166666666666667
It is very easy to use and powerful application.,3,2025-04-01,Dashen Bank,Google Play,POSITIVE,0.43166666666666664
this apps have a good feature but but some features like developer mode turn off irritate user,3,2025-04-01,Dashen Bank,Google Play,POSITIVE,0.7
"This is not only a mobile banking app, it is beyond that. We will access our account easily, we are able to get many information easily here. i.e. exchage rate. We are able to chat with others, we are able to budget, we are able to transfer to other bank and within Dashen. we are able to access many accounts in a single app, we are able to pay bills in QR scan, we are able to make payments and order delivery items here in a single app. #Always one step ahead.",5,2025-03-31,Dashen Bank,Google Play,POSITIVE,0.339920634920635
wallahi very fantastic Bank,5,2025-03-31,Dashen Bank,Google Play,POSITIVE,0.52
"Waw, It's amazing app. thank you Dashen Bank.",5,2025-03-31,Dashen Bank,Google Play,POSITIVE,0.6000000000000001
"I’ve been using the Dashen Bank Super App for a while now, and it’s been a game-changer. The app is super fast and reliable—I’ve never had an issue with transactions being delayed. One of my favorite features is the chat banking, which makes it so easy to do things like check my balance or transfer money just by typing a quick message. The budgeting tool is also really useful. It helps me keep track of my spending and gives me a clear picture of where",5,2025-03-28,Dashen Bank,Google Play,POSITIVE,0.31666666666666665
Very good app that like it too. B/c it is very fast and easy to use.,5,2025-03-26,Dashen Bank,Google Play,POSITIVE,0.5344444444444444
best experiences,5,2025-03-26,Dashen Bank,Google Play,POSITIVE,1.0
too slow to use.,1,2025-03-26,Dashen Bank,Google Play,NEGATIVE,-0.30000000000000004
the worst app in the market only good ui,1,2025-03-22,Dashen Bank,Google Play,NEGATIVE,-0.10000000000000002
nic,5,2025-03-22,Dashen Bank,Google Play,NEUTRAL,0.0
በጣም ቅልል ያለ አፕ በርቱልን ለአጠቃቀም ምቹ,5,2025-03-22,Dashen Bank,Google Play,NEUTRAL,0.0
thanks for all digital transaction,5,2025-03-21,Dashen Bank,Google Play,NEUTRAL,0.1
"This app is not supporting smart phones that have old android version and so it is none inclusive. At the same time the amole lite is not working properly and once you reached to maximum otp trail mistakes due to network or other errors like stacks , you will be tied up to make Transactions. Ohh... tired!!!!!",1,2025-03-20,Dashen Bank,Google Play,NEGATIVE,-0.13258928571428572
it's Be Come Busy &not working good,1,2025-03-20,Dashen Bank,Google Play,POSITIVE,0.39999999999999997
I wanted to share some concerns about your Supper App. It appears to be experiencing reliability issues and isn’t performing as expected. I hope this can be addressed soon to improve the user experience. One star 🌟 for now.,1,2025-03-19,Dashen Bank,Google Play,NEUTRAL,-0.1
"best ever digital banking sector essay for understanding ,smart and convince for using",5,2025-03-19,Dashen Bank,Google Play,POSITIVE,0.4047619047619047
good and latest,5,2025-03-18,Dashen Bank,Google Play,POSITIVE,0.6
The best App of all,5,2025-03-17,Dashen Bank,Google Play,POSITIVE,1.0
Worst app ever,1,2025-03-15,Dashen Bank,Google Play,NEGATIVE,-1.0
"This app is the most unreliable mobile banking application I have ever used for transaction, it is very late, non-responsive and full of bugs. Its is very disappointing. It is just inconvinient, and not user friendly and compatabke at all !!!!!!",1,2025-03-14,Dashen Bank,Google Play,POSITIVE,0.13599999999999998
Naiycapp,5,2025-03-14,Dashen Bank,Google Play,NEUTRAL,0.0
The app is good but it has no USSD option,4,2025-03-13,Dashen Bank,Google Play,POSITIVE,0.7
Hey great,5,2025-03-12,Dashen Bank,Google Play,POSITIVE,0.8
I have used many mobile banking and also tellebir and mpesa nothing come close to this app. Well done Dashen indeed one step a head. A lot of cool features that amole hasn't the receipt and the account statement is superb for me. I hope you add more integrated small apps to.,5,2025-03-12,Dashen Bank,Google Play,POSITIVE,0.42000000000000004
The app is good but it ask update every week so tiring,2,2025-03-11,Dashen Bank,Google Play,POSITIVE,0.7
It good and easy to use,5,2025-03-11,Dashen Bank,Google Play,POSITIVE,0.5666666666666667
በጣም አሪፍ መተግበሪያ ነው ። አመሠግናለሁ ።,5,2025-03-10,Dashen Bank,Google Play,NEUTRAL,0.0
"Greately improved since it was released! I really like the budget and expense tegistration feature. For ATM or POS withdrawals, it is not possible to account these expenses, even if it is visible on the transactions window. If that can be worked on, it will be improve so much!!",5,2025-03-10,Dashen Bank,Google Play,POSITIVE,0.1708333333333333
Wow Excellent app,5,2025-03-08,Dashen Bank,Google Play,POSITIVE,0.55
Nice app but i experience some issues with others banks transfer it keeps saying account is not exist most of the time.,4,2025-03-08,Dashen Bank,Google Play,POSITIVE,0.55
Add the option to send money to any telebirr account like amole does.,3,2025-03-08,Dashen Bank,Google Play,NEUTRAL,0.0
It's best,5,2025-03-08,Dashen Bank,Google Play,POSITIVE,1.0
no one dashen yichlal,5,2025-03-07,Dashen Bank,Google Play,NEUTRAL,0.0
In short ! I'm so proud of this app developers for their highest professional of developing. Thanks,5,2025-03-06,Dashen Bank,Google Play,POSITIVE,0.275
The speed is too slow. Need some improvements.,2,2025-03-06,Dashen Bank,Google Play,NEGATIVE,-0.30000000000000004
Fantastic app,5,2025-03-01,Dashen Bank,Google Play,POSITIVE,0.4
I wish dark mode feature is add as an option but it's good app,5,2025-02-27,Dashen Bank,Google Play,POSITIVE,0.27499999999999997
"Super Up is the ultimate digital banking app, living up to its name with speed, efficiency, and innovation. Designed for a seamless experience, it offers lightning-fast transactions, top-tier security, and effortless financial management. With Super Up, banking has never been this smooth, smart, and super!",5,2025-02-26,Dashen Bank,Google Play,POSITIVE,0.18976190476190474
"The Dashen Super App is a game-changer in digital banking, offering a seamless and convenient experience. With its user-friendly interface, fast transactions, and a wide range of financial services, it simplifies banking for customers. Features like bill payments, fund transfers, mobile top-ups, and loan applications make it an all-in-one solution. Plus, its security measures ensure safe and reliable Experiance effortless banking",5,2025-02-26,Dashen Bank,Google Play,POSITIVE,0.1476190476190476
ከጰነጨየጠ,2,2025-02-26,Dashen Bank,Google Play,NEUTRAL,0.0
"It has good feature. But, it is Very Slow! difficult to pay or receive. The Speed should be improved, else I didn't recommend.",2,2025-02-24,Dashen Bank,Google Play,NEUTRAL,-0.09583333333333338
አፕልኬሽኑ አሪፍ ሆኖ ሳለ ቴሌብር ወደራስ ብቻ ለምን ሆነ እንደ ድሮው ለሰውም መላክ ቢቻል,4,2025-02-22,Dashen Bank,Google Play,NEUTRAL,0.0
No good,1,2025-02-22,Dashen Bank,Google Play,NEGATIVE,-0.35
Wow amazing app,5,2025-02-21,Dashen Bank,Google Play,POSITIVE,0.35000000000000003
best platform... Please avoid otp,5,2025-02-21,Dashen Bank,Google Play,POSITIVE,1.0
Super smart app.,5,2025-02-18,Dashen Bank,Google Play,POSITIVE,0.2738095238095238
best 👍👍,5,2025-02-16,Dashen Bank,Google Play,POSITIVE,1.0
I don't know what happens but the application is not send verification pass code you should fix that,1,2025-02-16,Dashen Bank,Google Play,NEUTRAL,0.0
This app doesn't work on my phone my phone is Samsung Galaxy s7 android version 9 All other financial apps work like telebirr CBE M_pesa...,1,2025-02-14,Dashen Bank,Google Play,NEUTRAL,-0.0625
"Dashen Super app is secure, very easy to use and has more services uniquely like budgeting, chat, IPS...",5,2025-02-14,Dashen Bank,Google Play,POSITIVE,0.43433333333333335
Amazing and user friendly supper app and looking forward the additional features,5,2025-02-14,Dashen Bank,Google Play,POSITIVE,0.48750000000000004
it's amazing app i have seen ever,5,2025-02-13,Dashen Bank,Google Play,POSITIVE,0.6000000000000001
One star deducted for not to able to transfer to telebirr.,4,2025-02-13,Dashen Bank,Google Play,POSITIVE,0.5
ጥሩ ነው ግን በደንብ ሊሸሻል ይገባል,4,2025-02-13,Dashen Bank,Google Play,NEUTRAL,0.0
ፍጥነቱ በጣም አሪፍ ነው! እና ቀለል ያለ ነው ! ነገር ግን ተጨማሪ ወደ ቴሌብር ኤጀንት መላኪያ አፕ ቢካተትበት ጥሩ ነው::,4,2025-02-12,Dashen Bank,Google Play,NEUTRAL,0.0
Keep up the good work and pleas add water and electric utility payment,5,2025-02-12,Dashen Bank,Google Play,POSITIVE,0.7
The app missed some important features 1. It does't show recent transactions 2. Transfer to Telebirr limited to own telebirr 3. The statement does't show running balance,2,2025-02-11,Dashen Bank,Google Play,POSITIVE,0.23214285714285715
"Simple, Fast and Easy ⭐⭐⭐🎉",4,2025-02-10,Dashen Bank,Google Play,POSITIVE,0.2111111111111111
"የሚገርም aplication ነው, ነገር ግን ብር ትራንስፈር ሲደረግ ያለ ፒን መሆኑ risk አለው ሁሉ ጊዜ የ ትራንስፈር መደምደሚያ ፒን መሆን አለበት!!!!!!!!!!!!:: አሱ ቢስተካከል 5 star አስከዛው ግን 4 ሰጥቻለው::",4,2025-02-09,Dashen Bank,Google Play,NEUTRAL,0.0
Baankii daashin baankii hudna galeessa galatoomaa isinii woliin jirra Godina jimmaa magaalaa Aggaaroo irraa Muaz Abamecha Abamilki,5,2025-02-07,Dashen Bank,Google Play,NEUTRAL,0.0
It doesn't work,1,2025-02-07,Dashen Bank,Google Play,NEUTRAL,0.0
"#Dashen Super App; Super easy to use, secure, and fast transaction. Love it!",5,2025-02-07,Dashen Bank,Google Play,POSITIVE,0.3875
"I tried the new Dash Bank Super App today, and it's amazingly easy and fun.I recommend you download and use it. You really like it",5,2025-02-06,Dashen Bank,Google Play,POSITIVE,0.27575757575757576
Gud app kegza ga mezmn endze new aind ermjh kedme nachu hlam,5,2025-02-06,Dashen Bank,Google Play,POSITIVE,0.13636363636363635
"Good app, bad security",3,2025-02-06,Dashen Bank,Google Play,NEUTRAL,5.551115123125783e-17
On Transaction page only show sent Transaction. Try to include received transaction.,4,2025-02-06,Dashen Bank,Google Play,NEUTRAL,0.0
Wonderful Application 😍,5,2025-02-05,Dashen Bank,Google Play,POSITIVE,1.0
I loved it,5,2025-02-05,Dashen Bank,Google Play,POSITIVE,0.7
አሁን ገና አንድ እርምጃ ቀደማችው,5,2025-02-04,Dashen Bank,Google Play,NEUTRAL,0.0
I am so thankful for having this best app Dashen one step ahead,5,2025-02-04,Dashen Bank,Google Play,POSITIVE,1.0
Not good this app,1,2025-02-04,Dashen Bank,Google Play,NEGATIVE,-0.35
Excellent app ever but it needs improvement on speed and transaction lists,1,2025-02-03,Dashen Bank,Google Play,POSITIVE,1.0
"It does not work functional ,",1,2025-02-02,Dashen Bank,Google Play,NEUTRAL,0.0
all of dashen bank customers use the application it is good to use,5,2025-02-01,Dashen Bank,Google Play,POSITIVE,0.7
Gret experience,5,2025-02-01,Dashen Bank,Google Play,NEUTRAL,0.0
All good we need more,3,2025-01-31,Dashen Bank,Google Play,POSITIVE,0.6
"Dashen super app is easy to use, fast and robust",5,2025-01-31,Dashen Bank,Google Play,POSITIVE,0.3222222222222222
it was amazing app.....thank you dashen bank....,5,2025-01-30,Dashen Bank,Google Play,POSITIVE,0.6000000000000001
Dashen bank super app for easy life.,5,2025-01-30,Dashen Bank,Google Play,POSITIVE,0.3833333333333333
Excellent UI/UX and beyond Banking services👍👍,5,2025-01-30,Dashen Bank,Google Play,POSITIVE,1.0
Send to oher bank የሚለዉ ዉስጥ ገብተን ወደ addisinternational bank ለመላክ አይሰራም ሁለተኛ ደግሞ ወደ cbe birr ለመላክ account number ይጠይቃል ሞባይል ነበር ነዉ መጠየቅ ያለበት ይመስለኛል,2,2025-01-29,Dashen Bank,Google Play,NEUTRAL,0.0
Just Wow,5,2025-01-29,Dashen Bank,Google Play,NEUTRAL,0.1
mobile banking to the next level,5,2025-01-28,Dashen Bank,Google Play,NEUTRAL,0.0
The first 3 star review is me,3,2025-01-25,Dashen Bank,Google Play,POSITIVE,0.25
Is not working,1,2025-01-25,Dashen Bank,Google Play,NEUTRAL,0.0
"Fast, reliable and user friendly. Amazing chatting features. Keep it up! Always one step ahead!",5,2025-01-24,Dashen Bank,Google Play,POSITIVE,0.5041666666666668
V good ❗️,5,2025-01-24,Dashen Bank,Google Play,POSITIVE,0.7
"This app is literally the best thing ever The chat banking is so easy just text and it’s done Super smooth, fast, and honestly a life saverIf you haven’t downloaded it yet you’re missing out big time",5,2025-01-23,Dashen Bank,Google Play,POSITIVE,0.3458333333333333
I only see white page,2,2025-01-23,Dashen Bank,Google Play,NEUTRAL,0.0
Excellent banking app for all your needs! Who needs a physical branch when you can use Dashen Bank Super App Instead! I've never had an issue with anything that Dashen Bank Super App haven't handled swiftly and resolved to my satisfaction and above I don't often write reviews but this is an app/bank that I would highly recommended to everyone 💯 👌👍,5,2025-01-22,Dashen Bank,Google Play,POSITIVE,0.3183333333333333
Amizing Application 😍,5,2025-01-22,Dashen Bank,Google Play,NEUTRAL,0.0
Fastest and easy to use,5,2025-01-22,Dashen Bank,Google Play,POSITIVE,0.43333333333333335
ስም ብቻ 😏,2,2025-01-21,Dashen Bank,Google Play,NEUTRAL,0.0
Exellent app with exellent banking system and exellent bank ever,5,2025-01-21,Dashen Bank,Google Play,NEUTRAL,0.0
Amazing app to use as usual! But why option of transferring to Telebirr and M pesa which was available on Amole app is omitted?? Dasheen is my favourite keep it up.,4,2025-01-20,Dashen Bank,Google Play,POSITIVE,0.2291666666666667
Needs some improvement,5,2025-01-20,Dashen Bank,Google Play,NEUTRAL,0.0
Amazing super app,5,2025-01-19,Dashen Bank,Google Play,POSITIVE,0.4666666666666667
I hope it will be better than amole,5,2025-01-18,Dashen Bank,Google Play,POSITIVE,0.5
Wly Super App ilove it ❤️ 😍 💖 💕,5,2025-01-18,Dashen Bank,Google Play,POSITIVE,0.3333333333333333
Dashen yichalal. Ewnetem one step a head,5,2025-01-17,Dashen Bank,Google Play,NEUTRAL,0.0
It has a Good performance but need more upgrade for more performance like when we login account not be fast balance show other thing looking good. Carry on. Thanks so much for Greatest service,4,2025-01-17,Dashen Bank,Google Play,POSITIVE,0.4305555555555556
"It is a very wonderful work that has saved its time. That is why it is ""Always one step ahead!""",5,2025-01-17,Dashen Bank,Google Play,POSITIVE,1.0
“Life-changing!” I can’t imagine going back to traditional banking after using this app. It’s so convenient.,5,2025-01-17,Dashen Bank,Google Play,NEUTRAL,0.0
Pro max,5,2025-01-17,Dashen Bank,Google Play,NEUTRAL,0.0
