review,rating,date,bank,source,sentiment_label,sentiment_score,processed_text,theme
A great app. It's like carrying a bank in your pocket.,4,2025-06-07,CBE,Google Play,POSITIVE,0.8,great app like carrying bank pocket,UI/UX
More than garrantty bank EBC.,4,2025-06-07,CBE,Google Play,POSITIVE,0.5,garrantty bank ebc,Other
really am happy to this app it is Siple to use everything,5,2025-06-07,CBE,Google Play,POSITIVE,0.8,really happy app siple use everything,UI/UX
I liked this app. But the User interface is very basic and not attractive at all.,2,2025-06-07,CBE,Google Play,NEUTRAL,0.0666666666666666,liked app user interface basic attractive,UI/UX
"""Why don’t your ATMs support account-to-account transfers like other countries( Kenya, Nigeria , South africa)""",4,2025-06-06,CBE,Google Play,NEGATIVE,-0.125,atm support transfer like country kenya nigeria south africa,Transactions
what is this app problem???,1,2025-06-05,CBE,Google Play,NEUTRAL,0.0,app problem,UI/UX
the app is proactive and a good connections.,5,2025-06-05,CBE,Google Play,POSITIVE,0.7,app proactive good connection,UI/UX
I cannot send to cbebirr app. through this app.,3,2025-06-05,CBE,Google Play,NEUTRAL,0.0,send cbebirr app app,UI/UX
good,4,2025-06-05,CBE,Google Play,POSITIVE,0.7,good,Other
not functional,1,2025-06-05,CBE,Google Play,NEUTRAL,0.0,functional,Other
"everytime you uninstall the app you have to reach them out physically. very oldy! if that's one of security layer, they'd check for fraud attempt via app source directly(source:- app store, play store ... etc) implicitly ! we are in 2025, physical presence for every app install is traditional(traditionally very rare).",1,2025-06-04,CBE,Google Play,POSITIVE,0.2341666666666666,everytime uninstall app reach physically oldy one security layer check fraud attempt via app source directly source app store play store etc implicitly physical presence every app install traditional traditionally rare,UI/UX
አካውንት የምናስገባበት ቦታ ስም ጽፈን ነው ከዚህ በፊት የላክንባቸውን አካዉንቶች የምንፈልገዉ ነገር ግን አዲስ አካውንቶች mr ብለዉ የሚጀምሩ በዝተዋል ግን አፕልኬሽኑ space ስንጽፍ አይቀበልም ቢስተካከል,4,2025-06-04,CBE,Google Play,NEUTRAL,0.0,አካውንት የምናስገባበት ቦታ ስም ጽፈን ነው ከዚህ በፊት የላክንባቸውን አካዉንቶች የምንፈልገዉ ነገር ግን አዲስ አካውንቶች mr ብለዉ የሚጀምሩ በዝተዋል ግን አፕልኬሽኑ space ስንጽፍ አይቀበልም ቢስተካከል,Other
best,5,2025-06-04,CBE,Google Play,POSITIVE,1.0,best,Other
bezabih,5,2025-06-04,CBE,Google Play,NEUTRAL,0.0,bezabih,Other
Best Mobile Banking app ever,5,2025-06-04,CBE,Google Play,POSITIVE,1.0,best mobile banking app ever,UI/UX
it was good app but it have some issues like it doesnt give me the right amount that I have in the bank and have some issues in transferring,2,2025-06-04,CBE,Google Play,POSITIVE,0.4928571428571428,good app issue like doesnt give right amount bank issue transferring,UI/UX
Good,5,2025-06-04,CBE,Google Play,POSITIVE,0.7,good,Other
👌👍,5,2025-06-04,CBE,Google Play,NEUTRAL,0.0,,Other
very niec,5,2025-06-04,CBE,Google Play,POSITIVE,0.2,niec,Other
best app of finance,5,2025-06-04,CBE,Google Play,POSITIVE,1.0,best app finance,UI/UX
yetemeta,1,2025-06-03,CBE,Google Play,NEUTRAL,0.0,yetemeta,Other
Engida Kebede Fetera,5,2025-06-03,CBE,Google Play,NEUTRAL,0.0,engida kebede fetera,Other
it is not safety,1,2025-06-03,CBE,Google Play,NEUTRAL,0.0,safety,Other
NICE bank,5,2025-06-03,CBE,Google Play,POSITIVE,0.6,nice bank,Other
it is like a childish app make it better the worst I have ever seen,1,2025-06-02,CBE,Google Play,NEGATIVE,-0.2333333333333333,like childish app make better worst ever seen,UI/UX
"It's a problem solver application, go ahead CBE, I love so much.",5,2025-06-02,CBE,Google Play,POSITIVE,0.35,problem solver application go ahead cbe love much,Customer Support
It's good but try to make it facilitate for your client,4,2025-06-02,CBE,Google Play,POSITIVE,0.7,good try make facilitate client,Other
best app,5,2025-06-01,CBE,Google Play,POSITIVE,1.0,best app,UI/UX
Awesome bank,5,2025-06-01,CBE,Google Play,POSITIVE,1.0,awesome bank,Other
this app has developed in a very good ways but there are some comments I need to make 1- preventing the screenshot likely not good for someone like me coz I need to make screenshot for quicker evidence. 2-it would be good if you make us to access recent transaction histories for 30 days coz we don't have to go to the Bank's in person to see old transactions or add colander category so user can easily access old transactions through colanders.,5,2025-05-31,CBE,Google Play,POSITIVE,0.2214814814814815,app developed good way comment need make preventing screenshot likely good someone like coz need make screenshot quicker evidence would good make u access recent transaction history day coz go bank person see old transaction add colander category user easily access old transaction colander,UI/UX
Masha alla,5,2025-05-31,CBE,Google Play,NEUTRAL,0.0,masha alla,Other
"Recently there is big problem when sending to safaricom, telebir, and even to cbebirr wallet could anybody who is responsible fix it, it's very frustrating it's been 5 days and my money hasn't been returned it takes it out of my account but doesn't send it to my mpesa update- they have just corrected it and sent me back the money but still I'm afraid now to send again",2,2025-05-31,CBE,Google Play,NEGATIVE,-0.1533333333333333,recently big problem sending safaricom telebir even cbebirr wallet could anybody responsible fix frustrating day money returned take account send mpesa corrected sent back money still afraid send,Transactions
better service,5,2025-05-31,CBE,Google Play,POSITIVE,0.5,better service,Customer Support
"it,s good app and time manager 👍",5,2025-05-30,CBE,Google Play,POSITIVE,0.7,good app time manager,UI/UX
malkaamuu Jiidhaa Namoo,5,2025-05-30,CBE,Google Play,NEUTRAL,0.0,malkaamuu jiidhaa namoo,Other
lower system everything,3,2025-05-30,CBE,Google Play,NEUTRAL,0.0,lower system everything,Other
Nice!,5,2025-05-30,CBE,Google Play,POSITIVE,0.75,nice,Other
Keep it up My CBE,5,2025-05-29,CBE,Google Play,NEUTRAL,0.0,keep cbe,Other
yes good,5,2025-05-28,CBE,Google Play,POSITIVE,0.7,yes good,Other
"I was using this app for the last two years with no problems. It stopped working about 3 months ago. when I tried to transfer funds it gives me error ""can't do this transaction. inactive account.""",4,2025-05-27,CBE,Google Play,NEUTRAL,0.0,using app last two year problem stopped working month ago tried transfer fund give error ca transaction inactive account,UI/UX
i like everything of this app,5,2025-05-27,CBE,Google Play,NEUTRAL,0.0,like everything app,UI/UX
🤬🤬🤬🤬 network 🛜,1,2025-05-26,CBE,Google Play,NEUTRAL,0.0,network,Other
Best,5,2025-05-26,CBE,Google Play,POSITIVE,1.0,best,Other
CBE is the best financial application and and very dimple to use. I would like to say thank you so much for the developer of application. I really appreciate this app.,5,2025-05-26,CBE,Google Play,POSITIVE,0.3199999999999999,cbe best financial application dimple use would like say thank much developer application really appreciate app,UI/UX
nice,5,2025-05-26,CBE,Google Play,POSITIVE,0.6,nice,Other
good job,5,2025-05-26,CBE,Google Play,POSITIVE,0.7,good job,Other
it's awesome!!,5,2025-05-25,CBE,Google Play,POSITIVE,1.0,awesome,Other
thankyou every one,5,2025-05-25,CBE,Google Play,NEUTRAL,0.0,thankyou every one,Other
Ronaldo 🇵🇹 🥇,5,2025-05-25,CBE,Google Play,NEUTRAL,0.0,ronaldo,Other
"this app is absolutely fantastic I love it and I enjoying to it ,let us support this foundation together .",5,2025-05-25,CBE,Google Play,POSITIVE,0.4666666666666666,app absolutely fantastic love enjoying let u support foundation together,UI/UX
"The CBE app has been highly unreliable in recent weeks. It frequently fails to work properly on both Ethio Telecom and Safaricom networks, whether using Wi-Fi or mobile data. This week, the system was down entirely for extended periods, making it very difficult to access banking services. The app only functions intermittently, and the lack of consistency is frustrating. I hope the issues are addressed soon, and that any non-technical influences are removed from such essential services.",2,2025-05-25,CBE,Google Play,NEGATIVE,-0.1405050505050505,cbe app highly unreliable recent week frequently fails work properly ethio telecom safaricom network whether using mobile data week system entirely extended period making difficult access banking service app function intermittently lack consistency frustrating hope issue addressed soon influence removed essential service,UI/UX
mortuary app,5,2025-05-25,CBE,Google Play,NEUTRAL,0.0,mortuary app,UI/UX
it is smart app but it has stoped after some period of time on my device with out any reason .,5,2025-05-25,CBE,Google Play,POSITIVE,0.2142857142857142,smart app stoped period time device reason,UI/UX
amazing app I am used this app for one year,4,2025-05-24,CBE,Google Play,POSITIVE,0.6000000000000001,amazing app used app one year,UI/UX
👍,5,2025-05-24,CBE,Google Play,NEUTRAL,0.0,,Other
good app,5,2025-05-24,CBE,Google Play,POSITIVE,0.7,good app,UI/UX
i love it 😍😘,5,2025-05-24,CBE,Google Play,POSITIVE,0.5,love,Other
It makes life easy!👌,5,2025-05-24,CBE,Google Play,NEUTRAL,0.0,make life easy,Other
its not fast,1,2025-05-24,CBE,Google Play,NEUTRAL,-0.1,fast,Other
wow,4,2025-05-24,CBE,Google Play,NEUTRAL,0.1,wow,Other
it is sooo good,5,2025-05-24,CBE,Google Play,POSITIVE,0.7,sooo good,Other
excellent,5,2025-05-24,CBE,Google Play,POSITIVE,1.0,excellent,Other
ok,1,2025-05-24,CBE,Google Play,POSITIVE,0.5,ok,Other
Fantastic,5,2025-05-23,CBE,Google Play,POSITIVE,0.4,fantastic,Other
accessible to using,5,2025-05-23,CBE,Google Play,POSITIVE,0.375,accessible using,Other
I like it,4,2025-05-23,CBE,Google Play,NEUTRAL,0.0,like,Other
why you change default network?,5,2025-05-23,CBE,Google Play,NEUTRAL,0.0,change default network,Other
very nice 👍,5,2025-05-23,CBE,Google Play,POSITIVE,0.78,nice,Other
nice fast app,5,2025-05-23,CBE,Google Play,POSITIVE,0.4,nice fast app,UI/UX
how to I get my money,5,2025-05-23,CBE,Google Play,NEUTRAL,0.0,get money,Transactions
"Very bad, can't even load they need to improve their services.",1,2025-05-22,CBE,Google Play,NEGATIVE,-0.9099999999999998,bad ca even load need improve service,Customer Support
"Very good app, but please make it reliable . it crashes sometimes .",4,2025-05-22,CBE,Google Play,POSITIVE,0.91,good app please make reliable crash sometimes,UI/UX
very busy I don't know why... I prefer 889,3,2025-05-22,CBE,Google Play,POSITIVE,0.13,busy know prefer,Other
"Sometimes it has a nasty lag for several hour fix that , the rest is 👌",4,2025-05-22,CBE,Google Play,NEGATIVE,-0.5,sometimes nasty lag several hour fix rest,UI/UX
the most boring Mobil banking application in ethiopia.Please use alternative private banks mobile banking apps,1,2025-05-22,CBE,Google Play,NEGATIVE,-0.1666666666666666,boring mobil banking application use alternative private bank mobile banking apps,Other
hojii bonsaadha,5,2025-05-22,CBE,Google Play,NEUTRAL,0.0,hojii bonsaadha,Other
user-friendly apps.because this app is easy.,5,2025-05-22,CBE,Google Play,POSITIVE,0.4333333333333333,app easy,UI/UX
Awosome!!!,5,2025-05-22,CBE,Google Play,NEUTRAL,0.0,awosome,Other
"Very good app,",5,2025-05-22,CBE,Google Play,POSITIVE,0.91,good app,UI/UX
sync problem may 22 2025 but the date stack on may 8 2025 help pls,5,2025-05-22,CBE,Google Play,NEUTRAL,0.0,sync problem may date stack may help pls,Customer Support
ይህ መተግበሪያ በጣም ጥሩ ነው. this app is very nice,5,2025-05-22,CBE,Google Play,POSITIVE,0.78,ይህ መተግበሪያ በጣም ጥሩ ነው app nice,UI/UX
I hate this app 😒,1,2025-05-22,CBE,Google Play,NEGATIVE,-0.8,hate app,UI/UX
trustful,5,2025-05-22,CBE,Google Play,NEUTRAL,0.0,trustful,Other
I like,5,2025-05-22,CBE,Google Play,NEUTRAL,0.0,like,Other
update issue,4,2025-05-22,CBE,Google Play,NEUTRAL,0.0,update issue,UI/UX
its not working over safari network,1,2025-05-22,CBE,Google Play,NEUTRAL,0.0,working safari network,Other
oldie,1,2025-05-22,CBE,Google Play,NEUTRAL,0.0,oldie,Other
it doesn't work,1,2025-05-21,CBE,Google Play,NEUTRAL,0.0,work,Other
"This app is good, and we are using it well",1,2025-05-21,CBE,Google Play,POSITIVE,0.7,app good using well,UI/UX
very nice 👌 app for android phone,5,2025-05-21,CBE,Google Play,POSITIVE,0.78,nice app android phone,UI/UX
Yes Yes,5,2025-05-21,CBE,Google Play,NEUTRAL,0.0,yes yes,Other
በጣም ከርፋፋ,1,2025-05-21,CBE,Google Play,NEUTRAL,0.0,በጣም ከርፋፋ,Other
easy to use helpful in my life,5,2025-05-21,CBE,Google Play,POSITIVE,0.4333333333333333,easy use helpful life,Other
good 👍,4,2025-05-21,CBE,Google Play,POSITIVE,0.7,good,Other
the best mobile banking app,5,2025-05-21,CBE,Google Play,POSITIVE,1.0,best mobile banking app,UI/UX
"this app is very useful app,it saves time,and it is secure",4,2025-05-21,CBE,Google Play,POSITIVE,0.395,app useful app save time secure,UI/UX
it's a good application 👍,5,2025-05-21,CBE,Google Play,POSITIVE,0.7,good application,Other
the screenshot and the reffresh options are so annoying that makes transaction so delaying activity !,2,2025-05-21,CBE,Google Play,NEGATIVE,-1.0,screenshot reffresh option annoying make transaction delaying activity,Transactions
poor service,1,2025-05-21,CBE,Google Play,NEGATIVE,-0.4,poor service,Customer Support
amazing,5,2025-05-20,CBE,Google Play,POSITIVE,0.6000000000000001,amazing,Other
it is reliable and easy to use.,5,2025-05-20,CBE,Google Play,POSITIVE,0.4333333333333333,reliable easy use,Other
the most annoying mobile banking app I've ever seen,1,2025-05-20,CBE,Google Play,NEGATIVE,-0.15,annoying mobile banking app ever seen,UI/UX
Cbe mobile banking,5,2025-05-20,CBE,Google Play,NEUTRAL,0.0,cbe mobile banking,Other
"i can't make Screenshout in this app, please made modification",5,2025-05-20,CBE,Google Play,NEUTRAL,0.0,ca make screenshout app please made modification,UI/UX
Best app I loved it,5,2025-05-19,CBE,Google Play,POSITIVE,0.85,best app loved,UI/UX
nice app,5,2025-05-19,CBE,Google Play,POSITIVE,0.6,nice app,UI/UX
Amazing applicatiom sometimes doesnt work!,5,2025-05-18,CBE,Google Play,POSITIVE,0.7500000000000001,amazing applicatiom sometimes doesnt work,Other
well satisfied with this beautiful app,5,2025-05-18,CBE,Google Play,POSITIVE,0.675,well satisfied beautiful app,UI/UX
very good,4,2025-05-17,CBE,Google Play,POSITIVE,0.91,good,Other
best app.,5,2025-05-17,CBE,Google Play,POSITIVE,1.0,best app,UI/UX
"not working,why???",5,2025-05-17,CBE,Google Play,NEUTRAL,0.0,working,Other
Great impact but why Developer option turnoff if you fix 🙏 🙏 🙏,5,2025-05-17,CBE,Google Play,POSITIVE,0.8,great impact developer option turnoff fix,Features
always disappointing ! especially the iOS one !! some similar local applications are extremely superior to this application!! Really disappointing!,1,2025-05-17,CBE,Google Play,NEUTRAL,-0.0833333333333333,always disappointing especially io one similar local application extremely superior application really disappointing,Other
woxe harimo ribiso,5,2025-05-17,CBE,Google Play,NEUTRAL,0.0,woxe harimo ribiso,Other
"Good ,easy to use",5,2025-05-16,CBE,Google Play,POSITIVE,0.5666666666666667,good easy use,Other
Good app,5,2025-05-15,CBE,Google Play,POSITIVE,0.7,good app,UI/UX
Good job👍,5,2025-05-14,CBE,Google Play,POSITIVE,0.7,good,Other
"Please kindly ask to update the app and allow us to screenshot, it's convenient and efficient as long as you add security to the access there is no reason to block us from screenshooting our screen.",2,2025-05-14,CBE,Google Play,POSITIVE,0.2749999999999999,please kindly ask update app allow u screenshot convenient efficient long add security access reason block u screenshooting screen,UI/UX
I have using the CBE mobile banking app. and overall i appreciate its Feuteres However i.ve Notticed that when i turn on the Developer options on my divice the App.Stop Functioning prorerly It.Would Be Great If You could look into This issue as l often need to access Developer setting for Otter Application ThankYou For Your attention to This Matter,4,2025-05-13,CBE,Google Play,POSITIVE,0.4,using cbe mobile banking app overall appreciate feuteres however notticed turn developer option divice functioning prorerly great could look issue l often need access developer setting otter application thankyou attention matter,UI/UX
customer service is bad nothing is good about this bank,1,2025-05-13,CBE,Google Play,NEUTRAL,5.551115123125783e-17,customer service bad nothing good bank,Customer Support
It is Amazing Mobile Banking App....But why the screenshot of the receipt doesnt work,5,2025-05-13,CBE,Google Play,POSITIVE,0.6000000000000001,amazing mobile banking app screenshot receipt doesnt work,UI/UX
fast and simple easy to use 👌,5,2025-05-12,CBE,Google Play,POSITIVE,0.2111111111111111,fast simple easy use,Other
The fastest transferring app I ever had its so reliable,5,2025-05-11,CBE,Google Play,NEUTRAL,0.0,fastest transferring app ever reliable,UI/UX
"Funds transferred from the same bank do not reflect in the account, even though a confirmation text message was received.",3,2025-05-11,CBE,Google Play,NEUTRAL,0.0,fund transferred bank reflect account even though confirmation text message received,Login & Access
it's easy and fast,5,2025-05-10,CBE,Google Play,POSITIVE,0.3166666666666666,easy fast,Other
This app don't have self activation only you have to look near cbe branch that's disgusting,1,2025-05-10,CBE,Google Play,NEGATIVE,-0.3,app self activation look near cbe branch disgusting,UI/UX
hello dearest CBE office personnel make some benefits for those using interest free accounts thanks for your help,5,2025-05-09,CBE,Google Play,POSITIVE,0.3,hello dearest cbe office personnel make benefit using interest free account thanks help,Login & Access
wow best application ever,5,2025-05-09,CBE,Google Play,POSITIVE,0.55,wow best application ever,Other
"Am sorry but what does developer mode do to the application ? hack it ? are you sure you are developer or are you stupid, doesnt makes sense,",1,2025-05-08,CBE,Google Play,NEGATIVE,-0.2666666666666666,sorry developer mode application hack sure developer stupid doesnt make sense,UI/UX
the pride of Ethiopian bank 🏦,5,2025-05-08,CBE,Google Play,NEUTRAL,0.0,pride ethiopian bank,Other
why the app telling me to turn of developer options please fix it.,1,2025-05-07,CBE,Google Play,NEUTRAL,0.0,app telling turn developer option please fix,UI/UX
i am very happy . i have small prob. after i transfer i cant put the transfer cashe bil to my dic.,5,2025-05-07,CBE,Google Play,POSITIVE,0.375,happy small prob transfer cant put transfer cashe bil dic,Transactions
amazing apps,5,2025-05-06,CBE,Google Play,POSITIVE,0.6000000000000001,amazing apps,Other
All service of Mobile Banking,5,2025-05-06,CBE,Google Play,NEUTRAL,0.0,service mobile banking,Customer Support
needs improvement,1,2025-05-06,CBE,Google Play,NEUTRAL,0.0,need improvement,Other
i miss the old one i couldn't send my mony to other bank..,1,2025-05-06,CBE,Google Play,NEUTRAL,-0.0124999999999999,miss old one could send mony bank,Transactions
the app is recently crushing each time you open and try to make transfers...it used to be good. take lessons from the Dashen Super app or ethiotelecom. it is not befitting of your experience and glory. inv3st in making it more friendly and convenient. I am considering leaving CBE for good.,2,2025-05-06,CBE,Google Play,POSITIVE,0.4297619047619048,app recently crushing time open try make transfer used good take lesson dashen super app ethiotelecom befitting experience glory making friendly convenient considering leaving cbe good,UI/UX
good but these week not oky,4,2025-05-06,CBE,Google Play,POSITIVE,0.7,good week oky,Other
well designed! Fixing bugs & two step verification with biometric... simply it's great!,5,2025-05-06,CBE,Google Play,POSITIVE,1.0,well designed fixing bug two step verification biometric simply great,Other
If any developer is reading this please fix the screenshot functionality or at least the download button should work flawlessly without me touching it twenty times.,1,2025-05-05,CBE,Google Play,POSITIVE,0.3999999999999999,developer reading please fix screenshot functionality least download button work flawlessly without touching twenty time,Other
"it's a great job.but one more thing, it hasn't been placed for transfer to other banks on face like mobile charge card place",5,2025-05-05,CBE,Google Play,POSITIVE,0.3916666666666666,great one thing placed transfer bank face like mobile charge card place,Transactions
CBE mobilr bankg,5,2025-05-05,CBE,Google Play,NEUTRAL,0.0,cbe mobilr bankg,Other
verygood,3,2025-05-05,CBE,Google Play,NEUTRAL,0.0,verygood,Other
ممتاز جدا,5,2025-05-04,CBE,Google Play,NEUTRAL,0.0,ممتاز جدا,Other
it's very low quality application,1,2025-05-04,CBE,Google Play,NEUTRAL,0.0,low quality application,Other
Very Amazing Apps,5,2025-05-04,CBE,Google Play,POSITIVE,0.7800000000000001,amazing apps,Other
አዛ,1,2025-05-04,CBE,Google Play,NEUTRAL,0.0,አዛ,Other
wow simple life,5,2025-05-04,CBE,Google Play,NEUTRAL,0.05,wow simple life,Other
it's nice,5,2025-05-03,CBE,Google Play,POSITIVE,0.6,nice,Other
Why stacked sometimes,5,2025-05-03,CBE,Google Play,NEUTRAL,0.0,stacked sometimes,Other
okay 👍 but sometimes busy,1,2025-05-03,CBE,Google Play,POSITIVE,0.3,okay sometimes busy,Other
the worst commercial company that fails to do even the most normal things again and and again.,1,2025-05-03,CBE,Google Play,NEGATIVE,-0.1699999999999999,worst commercial company fails even normal thing,Other
Very good app. but disappointed by general cessation of system.,5,2025-05-02,CBE,Google Play,NEUTRAL,0.0699999999999999,good app disappointed general cessation system,UI/UX
Good and fast,5,2025-05-02,CBE,Google Play,POSITIVE,0.4499999999999999,good fast,Other
Unreliable!,1,2025-05-02,CBE,Google Play,NEUTRAL,0.0,unreliable,Other
Best the best fast,5,2025-05-02,CBE,Google Play,POSITIVE,0.7333333333333334,best best fast,Other
happy,5,2025-05-02,CBE,Google Play,POSITIVE,0.8,happy,Other
fast and reliable,5,2025-05-02,CBE,Google Play,POSITIVE,0.2,fast reliable,Other
network errorrrrrr,2,2025-05-02,CBE,Google Play,NEUTRAL,0.0,network errorrrrrr,Other
Best app but there is some problem I can't send money to telebirr or mpesa so if you can add that it could be use full,4,2025-05-02,CBE,Google Play,POSITIVE,0.675,best app problem ca send money telebirr mpesa add could use full,UI/UX
its good and simple to use,5,2025-05-02,CBE,Google Play,POSITIVE,0.35,good simple use,Other
worest app like that bank for security and network access,1,2025-05-02,CBE,Google Play,NEUTRAL,0.0,worest app like bank security network access,UI/UX
it's the best app i,5,2025-05-02,CBE,Google Play,POSITIVE,1.0,best app,UI/UX
not bad not good,1,2025-05-02,CBE,Google Play,NEUTRAL,-2.775557561562892e-17,bad good,Other
its very nice,5,2025-05-02,CBE,Google Play,POSITIVE,0.78,nice,Other
do not work this week,3,2025-04-30,CBE,Google Play,NEUTRAL,0.0,work week,Other
It crashes frequently,4,2025-04-30,CBE,Google Play,NEUTRAL,0.1,crash frequently,Other
the best,5,2025-04-28,CBE,Google Play,POSITIVE,1.0,best,Other
"I can simply describe this app as ""Making all your work easier"".",5,2025-04-28,CBE,Google Play,NEUTRAL,0.0,simply describe app making work easier,UI/UX
goid,5,2025-04-28,CBE,Google Play,NEUTRAL,0.0,goid,Other
best appearance,5,2025-04-27,CBE,Google Play,POSITIVE,1.0,best appearance,Other
it's very good 👍 app,5,2025-04-27,CBE,Google Play,POSITIVE,0.91,good app,UI/UX
I need support you,5,2025-04-27,CBE,Google Play,NEUTRAL,0.0,need support,Customer Support
the worst Mobile banking i have ever seen in my life,1,2025-04-26,CBE,Google Play,NEGATIVE,-1.0,worst mobile banking ever seen life,Other
super,5,2025-04-26,CBE,Google Play,POSITIVE,0.3333333333333333,super,Other
ጠጀጨገጀ።ጀገ,5,2025-04-26,CBE,Google Play,NEUTRAL,0.0,,Other
i like the app,5,2025-04-26,CBE,Google Play,NEUTRAL,0.0,like app,UI/UX
the Best,1,2025-04-26,CBE,Google Play,POSITIVE,1.0,best,Other
to other bank is bad,1,2025-04-25,CBE,Google Play,NEGATIVE,-0.4124999999999999,bank bad,Other
tank's,5,2025-04-25,CBE,Google Play,NEUTRAL,0.0,tank,Other
its good but add more features such like. bank statement showing,5,2025-04-24,CBE,Google Play,POSITIVE,0.3999999999999999,good add feature like bank statement showing,Features
it is so nice,5,2025-04-24,CBE,Google Play,POSITIVE,0.6,nice,Other
Very Good👍,5,2025-04-21,CBE,Google Play,POSITIVE,0.2,,Other
"my first frequent experience of cbe app is critical-time failure such as suspending payment on air for 2-5 days with zero explanation, deducting from sender account without depositing to the receiver act. Another fatal error by the banking company as a whole (not the app itself though) is forced-banking with corporations without consent of employers-users of the corresponding corporations",2,2025-04-21,CBE,Google Play,NEUTRAL,0.0466666666666666,first frequent experience cbe app failure suspending payment air day zero explanation deducting sender account without depositing receiver act another fatal error banking company whole app though corporation without consent corresponding corporation,UI/UX
"wow, amazing app",5,2025-04-21,CBE,Google Play,POSITIVE,0.35,wow amazing app,UI/UX
use ful,5,2025-04-21,CBE,Google Play,NEUTRAL,0.0,use ful,Other
Great app,5,2025-04-21,CBE,Google Play,POSITIVE,0.8,great app,UI/UX
well app,5,2025-04-20,CBE,Google Play,NEUTRAL,0.0,well app,UI/UX
Actually it is inactive,4,2025-04-19,CBE,Google Play,NEUTRAL,0.0,actually inactive,Other
"slow, only one account is used",2,2025-04-19,CBE,Google Play,NEGATIVE,-0.15,slow one account used,UI/UX
always CBE is the leading Commercial Bank💪💪💪,5,2025-04-18,CBE,Google Play,NEUTRAL,0.0,always cbe leading commercial,Other
i like it,5,2025-04-18,CBE,Google Play,NEUTRAL,0.0,like,Other
why removing screenshot feature why?,1,2025-04-18,CBE,Google Play,NEUTRAL,0.0,removing screenshot feature,Features
nice apps where network is good in connection,5,2025-04-18,CBE,Google Play,POSITIVE,0.6499999999999999,nice apps network good connection,Other
Thank you!!!,5,2025-04-18,CBE,Google Play,NEUTRAL,0.0,thank,Other
i can't take screenshot,1,2025-04-18,CBE,Google Play,NEUTRAL,0.0,ca take screenshot,Other
"every update was made the system better and better until the March 19th, 2025 update, not allowing us to screenshot. you guys didn't understand how much it's a really quick and significant thing. You add extra steps to us, which makes the process draw back",3,2025-04-18,CBE,Google Play,POSITIVE,0.2847222222222222,every update made system better better march update allowing u screenshot guy understand much really quick significant thing add extra step u make process draw back,UI/UX
perfectly special,5,2025-04-18,CBE,Google Play,POSITIVE,0.3571428571428571,perfectly special,Other
Fast and Reliable,5,2025-04-18,CBE,Google Play,POSITIVE,0.2,fast reliable,Other
The best application I have ever seen in Ethiopia banking industry.,5,2025-04-17,CBE,Google Play,POSITIVE,1.0,best application ever seen ethiopia banking industry,Other
great app!!!,5,2025-04-17,CBE,Google Play,POSITIVE,1.0,great app,UI/UX
because sometimes it doesn't working it load too much,3,2025-04-17,CBE,Google Play,POSITIVE,0.2,sometimes working load much,Other
"Absolutely the best app! It works flawlessly, anytime and anywhere.",5,2025-04-17,CBE,Google Play,POSITIVE,0.7333333333333334,absolutely best app work flawlessly anytime anywhere,UI/UX
very nice app ever!!!,5,2025-04-16,CBE,Google Play,POSITIVE,1.0,nice app ever,UI/UX
the best app,5,2025-04-16,CBE,Google Play,POSITIVE,1.0,best app,UI/UX
Biometric security for mobile banking is not available,5,2025-04-16,CBE,Google Play,NEGATIVE,-0.2,biometric security mobile banking available,Other
great,5,2025-04-15,CBE,Google Play,POSITIVE,0.8,great,Other
Nice service,5,2025-04-15,CBE,Google Play,POSITIVE,0.6,nice service,Customer Support
great app,5,2025-04-15,CBE,Google Play,POSITIVE,0.8,great app,UI/UX
it's special apps,5,2025-04-15,CBE,Google Play,POSITIVE,0.3571428571428571,special apps,Other
"In the updated version of the app, it takes more time to download the receipt.",3,2025-04-15,CBE,Google Play,POSITIVE,0.5,updated version app take time download receipt,UI/UX
ለምንድነው ትራንዛክሽን ትንሽ ብቻ የሚያሳየው ?,3,2025-04-14,CBE,Google Play,NEUTRAL,0.0,ለምንድነው ትራንዛክሽን ትንሽ ብቻ የሚያሳየው,Other
Good 🔥,5,2025-04-14,CBE,Google Play,POSITIVE,0.7,good,Other
very interesting app i am using every day fantastic,5,2025-04-14,CBE,Google Play,POSITIVE,0.525,interesting app using every day fantastic,UI/UX
lebaa bank,5,2025-04-14,CBE,Google Play,NEUTRAL,0.0,lebaa bank,Other
Can't scan/recognize other banks' Interoperable QR Codes,1,2025-04-13,CBE,Google Play,NEGATIVE,-0.125,ca bank interoperable qr code,Other
OK,5,2025-04-13,CBE,Google Play,POSITIVE,0.5,ok,Other
grateful app,5,2025-04-13,CBE,Google Play,NEUTRAL,0.0,grateful app,UI/UX
100% ❤️❤️❤️🙏🙏🙏🙏🙏🙏🙏🙏🙏🙏🙏🙏🙏🙏🙏🙏,5,2025-04-13,CBE,Google Play,NEUTRAL,0.0,,Other
everthing wellbeok,3,2025-04-13,CBE,Google Play,NEUTRAL,0.0,everthing wellbeok,Other
"""This mobile banking app is fast and user-friendly, but the only issue I encountered is that I can't access my bank statement within the app. I kindly request that this feature be added, similar to what is offered by other private bank mobile banking apps.",4,2025-04-13,CBE,Google Play,POSITIVE,0.1125,mobile banking app fast issue encountered ca access bank statement within app kindly request feature added similar offered private bank mobile banking apps,UI/UX
nice app 👌,5,2025-04-12,CBE,Google Play,POSITIVE,0.6,nice app,UI/UX
why did this app is not screenshot,5,2025-04-12,CBE,Google Play,NEUTRAL,0.0,app screenshot,UI/UX
it so good app,5,2025-04-12,CBE,Google Play,POSITIVE,0.7,good app,UI/UX
جميل,5,2025-04-11,CBE,Google Play,NEUTRAL,0.0,جميل,Other
"less network, specially to make fee for utility purpose",1,2025-04-11,CBE,Google Play,NEUTRAL,0.0952380952380952,less network specially make fee utility purpose,Other
simply for used,4,2025-04-11,CBE,Google Play,NEUTRAL,0.0,simply used,Other
wow keep up,5,2025-04-10,CBE,Google Play,NEUTRAL,0.1,wow keep,Other
its great app but when updating we can't take screen shot please try to fix it,3,2025-04-10,CBE,Google Play,POSITIVE,0.8,great app updating ca take screen shot please try fix,UI/UX
good one,5,2025-04-10,CBE,Google Play,POSITIVE,0.7,good one,Other
everything is easy thank you cebe,5,2025-04-10,CBE,Google Play,POSITIVE,0.4333333333333333,everything easy thank cebe,Other
ፈጣን ቀልጣፋ,5,2025-04-10,CBE,Google Play,NEUTRAL,0.0,ፈጣን ቀልጣፋ,Other
ጎበዝ,5,2025-04-09,CBE,Google Play,NEUTRAL,0.0,ጎበዝ,Other
but this app says can't sync,5,2025-04-09,CBE,Google Play,NEUTRAL,0.0,app say ca sync,UI/UX
waw,5,2025-04-09,CBE,Google Play,NEUTRAL,0.0,waw,Other
to slow,3,2025-04-09,CBE,Google Play,NEGATIVE,-0.3,slow,UI/UX
work on screen shot system,4,2025-04-08,CBE,Google Play,NEUTRAL,0.0,work screen shot system,Other
very very nice aplication,1,2025-04-08,CBE,Google Play,POSITIVE,0.78,nice aplication,Other
wonder full and it is easy to use,5,2025-04-08,CBE,Google Play,POSITIVE,0.3916666666666666,wonder full easy use,Other
easy and reliable,2,2025-04-08,CBE,Google Play,POSITIVE,0.4333333333333333,easy reliable,Other
it is Very Useful app 👍,5,2025-04-07,CBE,Google Play,POSITIVE,0.39,useful app,UI/UX
perfect app,5,2025-04-07,CBE,Google Play,POSITIVE,1.0,perfect app,UI/UX
I like it.,5,2025-04-07,CBE,Google Play,NEUTRAL,0.0,like,Other
bugs,3,2025-04-07,CBE,Google Play,NEUTRAL,0.0,bug,Other
commerial Bank,5,2025-04-06,CBE,Google Play,NEUTRAL,0.0,commerial bank,Other
Genat biru,2,2025-04-06,CBE,Google Play,NEUTRAL,0.0,genat biru,Other
🙏,5,2025-04-06,CBE,Google Play,NEUTRAL,0.0,,Other
it is good but it doesn't allow screen shot,4,2025-04-06,CBE,Google Play,POSITIVE,0.7,good allow screen shot,Other
the best one,5,2025-04-06,CBE,Google Play,POSITIVE,1.0,best one,Other
You need to copy many things from other bank apps like Amole(Dashen),2,2025-04-06,CBE,Google Play,POSITIVE,0.1875,need copy many thing bank apps like amole dashen,Other
bring back the screenshot feature.,1,2025-04-05,CBE,Google Play,NEUTRAL,0.0,bring back screenshot feature,Features
Good!👍,3,2025-04-05,CBE,Google Play,NEUTRAL,0.0,good,Other
best app to experience him that to smooth transaction among the customers,1,2025-04-05,CBE,Google Play,POSITIVE,0.7,best app experience smooth transaction among customer,UI/UX
nice app suitable to use it. the only weak side is it need data connections and hoping will be fixed to offline i gave 4 rate,4,2025-04-05,CBE,Google Play,POSITIVE,0.175,nice app suitable use weak side need data connection hoping fixed offline gave rate,UI/UX
easy to use,5,2025-04-05,CBE,Google Play,POSITIVE,0.4333333333333333,easy use,Other
"Good job to the CBE team on this mobile app! It's designed in a way that's simple and intuitive to navigate, which is great for everyone. It effectively handles the essential banking tasks I need to perform regularly. It's a practical and reliable tool that makes everyday banking much more convenient. Thank you for this useful application.",5,2025-04-04,CBE,Google Play,POSITIVE,0.3194444444444444,good job cbe team mobile app designed way simple intuitive navigate great everyone effectively handle essential banking task need perform regularly practical reliable tool make everyday banking much convenient thank useful application,UI/UX
ለኔ በጣም ምርጥ ነው ግን screenshot ማረግ ቢቻል ምርጥ ነበር,5,2025-04-04,CBE,Google Play,NEUTRAL,0.0,ለኔ በጣም ምርጥ ነው ግን screenshot ማረግ ቢቻል ምርጥ ነበር,Other
before it was smooth and good. this time after the new update in 2025 i can not make screenshot of my recite. even the downlod button is very delayed in putting my recite in my gallery for simple proof. please fix this i am unable to show proof of payment to my clients. thankyou.,3,2025-04-04,CBE,Google Play,POSITIVE,0.156060606060606,smooth good time new update make screenshot recite even downlod button delayed putting recite gallery simple proof please fix unable show proof payment client thankyou,UI/UX
cool ❤,4,2025-04-04,CBE,Google Play,POSITIVE,0.35,cool,Other
Best app,5,2025-04-04,CBE,Google Play,POSITIVE,1.0,best app,UI/UX
best banking App,4,2025-04-03,CBE,Google Play,POSITIVE,1.0,best banking app,UI/UX
satisfied,5,2025-04-03,CBE,Google Play,POSITIVE,0.5,satisfied,Other
this app is very necessary app many people found it,5,2025-04-03,CBE,Google Play,POSITIVE,0.25,app necessary app many people found,UI/UX
cbe very active Bank I'm using CBE app very very satisfaction,5,2025-04-03,CBE,Google Play,NEUTRAL,0.0433333333333333,cbe active bank using cbe app satisfaction,UI/UX
It made life alot easier. I cant even imagine having to make all those transactions in person. So this app was crucial for me. Very good app. well done.,5,2025-04-03,CBE,Google Play,POSITIVE,0.4549999999999999,made life alot easier cant even imagine make transaction person app crucial good app well done,UI/UX
perfect,5,2025-04-03,CBE,Google Play,POSITIVE,1.0,perfect,Other
thankyou,5,2025-04-02,CBE,Google Play,NEUTRAL,0.0,thankyou,Other
I Like it,5,2025-04-02,CBE,Google Play,NEUTRAL,0.0,like,Other
"I don't understand the reason, why I need to disable developer options to access the app, it has no security risks nor does it hinder the app's functionalities. This goes out to the dev, I hope your life is filled with inconveniences.",1,2025-04-02,CBE,Google Play,POSITIVE,0.4,understand reason need disable developer option access app security risk hinder app functionality go dev hope life filled inconvenience,UI/UX
smart app,5,2025-04-02,CBE,Google Play,POSITIVE,0.2142857142857142,smart app,UI/UX
isin ga'a,2,2025-04-02,CBE,Google Play,NEUTRAL,0.0,isin ga,Other
it's great,5,2025-04-02,CBE,Google Play,POSITIVE,0.8,great,Other
very good app and stars faction with work,5,2025-04-02,CBE,Google Play,POSITIVE,0.91,good app star faction work,UI/UX
It is excelent,5,2025-04-01,CBE,Google Play,NEUTRAL,0.0,excelent,Other
Smart,5,2025-04-01,CBE,Google Play,POSITIVE,0.2142857142857142,smart,Other
በየወሩ አፕደት እየጠየቀኝ ነው ለነገሩ ብር ስሌለኝ ይሆናል እና ምን ለማለት ፈልገ መሰላቹ ወላህ ቼግሮኛል 🥺🥺🥺,3,2025-04-01,CBE,Google Play,NEUTRAL,0.0,በየወሩ አፕደት እየጠየቀኝ ነው ለነገሩ ብር ስሌለኝ ይሆናል እና ምን ለማለት ፈልገ መሰላቹ ወላህ ቼግሮኛል,Other
very interesting app,5,2025-04-01,CBE,Google Play,POSITIVE,0.65,interesting app,UI/UX
wow.......cbe.....keep it up.....!!!!!!,5,2025-04-01,CBE,Google Play,NEUTRAL,0.0,wow cbe keep,Other
ጊዜን ቆጣቢ እና ህይወትን ቀለል ከሚያደርጉ ኢትዬጲያ ካሉ ፋይናንስ አፕልኬሽኖች ሁሉ ይሄ ይለያል,5,2025-04-01,CBE,Google Play,NEUTRAL,0.0,ጊዜን ቆጣቢ እና ህይወትን ቀለል ከሚያደርጉ ኢትዬጲያ ካሉ ፋይናንስ አፕልኬሽኖች ሁሉ ይሄ ይለያል,Other
Excellent🙏app,5,2025-04-01,CBE,Google Play,NEUTRAL,0.0,,Other
the most useful,5,2025-04-01,CBE,Google Play,POSITIVE,0.4,useful,Other
I am more satisfied in this app . More sure you have to secure.,4,2025-04-01,CBE,Google Play,POSITIVE,0.48,satisfied app sure secure,UI/UX
Easy to use,5,2025-04-01,CBE,Google Play,POSITIVE,0.4333333333333333,easy use,Other
"very good, but sometimes NUR CBE comes without my consent. even if I choose locked, it appears",4,2025-04-01,CBE,Google Play,POSITIVE,0.91,good sometimes nur cbe come without consent even choose locked appears,Other
Excellent !!!,5,2025-04-01,CBE,Google Play,POSITIVE,1.0,excellent,Other
always we relay on,5,2025-04-01,CBE,Google Play,NEUTRAL,0.0,always relay,Other
I'm lucky to have this🙏 thank you CBE.,5,2025-04-01,CBE,Google Play,POSITIVE,0.3333333333333333,lucky thank cbe,Other
it's need more improvement like Tellbirr.,4,2025-04-01,CBE,Google Play,POSITIVE,0.5,need improvement like tellbirr,Other
goode app,5,2025-04-01,CBE,Google Play,NEUTRAL,0.0,goode app,UI/UX
a very nice app.👍👍👍,5,2025-04-01,CBE,Google Play,POSITIVE,0.78,nice,Other
safe easy & fast,5,2025-04-01,CBE,Google Play,POSITIVE,0.3777777777777777,safe easy fast,Other
it's good app,5,2025-04-01,CBE,Google Play,POSITIVE,0.7,good app,UI/UX
It is veary useful app but screen shout was impossible .solve this problem,5,2025-04-01,CBE,Google Play,NEGATIVE,-0.1833333333333333,veary useful app screen shout impossible problem,UI/UX
ጥሩ ነው,5,2025-04-01,CBE,Google Play,NEUTRAL,0.0,ጥሩ ነው,Other
እጅግ በጣም ጥሩ አፕ,5,2025-04-01,CBE,Google Play,NEUTRAL,0.0,እጅግ በጣም ጥሩ አፕ,Other
በጣም ሃሪፍ ነው ግን ብር በሚተላለፍበት ወቅት ተቀንሷል ይላል እላፊ መልክቱ ይደርሳል ግን አይቀንስም,5,2025-04-01,CBE,Google Play,NEUTRAL,0.0,በጣም ሃሪፍ ነው ግን ብር በሚተላለፍበት ወቅት ተቀንሷል ይላል እላፊ መልክቱ ይደርሳል ግን አይቀንስም,Other
suitable app,4,2025-04-01,CBE,Google Play,POSITIVE,0.55,suitable app,UI/UX
Dear cbe this app is not comparable with 21century and pls try to solve it.💀💀💀,1,2025-04-01,CBE,Google Play,NEUTRAL,0.0,dear cbe app comparable pls try solve,UI/UX
best transaction method of financial,5,2025-04-01,CBE,Google Play,POSITIVE,0.5,best transaction method financial,Transactions
#CBE is Now going to on the right Pathway/track/!! Thank you CBE one step ahead on payment platform app!!,5,2025-04-01,CBE,Google Play,POSITIVE,0.6975446428571428,cbe going right thank cbe one step ahead payment platform app,UI/UX
It literarily don't work at all,4,2025-04-01,CBE,Google Play,NEUTRAL,0.1,literarily work,Other
good give us plus,5,2025-04-01,CBE,Google Play,POSITIVE,0.7,good give u plus,Other
"Very good application. However, I have one functionality recommendation. What if you let the app transfer money to any telebirr account as for MPESA? By the way, I am not the only one to ask this. Thank you!",4,2025-04-01,CBE,Google Play,POSITIVE,0.4549999999999999,good application however one functionality recommendation let app transfer money telebirr account mpesa way one ask thank,UI/UX
before update it was able to screenshot while after update I can't able to screenshot the transfere details,4,2025-04-01,CBE,Google Play,POSITIVE,0.5,update able screenshot update ca able screenshot transfere detail,UI/UX
Tnc Cbe,5,2025-04-01,CBE,Google Play,NEUTRAL,0.0,tnc cbe,Other
it is good app. But you have integrate cbe with cbe birr. to allow cardless withdrawal directly from our accout!,4,2025-03-31,CBE,Google Play,POSITIVE,0.4125,good app integrate cbe cbe birr allow cardless withdrawal directly accout,UI/UX
great apps,5,2025-03-31,CBE,Google Play,POSITIVE,0.8,great apps,Other
Excellent,5,2025-03-31,CBE,Google Play,POSITIVE,1.0,excellent,Other
Great app!,4,2025-03-31,CBE,Google Play,POSITIVE,1.0,great app,UI/UX
CBE,5,2025-03-31,CBE,Google Play,NEUTRAL,0.0,cbe,Other
very good 👍 👏,5,2025-03-31,CBE,Google Play,POSITIVE,0.91,good,Other
great when it works,5,2025-03-31,CBE,Google Play,POSITIVE,0.8,great work,Other
"the app is very good, but why screenshots is impossible?",5,2025-03-31,CBE,Google Play,POSITIVE,0.1216666666666666,app good screenshots impossible,UI/UX
excellent match application,5,2025-03-31,CBE,Google Play,POSITIVE,1.0,excellent match application,Other
The Best app😍😍😍,5,2025-03-31,CBE,Google Play,POSITIVE,1.0,best,Other
excellent app,5,2025-03-31,CBE,Google Play,POSITIVE,1.0,excellent app,UI/UX
easy to use and user friendly,5,2025-03-31,CBE,Google Play,POSITIVE,0.4041666666666667,easy use user friendly,Other
very nice,5,2025-03-31,CBE,Google Play,POSITIVE,0.78,nice,Other
አሪፍ ነው በተለይ የአሻራ ደህነቱ መረጋገጡ ተመችቶኛል,3,2025-03-31,CBE,Google Play,NEUTRAL,0.0,አሪፍ ነው በተለይ የአሻራ ደህነቱ መረጋገጡ ተመችቶኛል,Other
well software,5,2025-03-31,CBE,Google Play,NEUTRAL,0.0,well software,Other
ጥሩ ነው አንዳንዴ ስታክ ቢያደርግም,4,2025-03-31,CBE,Google Play,NEUTRAL,0.0,ጥሩ ነው አንዳንዴ ስታክ ቢያደርግም,Other
it's not working,3,2025-06-05,Bank of Abyssinia,Google Play,NEUTRAL,0.0,working,Other
"Hello, I’m facing a problem with the BOA Mobile app. Every time I enter my phone number and password, the app crashes and shows an error that says “BoaMobile closed because this app has a bug.” I tried updating, reinstalling, and clearing cache, but nothing worked. Please fix this bug in the next update. I really need access to my account. Thank you.",1,2025-06-03,Bank of Abyssinia,Google Play,NEUTRAL,0.0333333333333333,hello facing problem boa mobile app every time enter phone number password app crash show error say boamobile closed app tried updating reinstalling clearing cache nothing worked please fix bug next update really need access account thank,UI/UX
exceptional,5,2025-06-03,Bank of Abyssinia,Google Play,POSITIVE,0.6666666666666666,exceptional,Other
BoA Mobile good bank,5,2025-06-02,Bank of Abyssinia,Google Play,POSITIVE,0.7,boa mobile good bank,Other
this is worest app 24/7 loading,1,2025-06-01,Bank of Abyssinia,Google Play,NEUTRAL,0.0,worest app loading,UI/UX
This App is not interest for Android phone Please update it .,1,2025-06-01,Bank of Abyssinia,Google Play,NEUTRAL,0.0,app interest android phone please update,UI/UX
BoA system is confartable,5,2025-06-01,Bank of Abyssinia,Google Play,NEUTRAL,0.0,boa system confartable,Other
"this app, for me , is a waste of time. It doesn't work . I can't even long in, and it really piss me off. FIX THE PROBLEM",1,2025-05-27,Bank of Abyssinia,Google Play,NEUTRAL,-0.0166666666666666,app waste time work ca even long really piss fix problem,UI/UX
Good service.,3,2025-05-25,Bank of Abyssinia,Google Play,POSITIVE,0.7,good service,Customer Support
the app crush frequently,1,2025-05-24,Bank of Abyssinia,Google Play,NEUTRAL,0.1,app crush frequently,UI/UX
You guys keeps getting worst,1,2025-05-22,Bank of Abyssinia,Google Play,NEGATIVE,-1.0,guy keep getting worst,Other
"This app is a joke. It crashes more than it works, takes forever to load, and half the features are just decorative at this point. Can’t log in, can’t transfer money, can’t even check my balance without it bugging out. To the developer: Are you actually trying to make this work, or is this some kind of social experiment to test our patience? Did you build this in your sleep? Because it definitely looks like it. If this is your idea of a functional app, maybe consider a different career path🙏",1,2025-05-21,Bank of Abyssinia,Google Play,POSITIVE,0.1380952380952381,app joke crash work take forever load half feature decorative point log transfer money even check balance without bugging developer actually trying make work kind social experiment test patience build sleep definitely look like idea functional app maybe consider different career,UI/UX
BoA,2,2025-05-20,Bank of Abyssinia,Google Play,NEUTRAL,0.0,boa,Other
but not opening on android,4,2025-05-19,Bank of Abyssinia,Google Play,NEUTRAL,0.0,opening android,Other
Worst App ever. Totally unreliable. And it didn't work at all for the last 4 months.,1,2025-05-18,Bank of Abyssinia,Google Play,NEGATIVE,-0.3333333333333333,worst app ever totally unreliable work last month,UI/UX
ሞላዬ ከበደ,5,2025-05-14,Bank of Abyssinia,Google Play,NEUTRAL,0.0,ሞላዬ ከበደ,Other
"this app does no work on Samsung a51, it just gives a preview of the logo",1,2025-05-11,Bank of Abyssinia,Google Play,NEUTRAL,0.0,app work samsung give preview logo,UI/UX
"i entered incorrect security question by mistake boa app lock pin forever, why is there no other options? ?? i contacted different branchs more then 4times but they didn't able to solve this issue .",5,2025-05-10,Bank of Abyssinia,Google Play,POSITIVE,0.265625,entered incorrect security question mistake boa app lock pin forever option contacted different branch able solve issue,UI/UX
liking this application good 👍,5,2025-05-07,Bank of Abyssinia,Google Play,POSITIVE,0.7,liking application good,Other
"This app future is good, but there is problems with apps to reset and activate it, which is difficult even to the branch staffs, and it takes too long times to active at the branch plus most of the time high expected failure of activation after process at the counter and OTP sent not work",1,2025-05-06,Bank of Abyssinia,Google Play,NEUTRAL,0.0288888888888888,app future good problem apps reset activate difficult even branch staff take long time active branch plus time high expected failure activation process counter otp sent work,UI/UX
it's really good 👍,5,2025-04-23,Bank of Abyssinia,Google Play,POSITIVE,0.7,really good,Other
Bad app . it stuck when you open and noting WORKS.,1,2025-04-23,Bank of Abyssinia,Google Play,NEGATIVE,-0.3499999999999999,bad app stuck open noting work,UI/UX
"the app isn't working after it asked me the password it starts loading, but it doesn't open",3,2025-04-20,Bank of Abyssinia,Google Play,NEUTRAL,0.0,app working asked password start loading open,UI/UX
It keeps showing this pop up to turn off developer options even tho it's off! I had to turn on and then off to make it work! This is a horrible experience and needs a fix asap! Plus kinda slow.,1,2025-04-19,Bank of Abyssinia,Google Play,NEGATIVE,-0.65,keep showing pop turn developer option even tho turn make work horrible experience need fix asap plus kinda slow,UI/UX
yideg,1,2025-04-18,Bank of Abyssinia,Google Play,NEUTRAL,0.0,yideg,Other
አይከፍትም እኮ,1,2025-04-17,Bank of Abyssinia,Google Play,NEUTRAL,0.0,አይከፍትም እኮ,Other
great boa,5,2025-04-10,Bank of Abyssinia,Google Play,POSITIVE,0.8,great boa,Other
boa of mobile backing,5,2025-04-09,Bank of Abyssinia,Google Play,NEUTRAL,0.0,boa mobile backing,Other
faster bank of Abissinya,5,2025-04-08,Bank of Abyssinia,Google Play,NEUTRAL,0.0,faster bank abissinya,Other
i would have given it a lower if it was possible because it crush so much and it take the bank so long to fix the bug,1,2025-04-08,Bank of Abyssinia,Google Play,NEUTRAL,0.05,would given lower possible crush much take bank long fix bug,Other
it just doesn't work...so frustrating,1,2025-04-07,Bank of Abyssinia,Google Play,NEGATIVE,-0.4,work frustrating,Other
like,5,2025-04-06,Bank of Abyssinia,Google Play,NEUTRAL,0.0,like,Other
it's not work correctly... you must have update it,1,2025-04-06,Bank of Abyssinia,Google Play,NEUTRAL,0.0,work correctly must update,UI/UX
"the app gets a considerable improvements like language , QR scanner and unlimited transfers survice. but BOA Please do alot on its fastness and convenient when we login and making a transactions.",5,2025-04-04,Bank of Abyssinia,Google Play,NEUTRAL,0.1,app get considerable improvement like language qr scanner unlimited transfer survice boa please alot fastness convenient login making transaction,UI/UX
after i typed in my password it says successfully logged out ...and goes back to the first page,2,2025-04-04,Bank of Abyssinia,Google Play,POSITIVE,0.3333333333333333,typed password say successfully logged go back first page,Login & Access
good but they don't update enough don't add new things,3,2025-04-04,Bank of Abyssinia,Google Play,POSITIVE,0.2787878787878787,good update enough add new thing,UI/UX
thank you,5,2025-04-02,Bank of Abyssinia,Google Play,NEUTRAL,0.0,thank,Other
it doesn't work period z slowest mobile banking ever i would rather use *815#,1,2025-04-01,Bank of Abyssinia,Google Play,NEUTRAL,0.0,work period z slowest mobile banking ever would rather use,Other
"after activated the application it not allowed to sign , automatically it is turn off In my phone, why ?",1,2025-03-31,Bank of Abyssinia,Google Play,NEUTRAL,0.0,activated application allowed sign automatically turn phone,Other
good application,5,2025-03-30,Bank of Abyssinia,Google Play,POSITIVE,0.7,good application,Other
this version is not working for me I cannot even buy card. I cannot send money,1,2025-03-30,Bank of Abyssinia,Google Play,NEUTRAL,0.0,version working even buy card send money,Transactions
"It can't actively on initialization, it says incorrect OTP getting the exact OTP",1,2025-03-29,Bank of Abyssinia,Google Play,NEUTRAL,0.0583333333333333,ca actively initialization say incorrect otp getting exact otp,Other
always problematic hardly works,1,2025-03-26,Bank of Abyssinia,Google Play,NEGATIVE,-0.2916666666666667,always problematic hardly work,Other
considering the fact the bank is huge this app really bad you could do better,1,2025-03-25,Bank of Abyssinia,Google Play,NEUTRAL,0.0666666666666667,considering fact bank huge app really bad could better,UI/UX
"worst app and Bank ever u be ashamed, scammer",1,2025-03-24,Bank of Abyssinia,Google Play,NEGATIVE,-1.0,worst app bank ever u ashamed scammer,UI/UX
great BoA,5,2025-03-22,Bank of Abyssinia,Google Play,POSITIVE,0.8,great boa,Other
i have went to the bank so many times because i couldn't make any transaction i can only see my balance nothing else so what is the point of having mobile banking if i can't make any transaction with it please work in that,1,2025-03-21,Bank of Abyssinia,Google Play,POSITIVE,0.25,went bank many time could make transaction see balance nothing else point mobile banking ca make transaction please work,Transactions
there is no speed,1,2025-03-19,Bank of Abyssinia,Google Play,NEUTRAL,0.0,speed,Other
"For anyone who wants to download it, just don't!!!",1,2025-03-19,Bank of Abyssinia,Google Play,POSITIVE,0.390625,anyone want download,Other
wonderful,5,2025-03-19,Bank of Abyssinia,Google Play,POSITIVE,1.0,wonderful,Other
all worck,5,2025-03-19,Bank of Abyssinia,Google Play,NEUTRAL,0.0,worck,Other
Loved it,5,2025-03-14,Bank of Abyssinia,Google Play,POSITIVE,0.7,loved,Other
Wow,1,2025-03-14,Bank of Abyssinia,Google Play,NEUTRAL,0.1,wow,Other
"Edit: New bug, app not letting me type in my otp codes. Shameful Why does this app not allow me to use it while having developer options on? Did y'all consider that I might, perhaps, be an actual developer? Why am I expected to toggle the option on and off just to bank (restarting my phone when I do)? Why is the message labled as somthing that will ""smoothen"" the experience? This is like the most ""security consultant"" thing to implement in an app. Please invest in actual security, not this mess.",1,2025-03-12,Bank of Abyssinia,Google Play,NEUTRAL,0.0602272727272727,edit new bug app letting type otp code shameful app allow use developer option consider might perhaps actual developer expected toggle option bank restarting phone message labled somthing smoothen experience like security consultant thing implement app please invest actual security mess,UI/UX
Improved to be the best,5,2025-03-11,Bank of Abyssinia,Google Play,POSITIVE,1.0,improved best,Other
"Decent, but there problems sometimes it says error When i transfer money but infact it transferred because of this bug i transferred 2 times instead of 1 and also we can't transfer money to others telebirr acc we only can to our self BOE Dev fix this !!!",3,2025-03-11,Bank of Abyssinia,Google Play,NEUTRAL,0.0833333333333333,decent problem sometimes say error transfer money infact transferred bug transferred time instead also ca transfer money others telebirr acc self boe dev fix,Transactions
BoA Greqt Ethiopian bank.,5,2025-03-11,Bank of Abyssinia,Google Play,NEUTRAL,0.0,boa greqt ethiopian bank,Other
"The bug is still there,the app crashes every time i try to log in, especially in old phones like my Galaxy A32",1,2025-03-10,Bank of Abyssinia,Google Play,POSITIVE,0.2,bug still app crash every time try log especially old phone like galaxy,UI/UX
Almost better compared to cbe where it is not qualified for,4,2025-03-09,Bank of Abyssinia,Google Play,POSITIVE,0.5,almost better compared cbe qualified,Other
what awesome apps. it is very simple to use and more much important apps.,5,2025-03-09,Bank of Abyssinia,Google Play,POSITIVE,0.475,awesome apps simple use much important apps,Other
Wonderfull app,5,2025-03-08,Bank of Abyssinia,Google Play,NEUTRAL,0.0,wonderfull app,UI/UX
i can't use this app why?,5,2025-03-07,Bank of Abyssinia,Google Play,NEUTRAL,0.0,ca use app,UI/UX
Worst mobile banking app I ever experienced I was blaming other apps but comparing with this they're too much better!!!! It clashes it takes much longer time to login while loading in short it's a complete of trash,1,2025-03-06,Bank of Abyssinia,Google Play,POSITIVE,0.1392857142857143,worst mobile banking app ever experienced blaming apps comparing much better clash take much longer time login loading short complete trash,UI/UX
bro the worst app made by human kind!! as a software engineer it make me so sad seeing enterprise as big as BOA make apps like this. it is a disgrace for our country!!,1,2025-03-05,Bank of Abyssinia,Google Play,NEGATIVE,-0.1125,bro worst app made human kind software engineer make sad seeing enterprise big boa make apps like disgrace country,UI/UX
AGA B Girja Miss language of admin Afaan oromo & other Itoophiyaa languages,1,2025-03-04,Bank of Abyssinia,Google Play,NEGATIVE,-0.125,aga b girja miss language admin afaan oromo itoophiyaa language,Other
"I downloaded the app for the first time while reading other customers reviews and as soon as i installed and opened the app it closes back automatically, what unserious bank, now i uninstalled the app immediately",1,2025-03-03,Bank of Abyssinia,Google Play,NEUTRAL,0.0416666666666666,downloaded app first time reading customer review soon installed opened app close back automatically unserious bank uninstalled app immediately,UI/UX
It has good features but sometimes it doesn't work...0,1,2025-03-02,Bank of Abyssinia,Google Play,POSITIVE,0.7,good feature sometimes work,Features
Very poor proformance,1,2025-03-01,Bank of Abyssinia,Google Play,NEGATIVE,-0.52,poor proformance,Other
It's not opening. Really frustrating,1,2025-03-01,Bank of Abyssinia,Google Play,NEGATIVE,-0.4,opening really frustrating,Other
Verry Amazing App from all IB,5,2025-03-01,Bank of Abyssinia,Google Play,POSITIVE,0.6000000000000001,verry amazing app ib,UI/UX
Not working on this days,1,2025-02-26,Bank of Abyssinia,Google Play,NEUTRAL,0.0,working day,Other
Thank you BoA,5,2025-02-23,Bank of Abyssinia,Google Play,NEUTRAL,0.0,thank boa,Other
best banking app in the wworld,5,2025-02-22,Bank of Abyssinia,Google Play,POSITIVE,1.0,best banking app wworld,UI/UX
Nice app and it's easy to use,5,2025-02-21,Bank of Abyssinia,Google Play,POSITIVE,0.5166666666666666,nice app easy use,UI/UX
"please add language in the apps setting(amharic afan oromo, tigniya,and others) sometimes bank to bank transfer is not available through time and even if if it is available not reachable…it is serious issue!",1,2025-02-15,Bank of Abyssinia,Google Play,NEUTRAL,-0.0722222222222222,please add language apps setting amharic afan oromo tigniya others sometimes bank bank transfer available time even available serious issue,Transactions
This is help full i like ittttt,5,2025-02-14,Bank of Abyssinia,Google Play,POSITIVE,0.35,help full like ittttt,Customer Support
The is not functional at all?,2,2025-02-12,Bank of Abyssinia,Google Play,NEUTRAL,0.0,functional,Other
Best bank,5,2025-02-08,Bank of Abyssinia,Google Play,POSITIVE,1.0,best bank,Other
Make it easy and convienient to use and perfect for all to high prefrence and choice.,3,2025-02-07,Bank of Abyssinia,Google Play,POSITIVE,0.5311111111111111,make easy convienient use perfect high prefrence choice,Other
🇪🇹🇪🇹🇪🇹🇪🇹🇪🇹🇪🇹👍👍👍👍👍👍👍,5,2025-02-04,Bank of Abyssinia,Google Play,NEUTRAL,0.0,,Other
I have been using this app for two years.It is amazing.,5,2025-02-01,Bank of Abyssinia,Google Play,POSITIVE,0.6000000000000001,using app two amazing,UI/UX
Good 👍,5,2025-01-31,Bank of Abyssinia,Google Play,POSITIVE,0.7,good,Other
Sad experience,1,2025-01-30,Bank of Abyssinia,Google Play,NEGATIVE,-0.5,sad experience,Other
Always do update and that is annoying,3,2025-01-27,Bank of Abyssinia,Google Play,NEGATIVE,-0.8,always update annoying,UI/UX
"Best app, somehow waiting a few minutes",5,2025-01-23,Bank of Abyssinia,Google Play,POSITIVE,0.4,best app somehow waiting minute,UI/UX
I can't dijitalize my atm in the apollo app on my phone,1,2025-01-22,Bank of Abyssinia,Google Play,NEUTRAL,0.0,ca dijitalize atm apollo app phone,UI/UX
Whenever I try to sign in app close please fixed it out,2,2025-01-21,Bank of Abyssinia,Google Play,NEUTRAL,0.1,whenever try sign app close please fixed,UI/UX
Beter,5,2025-01-21,Bank of Abyssinia,Google Play,NEUTRAL,0.0,beter,Other
Boa,4,2025-01-18,Bank of Abyssinia,Google Play,NEUTRAL,0.0,boa,Other
በጣም የሚያስጠላ አፕ በጣም የወረደ ዜሮ ነው የምሰጠው ዘሮ It's not App it's very slow ehhhh. Why don't you upgrade the app???? It's always zero,1,2025-01-18,Bank of Abyssinia,Google Play,NEGATIVE,-0.39,በጣም የሚያስጠላ አፕ በጣም የወረደ ዜሮ ነው የምሰጠው ዘሮ app slow ehhhh upgrade app always zero,UI/UX
Aadan Axmed Barkhadle,5,2025-01-17,Bank of Abyssinia,Google Play,NEUTRAL,0.0,aadan axmed barkhadle,Other
😡😡😡🤬🤬🤬,1,2025-01-16,Bank of Abyssinia,Google Play,NEUTRAL,0.0,,Other
Horrible customer service and app crashes Horrible!!,1,2025-01-15,Bank of Abyssinia,Google Play,NEGATIVE,-1.0,horrible customer service app crash horrible,UI/UX
I love it,5,2025-01-14,Bank of Abyssinia,Google Play,POSITIVE,0.5,love,Other
It keeps asking me to turn off developer mode even when dev mode is off. Couldn't use it.,1,2025-01-13,Bank of Abyssinia,Google Play,NEUTRAL,0.0,keep asking turn developer mode even dev mode could use,UI/UX
Good🙏,5,2025-01-12,Bank of Abyssinia,Google Play,NEUTRAL,0.0,,Other
Like to much,5,2025-01-11,Bank of Abyssinia,Google Play,POSITIVE,0.2,like much,Other
Thank you,5,2025-01-10,Bank of Abyssinia,Google Play,NEUTRAL,0.0,thank,Other
Perfect,5,2025-01-09,Bank of Abyssinia,Google Play,POSITIVE,1.0,perfect,Other
The best of best,5,2025-01-09,Bank of Abyssinia,Google Play,POSITIVE,1.0,best best,Other
I was using this app for long time it amazing user friendly UI but the i can't found for get pin button in the app,3,2025-01-07,Bank of Abyssinia,Google Play,POSITIVE,0.3083333333333333,using app long time amazing user friendly ui ca found get pin button app,UI/UX
Great 👍,5,2025-01-04,Bank of Abyssinia,Google Play,POSITIVE,0.8,great,Other
Fast and suitable for the customers.,5,2025-01-04,Bank of Abyssinia,Google Play,POSITIVE,0.375,fast suitable customer,Customer Support
Good app and helpful,5,2025-01-03,Bank of Abyssinia,Google Play,POSITIVE,0.7,good app helpful,UI/UX
"I will give only one star, because it faced with multiple of problems. 1. The app is not as fast as the other banks App, for e.g like CBE 2. The App asks repeatedly to switch off developer options, even if it is switched off. 3. Bank of Abyssinia's services are interesting, but they ignored the issues on the App service. 4. Most customers gave a complain on the App, but no one accept their complain to fix the issue. 5. Lastly, I will not recommend the App unless the issue has been solved ASAP!!",1,2025-01-03,Bank of Abyssinia,Google Play,POSITIVE,0.1535714285714285,give one star faced multiple problem app fast bank app like cbe app asks repeatedly switch developer option even switched bank abyssinia service interesting ignored issue app service customer gave complain app one accept complain fix issue lastly recommend app unless issue solved asap,UI/UX
By assessing this you can tell Abyssinia bank has no idea what mobile banking is ?,1,2025-01-02,Bank of Abyssinia,Google Play,NEUTRAL,0.0,assessing tell abyssinia bank idea mobile banking,Other
It doesn't work at all.,2,2025-01-02,Bank of Abyssinia,Google Play,NEUTRAL,0.0,work,Other
this app is not available,1,2025-01-02,Bank of Abyssinia,Google Play,NEGATIVE,-0.2,app available,UI/UX
Wow what amazing,5,2024-12-30,Bank of Abyssinia,Google Play,POSITIVE,0.35,wow amazing,Other
love it,5,2024-12-30,Bank of Abyssinia,Google Play,POSITIVE,0.5,love,Other
በጣም መሻሻል አለበት....... ለ ባንኩ ማይመጥን መተግበርያ ነው ::,2,2024-12-30,Bank of Abyssinia,Google Play,NEUTRAL,0.0,በጣም መሻሻል አለበት ለ ባንኩ ማይመጥን መተግበርያ ነው,Other
Lemn embi yilal??,5,2024-12-30,Bank of Abyssinia,Google Play,NEUTRAL,0.0,lemn embi yilal,Other
It's useless app downgraded.,1,2024-12-29,Bank of Abyssinia,Google Play,NEGATIVE,-0.5,useless app downgraded,UI/UX
Why is not letting me access my account. The whole point of this app is for me to gey access to my account without physically being at the bank. I would give it a zero but a one will suffice to get my point accross.,1,2024-12-27,Bank of Abyssinia,Google Play,NEUTRAL,0.1,letting access account whole point app gey access account without physically bank would give zero one suffice get point accross,UI/UX
Nice,5,2024-12-26,Bank of Abyssinia,Google Play,POSITIVE,0.6,nice,Other
When are you going to get rid of this and have a real app that works? By far the worst mobile banking app.,1,2024-12-24,Bank of Abyssinia,Google Play,NEGATIVE,-0.2333333333333333,going get rid real app work far worst mobile banking app,UI/UX
አይሰራም ሼም ነው፤,1,2024-12-23,Bank of Abyssinia,Google Play,NEUTRAL,0.0,አይሰራም ሼም,Other
Not that much bad,3,2024-12-22,Bank of Abyssinia,Google Play,NEGATIVE,-0.6999999999999998,much bad,Other
Fine,5,2024-12-21,Bank of Abyssinia,Google Play,POSITIVE,0.4166666666666667,fine,Other
The dirtiest application ever seen...,1,2024-12-20,Bank of Abyssinia,Google Play,NEUTRAL,0.0,dirtiest application ever seen,Other
Nic ap,5,2024-12-19,Bank of Abyssinia,Google Play,NEUTRAL,0.0,nic ap,Other
The forest app ever,1,2024-12-19,Bank of Abyssinia,Google Play,NEUTRAL,0.0,forest app ever,UI/UX
"I love BoA more than anyone but they are cursed when it comed to mobile banking. Even though this ine is hetter it still s*cks! It will ask me to turn off developer options other wise it won't work! I use CBE, Awash birr, tekebirr, Dashen bank and others but non of them asked me this, why only BoA? Please improve your mobile banking, be competitive!",1,2024-12-19,Bank of Abyssinia,Google Play,POSITIVE,0.375,love boa anyone cursed comed mobile banking even though ine hetter still cks ask turn developer option wise wo work use cbe awash birr tekebirr dashen bank others non asked boa please improve mobile banking competitive,Features
Bank of abissena,1,2024-12-17,Bank of Abyssinia,Google Play,NEUTRAL,0.0,bank abissena,Other
"Easy and sooo simple to use it, also its easy to stole someones money using the app",3,2024-12-16,Bank of Abyssinia,Google Play,POSITIVE,0.2888888888888889,easy sooo simple use also easy stole someone money using app,UI/UX
GOOD,5,2024-12-15,Bank of Abyssinia,Google Play,POSITIVE,0.7,good,Other
The worst banking app ever. Never works!,1,2024-12-14,Bank of Abyssinia,Google Play,NEGATIVE,-1.0,worst banking app ever never work,UI/UX
Poorly functioning app,3,2024-12-13,Bank of Abyssinia,Google Play,NEGATIVE,-0.4,poorly functioning app,UI/UX
Very nice,5,2024-12-13,Bank of Abyssinia,Google Play,POSITIVE,0.78,nice,Other
Your system is the worst you should do better😡😡😡😡😡😡,2,2024-12-11,Bank of Abyssinia,Google Play,NEGATIVE,-1.0,system worst,Other
It has been a while since you guys started giving the mobile app service but still couldn't get it to work. I'm sure you know that it doesn't work already but not sure if you're lazy or incompetent to fix it. You are losing business because of this. Complacency will have consequences.,1,2024-12-10,Bank of Abyssinia,Google Play,NEUTRAL,-0.0875,since guy started giving mobile app service still could get work sure know work already sure lazy incompetent fix losing business complacency consequence,UI/UX
"This is the best app; many features are awesome, but it should work without the need to turn off the developer options. I'm tired of having to constantly switch the developer options off and on. I've been expressing my struggles about this. I have precious settings enabled in the developer options, and to open the App Boa app, I have to turn them off. Please help us, Abyssinia Bank. I hope you can provide an update soon.",4,2024-12-08,Bank of Abyssinia,Google Play,POSITIVE,0.3714285714285714,best app many feature awesome work without need turn developer option tired constantly switch developer option expressing struggle precious setting enabled developer option open app boa app turn please help u abyssinia bank hope provide update soon,UI/UX
"I’m giving this app one star because there are no options below that. My experience has been incredibly frustrating due to the extremely long loading times, and the app even closes automatically at times. People choose mobile banking for its convenience, but this app is far too time-consuming, making it the worst I’ve used. I hope improvements are made to enhance the user experience.",1,2024-12-07,Bank of Abyssinia,Google Play,NEGATIVE,-0.295,giving app one star option experience incredibly frustrating due extremely long loading time app even close automatically time people choose mobile banking convenience app far making worst used hope improvement made enhance user experience,UI/UX
Very unprofessional and mischievous bank in my opinion. I have had several occasions but recently I used Abyssinia Card to withdraw money and it was deducted from my account but despite reporting several times they said they are processing it but I learned yesterday that since it has been 3 months the bank has decided to include it in their income. How absurd. If you can avoid this bank.,1,2024-12-06,Bank of Abyssinia,Google Play,NEUTRAL,-0.06,unprofessional mischievous bank opinion several occasion recently used abyssinia card withdraw money deducted account despite reporting several time said processing learned yesterday since month bank decided include income absurd avoid bank,Transactions
It doesn't work on my 2 devices A05 and A34 😡,1,2024-12-02,Bank of Abyssinia,Google Play,NEUTRAL,0.0,work device,Other
It's better to say I don't use boa rather than pulling your phone out and opening this app,1,2024-12-01,Bank of Abyssinia,Google Play,POSITIVE,0.5,better say use boa rather pulling phone opening app,UI/UX
My attention is very important because it will be the most difficult time for me,5,2024-11-30,Bank of Abyssinia,Google Play,POSITIVE,0.1733333333333333,attention important difficult time,Other
"I have a worst experience while using this mobile application through out the year. Most of the time it fails to ""Login"" or automatically closed the app. And also it takes so much loading time (5 minutes +) trying to access the internal services. Sometimes also while transferring within and to other bank also fails. So, BOA please fix your app.",1,2024-11-29,Bank of Abyssinia,Google Play,NEGATIVE,-0.190625,worst experience using mobile application year time fails login automatically closed app also take much loading time minute trying access internal service sometimes also transferring within bank also fails boa please fix app,UI/UX
I don't know why but your apps start out great then all of a sudden don't work🤷‍♀️,1,2024-11-28,Bank of Abyssinia,Google Play,POSITIVE,0.4,know apps start great sudden,Other
This application is losing major factions on a daily basis. I can count how many times I have used this app; it is completely useless and disappointing if I am not going to use it in times of need then I don't see the point.,1,2024-11-28,Bank of Abyssinia,Google Play,NEGATIVE,-0.1075,application losing major faction daily basis count many time used app completely useless disappointing going use time need see point,UI/UX
exellent digital transaction of money,5,2024-11-27,Bank of Abyssinia,Google Play,NEUTRAL,0.0,exellent digital transaction money,Transactions
The latest update has stopped android 9 phones not to open this App. Never work properly since i started using it.,1,2024-11-26,Bank of Abyssinia,Google Play,POSITIVE,0.1666666666666666,latest update stopped android phone open app never work properly since started using,UI/UX
Great,5,2024-11-25,Bank of Abyssinia,Google Play,POSITIVE,0.8,great,Other
👏👏👏,5,2024-11-24,Bank of Abyssinia,Google Play,NEUTRAL,0.0,,Other
Money,5,2024-11-24,Bank of Abyssinia,Google Play,NEUTRAL,0.0,money,Transactions
It needs more improvment,2,2024-11-24,Bank of Abyssinia,Google Play,POSITIVE,0.5,need improvment,Other
Hey Google,5,2024-11-21,Bank of Abyssinia,Google Play,NEUTRAL,0.0,hey google,Other
ab,3,2024-11-20,Bank of Abyssinia,Google Play,NEUTRAL,0.0,ab,Other
Ademtahir,5,2024-11-20,Bank of Abyssinia,Google Play,NEUTRAL,0.0,ademtahir,Other
✌️✌️,5,2024-11-20,Bank of Abyssinia,Google Play,NEUTRAL,0.0,,Other
Please this app on my android phone,3,2024-11-20,Bank of Abyssinia,Google Play,NEUTRAL,0.0,please app android phone,UI/UX
GOAT 🐐 🐐,5,2024-11-19,Bank of Abyssinia,Google Play,NEUTRAL,0.0,goat,Other
"Your app doesn't match your bank, the app is disaster, super slow. Please learn something from tele birr app.",1,2024-11-19,Bank of Abyssinia,Google Play,NEUTRAL,0.0166666666666666,app match bank app disaster super slow please learn something tele birr app,UI/UX
Fast and reliable,5,2024-11-18,Bank of Abyssinia,Google Play,POSITIVE,0.2,fast reliable,Other
"The worst app update ever. Why would you include the ""developer option off"" thing here? Why do you care? It is my phone my money, right? That is the reason why I switched to other banks. So either turn it off or everyone will discontinue their business one by one.",1,2024-11-17,Bank of Abyssinia,Google Play,NEGATIVE,-0.2797619047619047,worst app update ever would include developer option thing care phone money right reason switched bank either turn everyone discontinue business one one,UI/UX
Very good,5,2024-11-14,Bank of Abyssinia,Google Play,POSITIVE,0.91,good,Other
One of the poorest mobile banking system,1,2024-11-13,Bank of Abyssinia,Google Play,NEUTRAL,0.0,one poorest mobile banking system,Other
❤❤❤❤❤❤,5,2024-11-12,Bank of Abyssinia,Google Play,NEUTRAL,0.0,,Other
Oene,5,2024-11-12,Bank of Abyssinia,Google Play,NEUTRAL,0.0,oene,Other
i find it interesting specially in reciept downloading,1,2024-11-12,Bank of Abyssinia,Google Play,POSITIVE,0.4285714285714286,find interesting specially reciept downloading,Other
it good,5,2024-11-12,Bank of Abyssinia,Google Play,POSITIVE,0.7,good,Other
"This app crashes everytime, please fix it",1,2024-11-12,Bank of Abyssinia,Google Play,NEUTRAL,0.0,app crash everytime please fix,UI/UX
አንድ star ራሱ ይበዛበታል። i dont recomend to use this app also the bank,1,2024-11-12,Bank of Abyssinia,Google Play,NEUTRAL,0.0,አንድ star ራሱ dont recomend use app also bank,UI/UX
I need a support the app is not working,5,2024-11-12,Bank of Abyssinia,Google Play,NEUTRAL,0.0,need support app working,UI/UX
Bast bank of ethiopia,5,2024-11-12,Bank of Abyssinia,Google Play,NEUTRAL,0.0,bast bank ethiopia,Other
very slow app. አቢሲኒያን ከሚያክል ባንክ የማይጠበቅ software app. ከቻላችሁ ሙሉ ለሙሉ እንደገና አሰሩት።በጣም ይመራያል ያሳፍራል።ለapp የወጣው ወጭ በሙስና የተበላ ነው የሚመስለው።,1,2024-11-12,Bank of Abyssinia,Google Play,NEGATIVE,-0.39,slow app አቢሲኒያን ከሚያክል ባንክ የማይጠበቅ software app ከቻላችሁ ሙሉ ለሙሉ እንደገና ይመራያል የወጣው ወጭ በሙስና የተበላ ነው,UI/UX
"thank you for your social services like, vertual banking, non touch ATM, Cadrless and withdrwal with out passbook...",5,2024-11-12,Bank of Abyssinia,Google Play,NEUTRAL,0.0333333333333333,thank social service like vertual banking non touch atm cadrless withdrwal passbook,Customer Support
The worst App i have never seen like this before,1,2024-11-12,Bank of Abyssinia,Google Play,NEGATIVE,-1.0,worst app never seen like,UI/UX
Wweeeer,4,2024-11-12,Bank of Abyssinia,Google Play,NEUTRAL,0.0,wweeeer,Other
Infinx,5,2024-11-12,Bank of Abyssinia,Google Play,NEUTRAL,0.0,infinx,Other
Great service,5,2024-11-12,Bank of Abyssinia,Google Play,POSITIVE,0.8,great service,Customer Support
This app is not available on all android versions and some times it is not functional.,1,2024-11-08,Bank of Abyssinia,Google Play,NEGATIVE,-0.2,app available android version time functional,UI/UX
senayt Mesfin,4,2024-11-08,Bank of Abyssinia,Google Play,NEUTRAL,0.0,senayt mesfin,Other
Bad app vety bad.,1,2024-11-07,Bank of Abyssinia,Google Play,NEGATIVE,-0.6999999999999998,bad app vety bad,UI/UX
Abessnya Banke,5,2024-11-05,Bank of Abyssinia,Google Play,NEUTRAL,0.0,abessnya banke,Other
"The most useless app, I never expected such an irrelevant app from BOA. big shame!",1,2024-11-04,Bank of Abyssinia,Google Play,NEUTRAL,-0.075,useless app never expected irrelevant app boa big shame,UI/UX
Okay,5,2024-11-03,Bank of Abyssinia,Google Play,POSITIVE,0.5,okay,Other
Professional on banking app,5,2024-11-01,Bank of Abyssinia,Google Play,NEUTRAL,0.1,professional banking app,UI/UX
Has some nice interface but always freezes or slow to load .App developers please fix this issue.,3,2024-10-27,Bank of Abyssinia,Google Play,POSITIVE,0.1499999999999999,nice interface always freeze slow load developer please fix issue,UI/UX
አይሰራም አስተካክሉት,5,2024-10-26,Bank of Abyssinia,Google Play,NEUTRAL,0.0,አይሰራም አስተካክሉት,Other
Please try another because this app doesn't feet the need of this generation,1,2024-10-25,Bank of Abyssinia,Google Play,NEUTRAL,0.0,please try another app foot need generation,UI/UX
Fast transfer,5,2024-10-24,Bank of Abyssinia,Google Play,POSITIVE,0.2,fast transfer,Transactions
"What's up I can't log in, what's wrong",5,2024-10-22,Bank of Abyssinia,Google Play,NEGATIVE,-0.5,ca log wrong,Other
Amrumehamed,1,2024-10-21,Bank of Abyssinia,Google Play,NEUTRAL,0.0,amrumehamed,Other
"Nice to meet you my proud bank in Ethiopia.. I'm a member of this bank, i need to solve my problem of international receiving money for me from my online digital working service's over the world please? I'm working a lot of international money.But i can't get direct in Ethiopia because of don't knowing the legal ways of getting money in Ethiopia please can I get and direct deposit with BoA please 🙏🙏🙏?",5,2024-10-18,Bank of Abyssinia,Google Play,POSITIVE,0.225,nice meet proud bank ethiopia member bank need solve problem international receiving money online digital working service world please working lot international ca get direct ethiopia knowing legal way getting money ethiopia please get direct deposit boa please,Transactions
ደደገነሐ,5,2024-10-15,Bank of Abyssinia,Google Play,NEUTRAL,0.0,ደደገነሐ,Other
"Terrible Bank Experience It’s unbelievable that with all the modern technology, this bank still struggles with even basic transactions. The app constantly crashes, services are limited, and every time I try to transfer money or load Telebirr, there’s a huge delay. I have to wait 5 days for failed transactions to be refunded! Even USSD is unreliable. They’ve put me in embarrassing situations countless times, and customer care never fixes anything. I’ve switched banks, and you should too!",1,2024-10-14,Bank of Abyssinia,Google Play,NEGATIVE,-0.1496031746031746,terrible bank experience unbelievable modern technology bank still struggle even basic transaction app constantly crash service limited every time try transfer money load telebirr huge delay wait day failed transaction refunded even ussd unreliable put embarrassing situation countless time customer care never fix anything switched bank,UI/UX
A painfully slow banking app service. Please don't make it your choice!,1,2024-10-13,Bank of Abyssinia,Google Play,NEGATIVE,-0.375,painfully slow banking app service please make choice,UI/UX
Good App,4,2024-10-12,Bank of Abyssinia,Google Play,POSITIVE,0.7,good app,UI/UX
Best app to me,5,2024-10-11,Bank of Abyssinia,Google Play,POSITIVE,1.0,best app,UI/UX
BOA,5,2024-10-11,Bank of Abyssinia,Google Play,NEUTRAL,0.0,boa,Other
Abdulkadir,5,2024-10-11,Bank of Abyssinia,Google Play,NEUTRAL,0.0,abdulkadir,Other
Bad,1,2024-10-10,Bank of Abyssinia,Google Play,NEGATIVE,-0.6999999999999998,bad,Other
If it is possible I would gove0 star,1,2024-10-08,Bank of Abyssinia,Google Play,NEUTRAL,0.0,possible would star,Other
Nise mobile bankig,4,2024-10-05,Bank of Abyssinia,Google Play,NEUTRAL,0.0,nise mobile bankig,Other
Overall good app but performance needs some improvement also sometimes when using instant other bank transfers it refuses causing to be repeated several times to transfer,4,2024-10-04,Bank of Abyssinia,Google Play,POSITIVE,0.1149999999999999,overall good app performance need improvement also sometimes using instant bank transfer refuse causing repeated several time transfer,UI/UX
Ok,5,2024-10-04,Bank of Abyssinia,Google Play,POSITIVE,0.5,ok,Other
Just make it work please🤣 this is embarrassing for a bank of your size,1,2024-10-04,Bank of Abyssinia,Google Play,NEUTRAL,0.0,make work embarrassing bank size,Other
Update to the simplest way it requires the developer option on and off why this is,5,2024-10-04,Bank of Abyssinia,Google Play,NEUTRAL,0.0,update simplest way requires developer option,UI/UX
"Stop telling me what to do with my phone, BOA. Why does your newly updated app keep asking me to disable the developer options? I’m not slowing down my phone just to use your God damn app. 🤮🤮🤮🤮",1,2024-10-04,Bank of Abyssinia,Google Play,NEUTRAL,-0.0095959595959596,stop telling phone boa newly updated app keep asking disable developer option slowing phone use god damn app,UI/UX
I'm living out of country how may I download and use mobile banking? It asks me the Ethiopia phone number and I can't receive text to confirm because I'm out side the country. So please lete know if I can use while I'm outside the country. Thanks,1,2024-10-04,Bank of Abyssinia,Google Play,NEUTRAL,0.1,living country may download use mobile banking asks ethiopia phone number ca receive text confirm side country please lete know use outside country thanks,Transactions
Worest app,1,2024-10-03,Bank of Abyssinia,Google Play,NEUTRAL,0.0,worest app,UI/UX
The worest app ever,1,2024-10-03,Bank of Abyssinia,Google Play,NEUTRAL,0.0,worest app ever,UI/UX
አሪፍ ነው በርቱልን,5,2024-10-03,Bank of Abyssinia,Google Play,NEUTRAL,0.0,አሪፍ ነው በርቱልን,Other
Wwwerrr,5,2024-10-02,Bank of Abyssinia,Google Play,NEUTRAL,0.0,wwwerrr,Other
ጀማል ውቀቱ,5,2024-09-30,Bank of Abyssinia,Google Play,NEUTRAL,0.0,ጀማል ውቀቱ,Other
Great For Financial company,5,2024-09-30,Bank of Abyssinia,Google Play,POSITIVE,0.4,great financial company,Other
Very easy to use,5,2024-09-30,Bank of Abyssinia,Google Play,POSITIVE,0.5633333333333334,easy use,Other
The App's crash always.. Error.....,3,2024-09-27,Bank of Abyssinia,Google Play,NEUTRAL,0.0,app crash always error,UI/UX
This app is incredibly frustrating to use. It’s filled with issues that make it difficult to navigate and complete tasks efficiently. I’ve never encountered such a poorly designed banking application before. It needs significant improvements to enhance user experience. It deserves a vey low rating.,1,2024-09-26,Bank of Abyssinia,Google Play,NEUTRAL,-0.053125,app incredibly frustrating use filled issue make difficult navigate complete task efficiently never encountered poorly designed banking application need significant improvement enhance user experience deserves vey low rating,UI/UX
Great UI and seamless UX. I love it!!,5,2024-09-25,Bank of Abyssinia,Google Play,POSITIVE,0.5604166666666667,great ui seamless ux love,Other
That's too good application but try to add more alternatives and futures or possibilitys for your customers,3,2024-09-25,Bank of Abyssinia,Google Play,POSITIVE,0.6,good application try add alternative future possibility customer,Customer Support
It's easy used to operate program and secured 👍👍,4,2024-09-25,Bank of Abyssinia,Google Play,POSITIVE,0.4333333333333333,easy used operate program secured,Other
I bought a mobile card on this app but I didn't receive it and it took my money and I didn't get my money back.,1,2024-09-21,Bank of Abyssinia,Google Play,NEUTRAL,0.0,bought mobile card app receive took money get money back,UI/UX
Amazing,5,2024-09-19,Bank of Abyssinia,Google Play,POSITIVE,0.6000000000000001,amazing,Other
Great app with great services,5,2024-09-19,Bank of Abyssinia,Google Play,POSITIVE,0.8,great app great service,UI/UX
Yes active user,5,2024-09-17,Bank of Abyssinia,Google Play,NEGATIVE,-0.1333333333333333,yes active user,Other
Shameful,1,2024-09-17,Bank of Abyssinia,Google Play,NEUTRAL,0.0,shameful,Other
The worest app ever made i would not recommende for no one,1,2024-09-16,Bank of Abyssinia,Google Play,NEUTRAL,0.0,worest app ever made would recommende one,UI/UX
Good application,5,2024-09-16,Bank of Abyssinia,Google Play,POSITIVE,0.7,good application,Other
"How many hours should I wait after transferring money to telebirr, please do something about the transfer delay issue I need my money when ever.",1,2024-09-15,Bank of Abyssinia,Google Play,POSITIVE,0.5,many hour wait transferring money telebirr please something transfer delay issue need money ever,Transactions
"BOA is unreasonably holding and delaying transactions for more than a day, even transactions within the same bank itself. This is a huge gap that I observed in BOA mobile banking. I didn't experience this kind of challenge while having transactions in other banks' mobile banking platforms. After waiting so long, I called your customer support team and the response they gave me was ""it was the system that holds the transaction & will be released on working days"". This is not totally fair.",1,2024-09-15,Bank of Abyssinia,Google Play,POSITIVE,0.1392857142857143,boa unreasonably holding delaying transaction day even transaction within bank huge gap observed boa mobile banking experience kind challenge transaction bank mobile banking platform waiting long called customer support team response gave system hold transaction released working day totally fair,Transactions
የእርስዎን ተሞክሮ ይግለጹ (አማራጭ),5,2024-09-14,Bank of Abyssinia,Google Play,NEUTRAL,0.0,የእርስዎን ተሞክሮ ይግለጹ አማራጭ,Other
It's not working. It needs a big update. Can't you update the app quickly?,1,2024-09-14,Bank of Abyssinia,Google Play,POSITIVE,0.1666666666666666,working need big update ca update app quickly,UI/UX
"I am Aimohon Joel , It's can be Good for a Better Conversation in Time 🙂",3,2024-09-14,Bank of Abyssinia,Google Play,POSITIVE,0.6,aimohon joel good better conversation time,Other
"Better app than most mobile apps, but why do I have to turn off developer option every time I wanna use the app?? It's annoying.",1,2024-09-13,Bank of Abyssinia,Google Play,NEUTRAL,0.0666666666666666,better app mobile apps turn developer option every time wan na use app annoying,UI/UX
Bes and freindly app,5,2024-09-13,Bank of Abyssinia,Google Play,NEUTRAL,0.0,be freindly app,UI/UX
It doesn't work.,1,2024-09-12,Bank of Abyssinia,Google Play,NEUTRAL,0.0,work,Other
"It say ""The request was not successful. please check device connectivity or try again"" why? One of the bank manager told me it is because of my phone's android version which is 9.1 It is ridiculous! Disappointing",1,2024-09-11,Bank of Abyssinia,Google Play,NEGATIVE,-0.4638888888888888,say request successful please check device connectivity try one bank manager told phone android version ridiculous disappointing,Other
How to download or screenshot of payment receipt...what kinda worst app ever 🤮🤮🤢,1,2024-09-11,Bank of Abyssinia,Google Play,NEGATIVE,-1.0,download screenshot payment receipt kinda worst app ever,UI/UX
Smart technology,5,2024-09-10,Bank of Abyssinia,Google Play,POSITIVE,0.2142857142857142,smart technology,Other
Yegema app tish🪨,1,2024-09-08,Bank of Abyssinia,Google Play,NEUTRAL,0.0,yegema app,UI/UX
"This is not an appropriate app, i don't know how boa develops this app, i don't expect this much crazy and un confortable app form BOA, I'm soory!!!",1,2024-09-07,Bank of Abyssinia,Google Play,NEGATIVE,-0.25,appropriate app know boa develops app expect much crazy un confortable app form boa soory,UI/UX
"Shockingly bad! Even when it decides to work, it's painfully slow and frustrating. Such a shame that it has become a stain on an extraordinary bank",1,2024-09-06,Bank of Abyssinia,Google Play,NEGATIVE,-0.2483333333333333,shockingly bad even decides work painfully slow frustrating shame become stain extraordinary bank,UI/UX
"It crashes frequently. It launches on Android 8.1 but I don't think it actually works on versions less than 10. If so, it shouldn't be available for download by such devices to begin with, like many other finance apps are not. It was so much better three months ago, upgrades should be for the better.",1,2024-09-06,Bank of Abyssinia,Google Play,POSITIVE,0.1898148148148148,crash frequently launch android think actually work version less available download device begin like many finance apps much better three month ago upgrade better,Other
Awesome application. But lately its crashing everytime i opened it.,4,2024-09-05,Bank of Abyssinia,Google Play,POSITIVE,0.35,awesome application lately crashing everytime opened,Other
እጅም በጣም ደካማ አፕ ነው ሲፈልግ ይከፍታል ሲፈልግ አይከፍትም ከአዋሽ እና ንግድ ባንክ የመሳሰሉ ባንኮች ሲወዳደር ሞባይል ባንኪንግ App እጅግ የሚያበሳጭ ነው ለውጥ ያስፈልጋችኋል,1,2024-09-05,Bank of Abyssinia,Google Play,NEUTRAL,0.0,እጅም በጣም ደካማ አፕ ነው ሲፈልግ ይከፍታል ሲፈልግ አይከፍትም ከአዋሽ እና ንግድ ባንክ የመሳሰሉ ባንኮች ሲወዳደር ሞባይል ባንኪንግ app እጅግ የሚያበሳጭ ነው ለውጥ ያስፈልጋችኋል,UI/UX
Fast one,3,2024-09-04,Bank of Abyssinia,Google Play,POSITIVE,0.2,fast one,Other
Nice looking app but a terrible user experience.,1,2024-09-03,Bank of Abyssinia,Google Play,NEGATIVE,-0.2,nice looking app terrible user experience,UI/UX
The worest MB app ever!!🙄,1,2024-09-02,Bank of Abyssinia,Google Play,NEUTRAL,0.0,worest mb app ever,UI/UX
It is ok,5,2024-09-01,Bank of Abyssinia,Google Play,POSITIVE,0.5,ok,Other
Plz fix the Apps ....screenshot lovation hide from glarey share botten not work😔😔,1,2024-08-30,Bank of Abyssinia,Google Play,NEUTRAL,0.0,plz fix apps screenshot lovation hide glarey share botten,Other
Apollo's,1,2024-08-29,Bank of Abyssinia,Google Play,NEUTRAL,0.0,apollo,Other
The worst experience ever,1,2024-08-29,Bank of Abyssinia,Google Play,NEGATIVE,-1.0,worst experience ever,Other
Hussenaliumar,5,2024-08-29,Bank of Abyssinia,Google Play,NEUTRAL,0.0,hussenaliumar,Other
Hi I have problem with this App BOA mobile I don't know what is wrong with this App I did many times download but it's sam doesn't work if sam like that this app way I have to be customer with them how I know my account and checking save The book is no Not enough alone,1,2024-08-28,Bank of Abyssinia,Google Play,NEUTRAL,0.0,hi problem app boa mobile know wrong app many time download sam work sam like app way customer know account checking save book enough alone,UI/UX
It is not work for my device,5,2024-08-27,Bank of Abyssinia,Google Play,NEUTRAL,0.0,work device,Other
"I'm Sick and tiered of enabling and disabling Developer Option Everytime I use this app. maybe you know it maybe you dont, fix it please it's anoying",1,2024-08-26,Bank of Abyssinia,Google Play,NEGATIVE,-0.7142857142857143,sick tiered enabling disabling developer option everytime use app maybe know maybe dont fix please anoying,UI/UX
The worst app ever,1,2024-08-26,Bank of Abyssinia,Google Play,NEGATIVE,-1.0,worst app ever,UI/UX
Betanya Gebre,3,2024-08-23,Bank of Abyssinia,Google Play,NEUTRAL,0.0,betanya gebre,Other
I dont recommand it to any one,1,2024-08-23,Bank of Abyssinia,Google Play,NEUTRAL,0.0,dont recommand one,Other
Excellent app,5,2024-08-21,Bank of Abyssinia,Google Play,POSITIVE,1.0,excellent app,UI/UX
"The application used to work well. But after updates I'm not able to use the forgot password feature, which is blocking me from accessing it as a whole.",1,2024-08-20,Bank of Abyssinia,Google Play,NEUTRAL,-0.0249999999999999,application used work well update able use forgot password feature blocking accessing whole,UI/UX
ትርሃስ,5,2024-08-19,Bank of Abyssinia,Google Play,NEUTRAL,0.0,ትርሃስ,Other
Gio,4,2024-08-19,Bank of Abyssinia,Google Play,NEUTRAL,0.0,gio,Other
App isn't working,1,2024-08-18,Bank of Abyssinia,Google Play,NEUTRAL,0.0,app working,UI/UX
so far good but always it lugs,3,2024-08-17,Bank of Abyssinia,Google Play,POSITIVE,0.3999999999999999,far good always lug,Other
Don't trust this bank and its service.,1,2024-08-16,Bank of Abyssinia,Google Play,NEUTRAL,0.0,trust bank service,Customer Support
"I can not open and use the application,please help me!",5,2024-08-15,Bank of Abyssinia,Google Play,NEUTRAL,0.0,open use application please help,Login & Access
Horrible,1,2024-08-14,Bank of Abyssinia,Google Play,NEGATIVE,-1.0,horrible,Other
Mostly not working 😑,1,2024-08-14,Bank of Abyssinia,Google Play,NEGATIVE,-0.25,mostly working,Other
Awesome 👌,5,2024-08-12,Bank of Abyssinia,Google Play,POSITIVE,1.0,awesome,Other
"Despite the enhanced technology you have, the application doesn't work properly, and it asks for the developer option to be turned off, fix that.",3,2024-08-12,Bank of Abyssinia,Google Play,NEUTRAL,0.0,despite enhanced technology application work properly asks developer option turned fix,Features
Very poor app b/c highly slow to open the app,1,2024-08-12,Bank of Abyssinia,Google Play,NEGATIVE,-0.2733333333333334,poor app highly slow open app,UI/UX
Wedi Tekle .,5,2024-08-11,Bank of Abyssinia,Google Play,NEUTRAL,0.0,wedi tekle,Other
Bad app📱👎👎👎,1,2024-08-11,Bank of Abyssinia,Google Play,NEGATIVE,-0.6999999999999998,bad,Other
Dura nan fayyadaman ture amma garuu naaf hojjechaa hin jiru maaf?,5,2024-08-11,Bank of Abyssinia,Google Play,NEUTRAL,0.0,dura nan fayyadaman ture amma garuu naaf hojjechaa hin jiru maaf,Other
Nice appp,5,2024-08-11,Bank of Abyssinia,Google Play,POSITIVE,0.6,nice appp,Other
ሰላም አቢሲኒያዎች የሞባይል ባንኪንጋችሁ ተጠቃሚ ነኝ አገልግሎቱን ስላስጀመራችሁለን እናመሰግናለን። ነገር ግን አለፎ አልፎ የነበረው የማስፈንጠሪያው በአግባቡ አለመስራት አልፎ አልፎ ወደመስራት ተቀይሯል ድሮ እንደነበራችሁ እናውቃለን ዘንድሮም ብትኖሩልን እንመርጣለን *ከዘመን አንጉደል*,3,2024-08-10,Bank of Abyssinia,Google Play,NEUTRAL,0.0,ሰላም አቢሲኒያዎች የሞባይል ባንኪንጋችሁ ተጠቃሚ ነኝ አገልግሎቱን ስላስጀመራችሁለን ነገር ግን አለፎ አልፎ የነበረው የማስፈንጠሪያው በአግባቡ አለመስራት አልፎ አልፎ ወደመስራት ተቀይሯል ድሮ እንደነበራችሁ እናውቃለን ዘንድሮም ብትኖሩልን እንመርጣለን ከዘመን አንጉደል,Other
Gooood app my dear,5,2024-08-10,Bank of Abyssinia,Google Play,NEUTRAL,0.0,gooood app dear,UI/UX
Harun tamam galanaa,3,2024-08-09,Bank of Abyssinia,Google Play,NEUTRAL,0.0,harun tamam galanaa,Other
"A total disaster of an app. Always offline, never works, it's embarassing. I've lost hope and taken my business to a competitor",1,2024-08-08,Bank of Abyssinia,Google Play,NEUTRAL,0.0,total disaster app always offline never work embarassing lost hope taken business competitor,UI/UX
Gamebela,1,2024-08-08,Bank of Abyssinia,Google Play,NEUTRAL,0.0,gamebela,Other
so poor app to use can't start up when open the app,1,2024-08-08,Bank of Abyssinia,Google Play,NEGATIVE,-0.2,poor app use ca start open app,UI/UX
"This app takes too long time to be opened. And even it is not working simply as other banks application. Why this app does not give a digital invoice. Even, I am not able to find where the screeshot is kept after transaction. So, please the developer should fix all these.",1,2024-08-07,Bank of Abyssinia,Google Play,NEGATIVE,-0.10625,app take long time opened even working simply bank application app give digital invoice even able find screeshot kept transaction please developer fix,UI/UX
Good job,5,2024-08-07,Bank of Abyssinia,Google Play,POSITIVE,0.7,good job,Other
"Worst app ever, not user friendly, even doesn't serve basic functionality correctly, takes to much time to login and navigate through the app, we expected more from this bank",1,2024-08-07,Bank of Abyssinia,Google Play,NEUTRAL,-0.0041666666666666,worst app ever user friendly even serve basic functionality correctly take much time login navigate app expected bank,UI/UX
Bad app .,1,2024-08-06,Bank of Abyssinia,Google Play,NEGATIVE,-0.6999999999999998,bad app,UI/UX
"I mean how could a big financial company like this, be this much irresponsible to release this app? You should be ashamed!",1,2024-08-06,Bank of Abyssinia,Google Play,NEUTRAL,-0.015625,mean could big financial company like much irresponsible release app ashamed,UI/UX
Review,5,2024-08-06,Bank of Abyssinia,Google Play,NEUTRAL,0.0,review,Other
Goood,4,2024-08-06,Bank of Abyssinia,Google Play,NEUTRAL,0.0,goood,Other
👎👎👎👎👎👎👎👎👎,1,2024-08-06,Bank of Abyssinia,Google Play,NEUTRAL,0.0,,Other
Is it necessary to switch off developer options every time to use mobile banking?🤔🤔😡😡😡,1,2024-08-04,Bank of Abyssinia,Google Play,NEUTRAL,0.0,necessary switch developer option every time use mobile banking,Features
The previous version is better it doesn't work,1,2024-08-04,Bank of Abyssinia,Google Play,POSITIVE,0.1666666666666666,previous version better work,Other
"I don't know what is wrong with BOA as a bank in general. It's been going backwards since last year or so. The app is a disaster to use in every possible way. Not stable to log in and very slow to perform transactions, couldn't take a screenshot (or can't even find the pictures even using its save screenshot option). Most of the time, it fails to perform transactions and so on. Simply, it's the worst!",1,2024-08-03,Bank of Abyssinia,Google Play,NEGATIVE,-0.2044444444444444,know wrong boa bank general going backwards since last year app disaster use every possible way stable log slow perform transaction could take screenshot ca even find picture even using save screenshot option time fails perform transaction simply worst,UI/UX
"Take some note from CBE mobile banking app, it's the best banking app currently take some note and improve ur app . Sometimes u have to learn from the bests 🙌",1,2024-08-03,Bank of Abyssinia,Google Play,POSITIVE,0.5,take note cbe mobile banking app best banking app currently take note improve ur app sometimes u learn best,UI/UX
It's a useless app,1,2024-08-02,Bank of Abyssinia,Google Play,NEGATIVE,-0.5,useless app,UI/UX
"It's not working as it was , so much need to improve, it was the best but not anymore",2,2024-08-01,Bank of Abyssinia,Google Play,POSITIVE,0.6,working much need improve best anymore,Other
Poor network,1,2024-08-01,Bank of Abyssinia,Google Play,NEGATIVE,-0.4,poor network,Other
Not yet completely working this App. i don't know when is it will be working properly! Its Sad!!!,1,2024-07-31,Bank of Abyssinia,Google Play,NEGATIVE,-0.2921875,yet completely working app know working properly sad,UI/UX
The app does not open sometimes it says coonection issue which i dont have and after it opens it has bugs while using its not smooth to work with please improve it,1,2024-07-31,Bank of Abyssinia,Google Play,NEUTRAL,-0.1,app open sometimes say coonection issue dont open bug using smooth work please improve,UI/UX
"It's not working totally, what a useless app is it,",1,2024-07-31,Bank of Abyssinia,Google Play,NEGATIVE,-0.25,working totally useless app,UI/UX
"This app has become the most troubling every day. It doesn't work. I love the bank, and I hate the app",1,2024-07-31,Bank of Abyssinia,Google Play,NEUTRAL,0.0666666666666666,app become troubling every day work love bank hate app,UI/UX
this is so disappointing app 😞,1,2024-07-31,Bank of Abyssinia,Google Play,NEGATIVE,-0.6,disappointing app,UI/UX
አቢስኒያ የሁሉም ምርጫ,5,2024-07-29,Bank of Abyssinia,Google Play,NEUTRAL,0.0,አቢስኒያ የሁሉም ምርጫ,Other
Nays,5,2024-07-28,Bank of Abyssinia,Google Play,NEUTRAL,0.0,nay,Other
The worst app,1,2024-07-28,Bank of Abyssinia,Google Play,NEGATIVE,-1.0,worst app,UI/UX
it can't even open and only display error messages,1,2024-07-27,Bank of Abyssinia,Google Play,NEUTRAL,0.0,ca even open display error message,Login & Access
not active,1,2024-07-27,Bank of Abyssinia,Google Play,NEUTRAL,0.0666666666666666,active,Other
To get good quality,5,2024-07-27,Bank of Abyssinia,Google Play,POSITIVE,0.7,get good quality,Other
አይሰራም እኮ ምንድን ነው ችግሩ?,1,2024-07-26,Bank of Abyssinia,Google Play,NEUTRAL,0.0,አይሰራም እኮ ምንድን ነው ችግሩ,Other
uselss app dont download,1,2024-07-26,Bank of Abyssinia,Google Play,NEUTRAL,0.0,uselss app dont download,UI/UX
"Is this app fake i try it not working it say please try again later, unable to make transactions what is the purpose of this app . If it is not working delete it",1,2024-07-25,Bank of Abyssinia,Google Play,NEGATIVE,-0.3333333333333333,app fake try working say please try later unable make transaction purpose app working delete,UI/UX
"This app didn't work. They have a new version (new app) but still not compatible with my Samsung S8+ , which is v.funny.",1,2024-07-25,Bank of Abyssinia,Google Play,POSITIVE,0.1363636363636363,app work new version new app still compatible samsung,UI/UX
Corrupted and poor app,1,2024-07-24,Bank of Abyssinia,Google Play,NEGATIVE,-0.4,corrupted poor app,UI/UX
When I try to use the application it says 'developer setting should be off' where is the setting to off this play Still doesn't work for me,3,2024-07-24,Bank of Abyssinia,Google Play,NEUTRAL,0.0,try use application say setting setting play still work,Other
FIX YOUR Apollo!! You guys where the best 👌,1,2024-07-23,Bank of Abyssinia,Google Play,POSITIVE,1.0,fix apollo guy best,Other
Always slow and doesn't work on weekends if you are in a rush or a merchant this app is not for you,1,2024-07-23,Bank of Abyssinia,Google Play,NEGATIVE,-0.3,always slow work weekend rush merchant app,UI/UX
"It's very difficult to use the user, app,ones dawenload the user can't operate well , no one can help me,",1,2024-07-23,Bank of Abyssinia,Google Play,NEGATIVE,-0.65,difficult use user app one dawenload user ca operate well one help,UI/UX
Poor application. It turned off by itself,1,2024-07-23,Bank of Abyssinia,Google Play,NEGATIVE,-0.4,poor application turned,Other
Allowed,5,2024-07-23,Bank of Abyssinia,Google Play,NEUTRAL,0.0,allowed,Other
It usually crashes and the reason it gives is a problem on internet connection although the internet was fine.,1,2024-07-23,Bank of Abyssinia,Google Play,NEUTRAL,0.0833333333333333,usually crash reason give problem internet connection although internet fine,Customer Support
we want international mobile banking,1,2024-07-22,Bank of Abyssinia,Google Play,NEUTRAL,0.0,want international mobile banking,Other
"screenshot isn't working, Please modify it",2,2024-07-22,Bank of Abyssinia,Google Play,NEUTRAL,0.0,screenshot working please modify,Other
Naziriet measho 89160437,1,2024-07-22,Bank of Abyssinia,Google Play,NEUTRAL,0.0,naziriet measho,Other
Ahmed Mohammed husen,3,2024-07-21,Bank of Abyssinia,Google Play,NEUTRAL,0.0,ahmed mohammed husen,Other
Is not working both this one and apollo did u make it better pls am gonne stop using this bank because of the mobile banking,1,2024-07-19,Bank of Abyssinia,Google Play,POSITIVE,0.5,working one apollo u make better pls gonne stop using bank mobile banking,Other
I have experiance,5,2024-07-19,Bank of Abyssinia,Google Play,NEUTRAL,0.0,experiance,Other
The App is not working on Android 9.1 at all. It shows an error notification and forcefully closes the app. Must be fixed ASAP.,1,2024-07-19,Bank of Abyssinia,Google Play,NEUTRAL,0.1,app working android show error notification forcefully close app must fixed asap,UI/UX
Crashes very frequently is not stable overall need improvement such a huge bank needs a better app than the current one,1,2024-07-19,Bank of Abyssinia,Google Play,POSITIVE,0.1391666666666666,crash frequently stable overall need improvement huge bank need better app current one,UI/UX
ርይርፍ,3,2024-07-19,Bank of Abyssinia,Google Play,NEUTRAL,0.0,ርይርፍ,Other
The previous application is much better than this one,1,2024-07-18,Bank of Abyssinia,Google Play,POSITIVE,0.1666666666666666,previous application much better one,Other
"Worst app. It is wise to invest money and you can make it like CBE app. Even the incon has no image. My app has better UI than yours. So, please invest more and hire professional developer companies and improve it.",1,2024-07-18,Bank of Abyssinia,Google Play,POSITIVE,0.1599999999999999,worst app wise invest money make like cbe app even incon image app better ui please invest hire professional developer company improve,UI/UX
mal,5,2024-07-16,Bank of Abyssinia,Google Play,NEUTRAL,0.0,mal,Other
It is not working at all,1,2024-07-16,Bank of Abyssinia,Google Play,NEUTRAL,0.0,working,Other
The poorest mobile banking survice ever. Only error reports frequently,1,2024-07-16,Bank of Abyssinia,Google Play,NEUTRAL,0.05,poorest mobile banking survice ever error report frequently,Login & Access
😞😞😞😞,1,2024-07-16,Bank of Abyssinia,Google Play,NEUTRAL,0.0,,Other
I like this mobile banking app very much. Overall user interface and navigation is awesome. But it lacks instant response when someone deposit or withdraw money.,2,2025-06-07,Dashen Bank,Google Play,POSITIVE,0.3333333333333333,like mobile banking app much overall user interface navigation awesome lack instant response someone deposit withdraw money,UI/UX
love,3,2025-06-06,Dashen Bank,Google Play,POSITIVE,0.5,love,Other
መቸሸጠ,5,2025-06-03,Dashen Bank,Google Play,NEUTRAL,0.0,መቸሸጠ,Other
gadaa,5,2025-06-01,Dashen Bank,Google Play,NEUTRAL,0.0,gadaa,Other
Massive upgrade from the Amole app.,5,2025-05-31,Dashen Bank,Google Play,NEUTRAL,0.0,massive upgrade amole app,UI/UX
very good for this app,5,2025-05-31,Dashen Bank,Google Play,POSITIVE,0.91,good app,UI/UX
top,5,2025-05-31,Dashen Bank,Google Play,POSITIVE,0.5,top,Other
this app better than Amole . but the biometric on new update doesn't work,4,2025-05-31,Dashen Bank,Google Play,POSITIVE,0.3181818181818182,app better amole biometric new update work,UI/UX
wow to it saff and this app,5,2025-05-30,Dashen Bank,Google Play,NEUTRAL,0.1,wow saff app,UI/UX
it too slow,3,2025-05-29,Dashen Bank,Google Play,NEGATIVE,-0.3,slow,UI/UX
ዳሽን ባንክ ይለያል,4,2025-05-28,Dashen Bank,Google Play,NEUTRAL,0.0,ዳሽን ባንክ ይለያል,Other
real life changer,5,2025-05-28,Dashen Bank,Google Play,POSITIVE,0.2,real life changer,Other
👍👍👍,5,2025-05-28,Dashen Bank,Google Play,NEUTRAL,0.0,,Other
nice application,5,2025-05-27,Dashen Bank,Google Play,POSITIVE,0.6,nice application,Other
useless app ever loading take long,1,2025-05-27,Dashen Bank,Google Play,NEGATIVE,-0.275,useless app ever loading take long,UI/UX
"Game changer app! Dashen Bank Super App is fast, secure, and easy to use. The three-click payment makes sending money super quick, and the QR code payment is perfect for cashless shopping. I also love the biometric login and easy airtime and bill payments. Everything I need is in one place. Dashen Bank has really raised the bar for digital banking in Ethiopia. Highly recommended!",5,2025-05-26,Dashen Bank,Google Play,POSITIVE,0.2974358974358975,game changer app dashen bank super app fast secure easy use payment make sending money super quick qr code payment perfect cashless shopping also love biometric login easy airtime bill payment everything need one place dashen bank really raised bar digital banking ethiopia highly recommended,UI/UX
very useful App,1,2025-05-26,Dashen Bank,Google Play,POSITIVE,0.39,useful app,UI/UX
"Simple, robust features? Yes, please! But the endless loading screen killed the fun—I couldn’t use it for days. Fix the glitch, and I’ll yeet a higher rating!",2,2025-05-26,Dashen Bank,Google Play,NEUTRAL,-0.003125,simple robust feature yes please endless loading screen killed use day fix glitch yeet higher rating,Features
Wawww,5,2025-05-24,Dashen Bank,Google Play,NEUTRAL,0.0,wawww,Other
it is good but some times says duplicate transaction why?,5,2025-05-24,Dashen Bank,Google Play,POSITIVE,0.7,good time say duplicate transaction,Transactions
very Nice,5,2025-05-23,Dashen Bank,Google Play,POSITIVE,0.78,nice,Other
its best,5,2025-05-23,Dashen Bank,Google Play,POSITIVE,1.0,best,Other
it is not as good as to the other mobile bank app.,1,2025-05-22,Dashen Bank,Google Play,POSITIVE,0.2875,good mobile bank app,UI/UX
"The best of best is now arrived **Empowering Your Financial Freedom** ""Experience seamless banking at your fingertips with Dashen Bank. Empowering your financial freedom, anytime, anywhere!"" **Innovation Meets Convenience** ""Dashen Bank Mobile Banking: Where innovation meets convenience. **Secure and Reliable** ""Bank with confidence",5,2025-05-22,Dashen Bank,Google Play,POSITIVE,0.4166666666666667,best best arrived empowering financial freedom experience seamless banking fingertip dashen bank empowering financial freedom anytime anywhere innovation meet convenience dashen bank mobile banking innovation meet convenience secure reliable bank confidence,Other
Nothing is changed in the updated version. You have been collecting comments but where is the feed back you improved in this version. superapp is mot functioning today.,4,2025-05-20,Dashen Bank,Google Play,NEUTRAL,0.0,nothing changed updated version collecting comment feed back improved version superapp mot functioning today,Other
The best app ever in finance sector,5,2025-05-18,Dashen Bank,Google Play,POSITIVE,1.0,best app ever finance sector,UI/UX
Its good app than other compitators but it confuse when we transfer it needs OTP and PIN most user inter their pin instead of OTP we know the litrecy level of our society so if it is device based i dont know the needs of OTP so please try to fix,3,2025-05-18,Dashen Bank,Google Play,POSITIVE,0.3583333333333333,good app compitators confuse transfer need otp pin user inter pin instead otp know litrecy level society device based dont know need otp please try fix,UI/UX
dashen bank or dashen super app?,1,2025-05-17,Dashen Bank,Google Play,POSITIVE,0.3333333333333333,dashen bank dashen super app,UI/UX
wowwwe app,5,2025-05-17,Dashen Bank,Google Play,NEUTRAL,0.0,wowwwe app,UI/UX
"Transferring to other bank accounts is a hastle and inconvenient .Get used to seeing "" please try again """,2,2025-05-17,Dashen Bank,Google Play,NEGATIVE,-0.3625,transferring bank account hastle inconvenient used seeing please try,Login & Access
always lagging,1,2025-05-16,Dashen Bank,Google Play,NEUTRAL,0.0,always lagging,Other
Amazing Application...,5,2025-05-16,Dashen Bank,Google Play,POSITIVE,0.6000000000000001,amazing application,Other
"Dashen bank app is very good, but sometimes it is not working well",5,2025-05-15,Dashen Bank,Google Play,POSITIVE,0.91,dashen bank app good sometimes working well,UI/UX
its my choice,5,2025-05-15,Dashen Bank,Google Play,NEUTRAL,0.0,choice,Other
wow apo,5,2025-05-15,Dashen Bank,Google Play,NEUTRAL,0.1,wow apo,Other
awesome app keep going,5,2025-05-14,Dashen Bank,Google Play,POSITIVE,1.0,awesome app keep going,UI/UX
"It grows ethiopian digital banking step ahead.All fetures in one,simple fast and convince.",5,2025-05-14,Dashen Bank,Google Play,NEUTRAL,0.1,grows ethiopian digital banking step fetures one simple fast convince,Other
Game changer,5,2025-05-13,Dashen Bank,Google Play,NEGATIVE,-0.4,game changer,Other
Totally amazing,5,2025-05-13,Dashen Bank,Google Play,POSITIVE,0.6000000000000001,totally amazing,Other
super 😎,5,2025-05-13,Dashen Bank,Google Play,POSITIVE,0.3333333333333333,super,Other
what a helpful app!!!!,5,2025-05-13,Dashen Bank,Google Play,NEUTRAL,0.0,helpful app,UI/UX
"To be honest, best banking and lifestyle app in Ethiopia.",5,2025-05-12,Dashen Bank,Google Play,POSITIVE,0.8,honest best banking lifestyle app ethiopia,UI/UX
fast,5,2025-05-12,Dashen Bank,Google Play,POSITIVE,0.2,fast,Other
"A must have, seamless, all in one digital platform ""DB Superapp""! Keep living your motto ""Always one step ahead""",5,2025-05-12,Dashen Bank,Google Play,NEUTRAL,0.05,must seamless one digital platform db superapp keep living motto always one step ahead,Other
"This App makes digital banking effortless and convenient. User-friendly interface, secure transactions, and excellent features for managing finances efficiently.",4,2025-05-10,Dashen Bank,Google Play,POSITIVE,0.4666666666666666,app make digital banking effortless convenient interface secure transaction excellent feature managing finance efficiently,UI/UX
Amazing app super easy to use and best design. loved it.,5,2025-05-09,Dashen Bank,Google Play,POSITIVE,0.6133333333333333,amazing app super easy use best design loved,UI/UX
its the best ever,5,2025-05-09,Dashen Bank,Google Play,POSITIVE,1.0,best ever,Other
excellent game changer App,5,2025-05-08,Dashen Bank,Google Play,POSITIVE,0.3,excellent game changer app,UI/UX
I am highly excited by using this application and it is the most favorable as well as preferrable mobile app.,5,2025-05-03,Dashen Bank,Google Play,POSITIVE,0.4375,highly excited using application favorable well preferrable mobile app,UI/UX
it seems me logging out within minutes,1,2025-05-03,Dashen Bank,Google Play,NEUTRAL,0.0,seems logging within minute,Other
nice app especially GUI and I have got some error when you send within dashen bank the receipter is not get SMS notification,4,2025-05-03,Dashen Bank,Google Play,POSITIVE,0.3,nice app especially gui got error send within dashen bank receipter get sm notification,UI/UX
yes i want dashen super open,5,2025-05-02,Dashen Bank,Google Play,POSITIVE,0.1666666666666666,yes want dashen super open,Login & Access
Best App,5,2025-05-02,Dashen Bank,Google Play,POSITIVE,1.0,best app,UI/UX
faster than this version,5,2025-05-01,Dashen Bank,Google Play,NEUTRAL,0.0,faster version,Other
"Best UI mobile banking app, props to design team",5,2025-04-30,Dashen Bank,Google Play,POSITIVE,1.0,best ui mobile banking app prop design team,UI/UX
bad.,1,2025-04-30,Dashen Bank,Google Play,NEGATIVE,-0.6999999999999998,bad,Other
Dashen bank always one step ahead,5,2025-04-30,Dashen Bank,Google Play,NEUTRAL,0.0,dashen bank always one step ahead,Other
dashen super app is secure band very easy,5,2025-04-29,Dashen Bank,Google Play,POSITIVE,0.4322222222222223,dashen super app secure band easy,UI/UX
It is very fast and secured mobile banking app! I like this app!,5,2025-04-29,Dashen Bank,Google Play,POSITIVE,0.40625,fast secured mobile banking app like app,UI/UX
best app I have ever seen,5,2025-04-29,Dashen Bank,Google Play,POSITIVE,1.0,best app ever seen,UI/UX
best of best,5,2025-04-29,Dashen Bank,Google Play,POSITIVE,1.0,best best,Other
Its slow when i try to see the Recent Transaction and stucked,1,2025-04-28,Dashen Bank,Google Play,NEGATIVE,-0.15,slow try see recent transaction stucked,UI/UX
wowslnwoooo wowwww amazing !!!!!!!!,5,2025-04-28,Dashen Bank,Google Play,POSITIVE,1.0,wowslnwoooo wowwww amazing,Other
wow appl,5,2025-04-28,Dashen Bank,Google Play,NEUTRAL,0.1,wow appl,Other
why do i have to change a pin number i use my finger print so dummy,1,2025-04-27,Dashen Bank,Google Play,NEUTRAL,0.0,change pin number use finger print dummy,Other
"It is very slow and it lacks many features to be a super app. High rating is given by their employees, not by the customers.",1,2025-04-25,Dashen Bank,Google Play,POSITIVE,0.1508333333333333,slow lack many feature super app high rating given employee customer,UI/UX
"Smooth and secure experience transfers, bill payments, and tracking expenses are all effortless. The intuitive design makes banking on the go.",5,2025-04-24,Dashen Bank,Google Play,POSITIVE,0.4,smooth secure experience transfer bill payment tracking expense effortless intuitive design make banking go,UI/UX
Very easy and Fast.,5,2025-04-24,Dashen Bank,Google Play,POSITIVE,0.3816666666666667,easy fast,Other
Incomparably user-friendly and fast app for mobile banking.,5,2025-04-24,Dashen Bank,Google Play,POSITIVE,0.3,incomparably fast app mobile banking,UI/UX
"there is nothing super about this app, repeatedly failed transaction and wastes customer valuable time. if you have to do system upgrade do it at a time when there is less traffic demand. your Technical difficulty should not be reflected on customer.",2,2025-04-24,Dashen Bank,Google Play,NEGATIVE,-0.1066666666666666,nothing super app repeatedly failed transaction waste customer valuable time system upgrade time less traffic demand technical difficulty reflected customer,UI/UX
execellent,5,2025-04-24,Dashen Bank,Google Play,NEUTRAL,0.0,execellent,Other
"This super app is a total game-changer—fast, reliable, and packed with everything I need in one place. It’s seamless and super convenient. Love it!""",5,2025-04-23,Dashen Bank,Google Play,POSITIVE,0.2783333333333333,super app total reliable packed everything need one place seamless super convenient love,UI/UX
All in One ✍️secure ✍️reliable ✍️convenient. Digital banking game changer!!,5,2025-04-23,Dashen Bank,Google Play,NEGATIVE,-0.3125,one digital banking game changer,Other
it is incredible product.,5,2025-04-23,Dashen Bank,Google Play,POSITIVE,0.9,incredible product,Other
"I'm really impressed with this app! It’s user-friendly, runs smoothly, and has all the features I need. Makes my tasks so much easier and saves me a lot of time. Highly recommended!",5,2025-04-23,Dashen Bank,Google Play,POSITIVE,0.4499999999999999,really impressed app run smoothly feature need make task much easier save lot time highly recommended,UI/UX
"It's an amazing app, experience it!!",5,2025-04-23,Dashen Bank,Google Play,POSITIVE,0.9375,amazing app experience,UI/UX
This is the best banking app ever. I recommend everyone to use it.,5,2025-04-23,Dashen Bank,Google Play,POSITIVE,1.0,best banking app ever recommend everyone use,UI/UX
It is the best application!!!,5,2025-04-22,Dashen Bank,Google Play,POSITIVE,1.0,best application,Other
"Exceptional digital experience, SupperApp will bring new paradigm shift in the banking business. Bravo Dashen keep it up!!!!",5,2025-04-22,Dashen Bank,Google Play,POSITIVE,0.3331952335858585,exceptional digital experience supperapp bring new paradigm shift banking business bravo dashen keep,Other
its features are so dynamic,5,2025-04-22,Dashen Bank,Google Play,NEUTRAL,0.0,feature dynamic,Features
fast &Friendly user Application.,5,2025-04-22,Dashen Bank,Google Play,POSITIVE,0.2875,fast friendly user application,Other
"Fast, Reliable and User Friendly. Keep it Up",5,2025-04-22,Dashen Bank,Google Play,POSITIVE,0.2875,fast reliable user friendly keep,Other
"#dashen super app is easy to use, secure & fast transaction😍",5,2025-04-22,Dashen Bank,Google Play,POSITIVE,0.3416666666666666,dashen super app easy use secure fast,UI/UX
i love this app esp 3 click that make e-commerce easier and convinient.,5,2025-04-22,Dashen Bank,Google Play,POSITIVE,0.5,love app esp click make easier convinient,UI/UX
Dashen Super App contains extended selections for customers and can be easily accessible and also friendly to use.,5,2025-04-22,Dashen Bank,Google Play,POSITIVE,0.3611111111111111,dashen super app contains extended selection customer easily accessible also friendly use,UI/UX
Great for everyday banking and payments on the go,5,2025-04-22,Dashen Bank,Google Play,POSITIVE,0.3,great everyday banking payment go,Transactions
"""Dashen Super App'' is impressive with its focus on simplicity, speed, and quality. The user interface is clean and easy to understand. Transactions process quickly, and the overall quality of the app is top-notch. A must-have for Dashen Bank customers. ዳሸን ባንክ አንድ እርምጃ ቀዳሚ።",5,2025-04-22,Dashen Bank,Google Play,POSITIVE,0.4952380952380952,dashen super app impressive focus simplicity speed quality user interface clean easy understand transaction process quickly overall quality app dashen bank customer ዳሸን ባንክ አንድ እርምጃ,UI/UX
making transactions has never been easier. the new update is just amazing,5,2025-04-22,Dashen Bank,Google Play,POSITIVE,0.3681818181818182,making transaction never easier new update amazing,UI/UX
"The app has various usefull functions, which make easy the payment system. Also, it will connect with sellers having reasonable prices.",5,2025-04-22,Dashen Bank,Google Play,POSITIVE,0.2111111111111111,app various usefull function make easy payment system also connect seller reasonable price,UI/UX
The app has great user interface with comprehensive payments and E-commerce platforms. And also it includes unique features such as chat Banking and budget.,5,2025-04-22,Dashen Bank,Google Play,POSITIVE,0.3916666666666666,app great user interface comprehensive payment platform also includes unique feature chat banking budget,UI/UX
betam mirt Ena betam le atikakem kelel Yale Ena michu application nw,5,2025-04-22,Dashen Bank,Google Play,NEUTRAL,0.0,betam mirt ena betam le atikakem kelel yale ena michu application nw,Other
Convenient!,5,2025-04-22,Dashen Bank,Google Play,NEUTRAL,0.0,convenient,Other
It is an amazing application that meets the needs of customers.,5,2025-04-22,Dashen Bank,Google Play,POSITIVE,0.6000000000000001,amazing application meet need customer,Customer Support
Effecting payment via the app has created convenience to the recipients in easily confirming the payments received!,5,2025-04-22,Dashen Bank,Google Play,POSITIVE,0.5416666666666667,effecting payment via app created convenience recipient easily confirming payment received,UI/UX
the best Supper App ever,5,2025-04-22,Dashen Bank,Google Play,POSITIVE,1.0,best supper app ever,UI/UX
"This is the best app ever, when is it planned to include digital lending and gasification?",5,2025-04-22,Dashen Bank,Google Play,POSITIVE,0.5,best app ever planned include digital lending gasification,UI/UX
"A powerful, local solution that rivals any global app. I love how easy it is to explore services and products.",5,2025-04-22,Dashen Bank,Google Play,POSITIVE,0.2466666666666666,powerful local solution rival global app love easy explore service product,UI/UX
Dashen bank is my number one choice,5,2025-04-22,Dashen Bank,Google Play,NEUTRAL,0.0,dashen bank number one choice,Other
Assefa Genetu = Dashen superup is the latest and inclussive .I am happy with this super up.,5,2025-04-22,Dashen Bank,Google Play,POSITIVE,0.5444444444444444,assefa genetu dashen superup latest inclussive happy super,Other
"The App is incredibly user-friendly and brings multiple services into one place. It's fast, intuitive, and makes daily tasks super convenient. A true all-in-one solution!",5,2025-04-21,Dashen Bank,Google Play,POSITIVE,0.3118055555555555,app incredibly brings multiple service one place fast intuitive make daily task super convenient true solution,UI/UX
"Proudly made in Ethiopia, this innovation delivers more than promised. The marketplace is a major boost for local commerce",5,2025-04-21,Dashen Bank,Google Play,POSITIVE,0.340625,proudly made ethiopia innovation delivers promised marketplace major boost local commerce,Other
it so fanrastic and user friendly app. Bravo Dashen bank thanks.,5,2025-04-21,Dashen Bank,Google Play,POSITIVE,0.2875,fanrastic user friendly app bravo dashen bank thanks,UI/UX
"one of the best digital platforms I've used! from smooth transactions to a seamless shopping experience, highly recommended.",5,2025-04-21,Dashen Bank,Google Play,POSITIVE,0.3319999999999999,one best digital platform used smooth transaction seamless shopping experience highly recommended,Transactions
A proudly Ethiopia innovation that delivers beyond expectations. The marketplace feature is a big win for local shoppers bnd sellers,5,2025-04-21,Dashen Bank,Google Play,POSITIVE,0.4,proudly ethiopia innovation delivers beyond expectation marketplace feature big win local shopper bnd seller,Features
"Dashen Super App is a game-changer! It’s fast, user-friendly, and packed with features that make everyday banking and transactions super convenient. I love how everything I need from mobile banking to utility payments is all in one place. The interface is clean, and everything works smoothly. Definitely one of the best apps out there. Highly recommended!",5,2025-04-21,Dashen Bank,Google Play,POSITIVE,0.312962962962963,dashen super app fast packed feature make everyday banking transaction super convenient love everything need mobile banking utility payment one place interface clean everything work smoothly definitely one best apps highly recommended,UI/UX
Easy to use and has many options. It is the best financial app I have ever used.,5,2025-04-21,Dashen Bank,Google Play,POSITIVE,0.4833333333333333,easy use many option best financial app ever used,UI/UX
"Highly impressed! Dash Bank really nailed it with this app. Secure, reliable, and packed with features I use daily",5,2025-04-21,Dashen Bank,Google Play,POSITIVE,0.4,highly impressed dash bank really nailed app secure reliable packed feature use daily,UI/UX
"One of the best digital platforms I’ve used! From smooth transactions to a seamless shopping experience, Highly recommended",5,2025-04-21,Dashen Bank,Google Play,POSITIVE,0.3319999999999999,one best digital platform used smooth transaction seamless shopping experience highly recommended,Transactions
"This app has everything I was looking for, dashen is becoming a grandmaster.",5,2025-04-21,Dashen Bank,Google Play,POSITIVE,0.45,app everything looking dashen becoming grandmaster,UI/UX
Very convenient,5,2025-04-21,Dashen Bank,Google Play,POSITIVE,0.2,convenient,Other
"The user experience is seamless, and everything just works perfectly right out of the box. I can’t believe how much time and effort it saves me every day.",5,2025-04-21,Dashen Bank,Google Play,POSITIVE,0.1952380952380952,user experience seamless everything work perfectly right box believe much time effort save every day,Other
wawwwww what nice super app !!keep it up dashen bank !!,5,2025-04-21,Dashen Bank,Google Play,POSITIVE,0.7069010416666666,wawwwww nice super app keep dashen bank,UI/UX
"Dashen SuperApp the ultimate all-in-one solution! From banking and shopping to bill payments, everything you need is right at your fingertips. Life just got a whole lot easier!",5,2025-04-21,Dashen Bank,Google Play,POSITIVE,0.1785714285714285,dashen superapp ultimate solution banking shopping bill payment everything need right fingertip life got whole lot easier,Transactions
"It is,really super because of its unique offerings to individuals and businesses.It is a secure UX first app intended to cater comprehensive digital meeds.I am also happy to know that Dashen is considering to make the app more inclusive by lowering the mobile version requirements .",5,2025-04-21,Dashen Bank,Google Play,POSITIVE,0.3797619047619047,really super unique offering individual secure ux first app intended cater comprehensive digital also happy know dashen considering make app inclusive lowering mobile version requirement,UI/UX
"the very easy, secured, fast and multifunctional dashen supper application I ever seen. dashen really one steps ahead!!!",5,2025-04-21,Dashen Bank,Google Play,POSITIVE,0.3846527777777778,easy secured fast multifunctional dashen supper application ever seen dashen really one step ahead,Other
"One app for everything! I can shop, manage my bank account , and do so much more . Truly a super app",5,2025-04-21,Dashen Bank,Google Play,POSITIVE,0.4166666666666666,one app everything shop manage bank account much truly super app,UI/UX
one of the best digital platforms I’ve used! From smooth transactions to a seamless shopping experie,5,2025-04-21,Dashen Bank,Google Play,POSITIVE,0.375,one best digital platform used smooth transaction seamless shopping experie,Transactions
"Dashen Bank super App is the most suitable, reliable, and fast digital banking system.",5,2025-04-21,Dashen Bank,Google Play,POSITIVE,0.3166666666666666,dashen bank super app suitable reliable fast digital banking system,UI/UX
Excellent app.,5,2025-04-21,Dashen Bank,Google Play,POSITIVE,1.0,excellent app,UI/UX
This is what we call banking app. As professional I want banking app as simple as this and an app rich of features that align with my lifestyle.,5,2025-04-21,Dashen Bank,Google Play,POSITIVE,0.1583333333333333,call banking app professional want banking app simple app rich feature align lifestyle,UI/UX
thanks again,5,2025-04-21,Dashen Bank,Google Play,POSITIVE,0.2,thanks,Other
Super Easy To Use and Fast Transaction.,5,2025-04-21,Dashen Bank,Google Play,POSITIVE,0.3222222222222222,super easy use fast transaction,Transactions
"I have an incredible experience with Dashen super app, what an amazing platform is it?. keep pioneering in technological advancement 👏👏👏",5,2025-04-21,Dashen Bank,Google Play,POSITIVE,0.6111111111111112,incredible experience dashen super app amazing platform keep pioneering technological advancement,UI/UX
"i can't recommend the Dashen Super App enough! This app is truly a game changer for anyone looking for a seamless and efficient way to manage their daily life. It combines multiple essential services into one easy-to-use platform, saving time and simplifying tasks The user interface is modern, intuitive, and super responsive, making navigation a breeze. Whether it's banking, payment services, or accessing lifestyle features, everything is just a few clicks away!!",5,2025-04-21,Dashen Bank,Google Play,NEUTRAL,0.0254166666666666,ca recommend dashen super app enough app truly game changer anyone looking seamless efficient way manage daily life combine multiple essential service one platform saving time simplifying task user interface modern intuitive super responsive making navigation breeze whether banking payment service accessing lifestyle feature everything click away,UI/UX
"The app is incredibly handy for managing multiple financial tasks, from bill payments to managing budgets. It’s saved me a lot of time and made banking way more convenient. Definitely worth checking out!",5,2025-04-21,Dashen Bank,Google Play,POSITIVE,0.295,app incredibly handy managing multiple financial task bill payment managing budget saved lot time made banking way convenient definitely worth checking,UI/UX
what an App,5,2025-04-21,Dashen Bank,Google Play,NEUTRAL,0.0,app,UI/UX
The new e-commerce feature is incredibly amazing and user friendly.,5,2025-04-21,Dashen Bank,Google Play,POSITIVE,0.3704545454545454,new feature incredibly amazing user friendly,Features
"dashen bank supper app is the most easy to use and have high speed,quality and I like features like chat,budget,fuel payment, and security for my opinion this product is techonolgy edge,this international standard thanks for product oweners (dashen bank)",3,2025-04-21,Dashen Bank,Google Play,POSITIVE,0.2155555555555555,dashen bank supper app easy use high speed quality like feature like chat budget fuel payment security opinion product techonolgy edge international standard thanks product oweners dashen bank,UI/UX
"The Dashen supperapp is a revolutionary advancement in digital banking, combining exceptional usability, an intuitive interface and a seamless user experience. among its standout features are the integration of QR codes, account statement, transaction advise, chat, transaction authentication for limit thresholds, budgeting and different app in a single dashboard. Truly ahead of the curve ..... keep up the excellent work 🤝👏",5,2025-04-21,Dashen Bank,Google Play,POSITIVE,0.2825396825396825,dashen supperapp revolutionary advancement digital banking combining exceptional usability intuitive interface seamless user experience among standout feature integration qr code account statement transaction advise chat transaction authentication limit threshold budgeting different app single dashboard truly ahead curve keep excellent work,UI/UX
"A proudly Ethiopian innovation that delivers beyond expectations. The marketplace feature is a big win for local shoppers and sellers. Very impressed with the new updates, The e-commerce section is smooth and supports Ethiopian merchants!",5,2025-04-21,Dashen Bank,Google Play,POSITIVE,0.4623376623376623,proudly ethiopian innovation delivers beyond expectation marketplace feature big win local shopper seller impressed new update section smooth support ethiopian merchant,UI/UX
"Very impressed with the new updates, The e-commerce section is smooth and supports Ethiopian merchants.",5,2025-04-21,Dashen Bank,Google Play,POSITIVE,0.5121212121212121,impressed new update section smooth support ethiopian merchant,UI/UX
"Dashen Bank Super App is fast, reliable, and super easy to use. All my banking needs are handled smoothly in one place. Clean design and seamless experience – highly recommended!",5,2025-04-21,Dashen Bank,Google Play,POSITIVE,0.2958333333333334,dashen bank super app fast reliable super easy use banking need handled smoothly one place clean design seamless experience highly recommended,UI/UX
"Db sup app is A platform or an application that can grasp more satisfactions through fastest mode of operation which means for budget planning, to use QR code(scan, pay, go) chat with staff, acc to acc other bank ft, merchant payment, and easly. I addition to i satisfied and i invite everyone to use those platform!!.",5,2025-04-21,Dashen Bank,Google Play,POSITIVE,0.3854166666666667,db sup app platform application grasp satisfaction fastest mode operation mean budget planning use qr code scan pay go chat staff acc acc bank ft merchant payment easly addition satisfied invite everyone use platform,UI/UX
the chat banking and unique and only app that alow money request!!,5,2025-04-21,Dashen Bank,Google Play,POSITIVE,0.1875,chat banking unique app alow money request,UI/UX
Better and inclusive app!,5,2025-04-21,Dashen Bank,Google Play,POSITIVE,0.625,better inclusive app,UI/UX
Amazing Application,5,2025-04-21,Dashen Bank,Google Play,POSITIVE,0.6000000000000001,amazing application,Other
It keep my time to pay my bills and I generate my satment easily,5,2025-04-21,Dashen Bank,Google Play,POSITIVE,0.4333333333333333,keep time pay bill generate satment easily,Other
"It's an amazing app that is up-to-date with the times, wow wow",5,2025-04-21,Dashen Bank,Google Play,POSITIVE,0.2666666666666666,amazing app time wow wow,UI/UX
A game-changing Ethiopian innovation—where shopping meets opportunity. The marketplace feature connects buyers and sellers like never before.,5,2025-04-21,Dashen Bank,Google Play,NEUTRAL,0.0,ethiopian shopping meet opportunity marketplace feature connects buyer seller like never,Features
"Dashen Super App isn’t just an app — it’s an experience. Effortless, powerful, and built for the future",5,2025-04-21,Dashen Bank,Google Play,POSITIVE,0.2111111111111111,dashen super app app experience effortless powerful built future,UI/UX
"This Is An Amazing App with Uniqe Quality,Easy And Fast Mobile Banking App.",5,2025-04-21,Dashen Bank,Google Play,POSITIVE,0.4,amazing app uniqe quality easy fast mobile banking app,UI/UX
"Dashen SuperApp is a lifesaver! Banking, shopping, and bills in one super easy app. The new e-commerce feature is awesome and supports local merchants. Fast, secure, and proudly Ethiopian.Download it now—you won’t regret it!",5,2025-04-21,Dashen Bank,Google Play,POSITIVE,0.4378787878787878,dashen superapp lifesaver banking shopping bill one super easy app new feature awesome support local merchant fast secure proudly regret,UI/UX
"Dashen SuperApp blends finance, shopping, and daily services effortlessly. The new e-commerce feature is smooth and supports local merchants—proud to back an Ethiopian-made solution!",5,2025-04-21,Dashen Bank,Google Play,POSITIVE,0.1072727272727272,dashen superapp blend finance shopping daily service effortlessly new feature smooth support local back solution,Customer Support
"A solid step forward by Dashen Bank. The SuperApp combines essential banking features with lifestyle services, making everything accessible in one place. The interface is smooth, and transactions are quick and reliable. It’s clear a lot of thought went into the design and functionality. Great job!",5,2025-04-21,Dashen Bank,Google Play,POSITIVE,0.3154761904761905,solid step forward dashen bank superapp combine essential banking feature lifestyle service making everything accessible one place interface smooth transaction quick reliable clear lot thought went design functionality great job,UI/UX
Dashen bank super app is the crucial and convenient app in Ethiopia. there is no other app to compare with Dashen bank super app,5,2025-04-21,Dashen Bank,Google Play,POSITIVE,0.1822916666666666,dashen bank super app crucial convenient app ethiopia app compare dashen bank super app,UI/UX
"All-in-one finance & e-commerce super app! Pay, save, shop seamlessly. Fast, secure. #BankAndShop",5,2025-04-21,Dashen Bank,Google Play,POSITIVE,0.3388888888888888,finance super app pay save shop seamlessly fast secure bankandshop,UI/UX
it's a hestorical app. in the bank industry.,5,2025-04-21,Dashen Bank,Google Play,NEUTRAL,0.0,hestorical app bank industry,UI/UX
"A game changer in Ethiopian digital banking fast, secure, and packed with services. Everything you need, all in one powerful app. A true leap toward financial convenience and innovation!",4,2025-04-21,Dashen Bank,Google Play,POSITIVE,0.1214285714285714,game changer ethiopian digital banking fast secure packed service everything need one powerful app true leap toward financial convenience innovation,UI/UX
"easy &,simple to use",5,2025-04-21,Dashen Bank,Google Play,POSITIVE,0.2166666666666666,easy simple use,Other
"Banking, but make it smart. Local solutions, all in one place. Smooth, fast, and actually saving time. Feels like the future. Love it!",5,2025-04-21,Dashen Bank,Google Play,POSITIVE,0.2056122448979591,banking make smart local solution one place smooth fast actually saving time feel like future love,Other
"All in one, that is it 👌",5,2025-04-21,Dashen Bank,Google Play,NEUTRAL,0.0,one,Other
", Dashen Bank Supper App is multipurpose, convenient, very attractive and Make life easier",5,2025-04-21,Dashen Bank,Google Play,POSITIVE,1.0,dashen bank supper app multipurpose convenient attractive make life easier,UI/UX
very easy and flexible app.,5,2025-04-21,Dashen Bank,Google Play,POSITIVE,0.5633333333333334,easy flexible app,UI/UX
"I choose Dashen Bank Super Up since, it is easy to use & it has attractive features !",5,2025-04-21,Dashen Bank,Google Play,POSITIVE,0.5888888888888889,choose dashen bank super since easy use attractive feature,Features
dashen super app is simple faster and reliable.,5,2025-04-21,Dashen Bank,Google Play,POSITIVE,0.1666666666666666,dashen super app simple faster reliable,UI/UX
"Dashen Bank Super App is a game-changer! The user-friendly design, wide range of services, and smooth performance make it incredibly convenient for everyday banking. It’s fast, secure, and truly reflects the bank’s commitment to digital excellence. Highly recommended!",5,2025-04-21,Dashen Bank,Google Play,POSITIVE,0.2462962962962963,dashen bank super app design wide range service smooth performance make incredibly convenient everyday banking fast secure truly reflects bank commitment digital excellence highly recommended,UI/UX
"The app keeps getting better with every update! Smooth performance, great UI, and top-notch security. Thank you for making banking so convenient!""",5,2025-04-21,Dashen Bank,Google Play,POSITIVE,0.70625,app keep getting better every update smooth performance great ui security thank making banking convenient,UI/UX
this app is the most simply to use and secure safe i love it to use for any bank transaction,5,2025-04-21,Dashen Bank,Google Play,POSITIVE,0.38,app simply use secure safe love use bank transaction,UI/UX
"After i download the app recently had a smooth expriance, its user friendly, fast, and everything works as expected. keep up the good work.",5,2025-04-21,Dashen Bank,Google Play,POSITIVE,0.2625,download app recently smooth expriance user friendly fast everything work expected keep good work,UI/UX
An app with High performance and advanced features!,5,2025-04-21,Dashen Bank,Google Play,POSITIVE,0.33,app high performance advanced feature,UI/UX
"It is a very user friendly, attractive user interface, full of useful features. I really encourage everyone to give it a try.",5,2025-04-21,Dashen Bank,Google Play,POSITIVE,0.3708333333333333,user friendly attractive user interface full useful feature really encourage everyone give try,UI/UX
"Good actually , but it have to WORK when developer option is on 🙏",5,2025-04-21,Dashen Bank,Google Play,POSITIVE,0.35,good actually work developer option,Features
"All-in-one convenience, From managing accounts to paying bills and shopping online and the chat banking is game changer, this app does it all seamlessly.",5,2025-04-21,Dashen Bank,Google Play,NEGATIVE,-0.15,convenience managing account paying bill shopping online chat banking game changer app seamlessly,UI/UX
I appreciate that Dashen Bank takes lifestyle services into account.,5,2025-04-21,Dashen Bank,Google Play,NEUTRAL,0.0,appreciate dashen bank take lifestyle service account,Login & Access
keep it up!,5,2025-04-21,Dashen Bank,Google Play,NEUTRAL,0.0,keep,Other
amazing app really i loved it .that's why we say dashen bank is one stap ahead. It's the best mobile application that should be on every phone.,5,2025-04-21,Dashen Bank,Google Play,POSITIVE,0.7666666666666666,amazing app really loved say dashen bank one stap ahead best mobile application every phone,UI/UX
very comfortable app keep it,5,2025-04-21,Dashen Bank,Google Play,POSITIVE,0.52,comfortable app keep,UI/UX
it has clear detail information about the application so it helps customer how to use the app. and it is very easy to use and also app is secure.,5,2025-04-21,Dashen Bank,Google Play,POSITIVE,0.3544444444444445,clear detail information application help customer use app easy use also app secure,UI/UX
"I have been using the Dashen Supper app mobile banking app , and overall, I appreciate its features.However,I’ve noticed that when I turn on the developer options on my device, the app stops functioning properly. It would be great if you could look into this issue, as I often need to access developer settings for other applications . Thank you for your attention to this matter!",5,2025-04-21,Dashen Bank,Google Play,POSITIVE,0.1609375,using dashen supper app mobile banking app overall appreciate noticed turn developer option device app stop functioning properly would great could look issue often need access developer setting application thank attention matter,UI/UX
easiness to use with fast response time,5,2025-04-21,Dashen Bank,Google Play,POSITIVE,0.2,easiness use fast response time,Other
"The new mobile banking application is a major upgrade! It’s incredibly user-friendly, with a clean and modern design that makes navigation simple and intuitive. I really appreciate how fast it loads and how smooth the overall experience is. All essential services like balance checks, transfers, and bill payments are eas y to find and use. The added security features give me peace of mind, and the app runs reliably without crashes or glitches. It’s clear a lot of thought went into the user experi",5,2025-04-21,Dashen Bank,Google Play,POSITIVE,0.2150962752525252,new mobile banking application major upgrade incredibly clean modern design make navigation simple intuitive really appreciate fast load smooth overall experience essential service like balance check transfer bill payment ea find use added security feature give peace mind app run reliably without crash glitch clear lot thought went user experi,UI/UX
"As an Internal Customer, Dashen Bank SuperApp has greatly simplified my online banking experience. It's easy to use, allowing me to quickly check balances, transfer money and pay Bills. The app's advanced security features are highly secure, ensuring my data is well protected. The Three click, Chat Banking and IPS features have also given me a smarter experience. In deed Dashen Bank is always steping ahead!",5,2025-04-21,Dashen Bank,Google Play,POSITIVE,0.4111111111111111,internal customer dashen bank superapp greatly simplified online banking experience easy use allowing quickly check balance transfer money pay bill app advanced security feature highly secure ensuring data well protected three click chat banking ip feature also given smarter experience deed dashen bank always steping ahead,UI/UX
"A truly impressive app — user-friendly and a game-changer in Ethiopian banking. The Dashen Super App stands out as one of the most innovative and convenient digital banking solutions in Ethiopia’s financial history. Smooth navigation, seamless features, and a wide range of services all in one place. Well done!",5,2025-04-21,Dashen Bank,Google Play,POSITIVE,0.3009259259259259,truly impressive app ethiopian banking dashen super app stand one innovative convenient digital banking solution ethiopia financial history smooth navigation seamless feature wide range service one place well done,UI/UX
dashen bank super up has very fast and convenience and also it has contain more things on one app .I am very interesting to use dashen bank super up,5,2025-04-21,Dashen Bank,Google Play,POSITIVE,0.4153333333333333,dashen bank super fast convenience also contain thing one app interesting use dashen bank super,UI/UX
"The Dashen Bank Super App has truly elevated my mobile banking experience. It's fast, user-friendly, and packed with all the essential features. The interface is clean and intuitive, making navigation easy even for first-time users. I also appreciate the added security features that give me peace of mind while banking on the go. Dashen Bank has done an amazing job with this app—it’s reliable, efficient, and always improving. Highly recommended for anyone looking for seamless digital banking!",5,2025-04-21,Dashen Bank,Google Play,POSITIVE,0.2437037037037037,dashen bank super app truly elevated mobile banking experience fast packed essential feature interface clean intuitive making navigation easy even user also appreciate added security feature give peace mind banking go dashen bank done amazing job reliable efficient always improving highly recommended anyone looking seamless digital banking,UI/UX
A fantastic product!! keep the good work.,5,2025-04-21,Dashen Bank,Google Play,POSITIVE,0.6625,fantastic product keep good work,Other
"I am very impressed with the Dashen super app. It is user-friendly and operates efficiently. The budget and chatbot features are impressive, and all items can be purchased with just three clicks.",5,2025-04-21,Dashen Bank,Google Play,POSITIVE,0.7777777777777777,impressed dashen super app operates efficiently budget chatbot feature impressive item purchased three click,UI/UX
"The Dashen Super App offers a quick and user-friendly experience, bringing together a variety of services, like budgeting, payments, airtime recharges, and more, all in one convenient platform. Its sleek design and intuitive navigation ensure effortless transactions. It's evident that Dashen Bank has carefully crafted the app to make everyday financial activities easier. A great choice for anyone aiming to streamline their digital routines!",5,2025-04-21,Dashen Bank,Google Play,POSITIVE,0.2016666666666666,dashen super app offer quick experience bringing together variety service like budgeting payment airtime recharges one convenient platform sleek design intuitive navigation ensure effortless transaction evident dashen bank carefully crafted app make everyday financial activity easier great choice anyone aiming streamline digital routine,UI/UX
Dashen supper App is the most useful app for our customers,5,2025-04-21,Dashen Bank,Google Play,POSITIVE,0.4,dashen supper app useful app customer,UI/UX
it is the most amazing mobile app,5,2025-04-21,Dashen Bank,Google Play,POSITIVE,0.55,amazing mobile app,UI/UX
A Good and fast supper app thanks for dashen bank,5,2025-04-21,Dashen Bank,Google Play,POSITIVE,0.3666666666666666,good fast supper app thanks dashen bank,UI/UX
"Dear Users of the Dashen Bank Super App,I have been using the Dashen Bank Super App for a while now, and I must say—it’s truly a game-changer! The app is incredibly fast and reliable; I’ve never encountered any delays with my transactions. One feature I absolutely love is Chat Banking. It makes everyday tasks like checking my balance or transferring money as simple as sending a quick message. Also, the budgeting tool has been a huge help in tracking my spending and giving me a clearer",5,2025-04-21,Dashen Bank,Google Play,POSITIVE,0.2479166666666666,dear user dashen bank super app using dashen bank super app must truly app incredibly fast reliable never encountered delay transaction one feature absolutely love chat banking make everyday task like checking balance transferring money simple sending quick message also budgeting tool huge help tracking spending giving clearer,UI/UX
Too best,1,2025-04-21,Dashen Bank,Google Play,POSITIVE,1.0,best,Other
"Dashen Bank Super Up,use the app and makes your easy,fast,convinent.",5,2025-04-21,Dashen Bank,Google Play,POSITIVE,0.3333333333333333,dashen bank super use app make easy fast convinent,UI/UX
To join digital world use supper app and make your life easy,5,2025-04-21,Dashen Bank,Google Play,POSITIVE,0.2166666666666666,join digital world use supper app make life easy,UI/UX
best mobile banking application,5,2025-04-21,Dashen Bank,Google Play,POSITIVE,1.0,best mobile banking application,Other
"This banking superapp is incredibly well designed. The design and appearance of the app and the overall experience I have when using the app is fantastic. The app is packed with features from banking to e-commerce all in one place.It even has a budget setting option which is super useful for managing my money. Everything runs smoothly and I love how convenient it has made my daily life. Huge Kudos to Dashen Bank. You are truly living up to the motto ''Always one step ahead."" Keep it up!",5,2025-04-21,Dashen Bank,Google Play,POSITIVE,0.3703703703703704,banking superapp incredibly well designed design appearance app overall experience using app fantastic app packed feature banking one even budget setting option super useful managing money everything run smoothly love convenient made daily life huge kudos dashen bank truly living motto always one step ahead keep,UI/UX
I was really amazed by the idea of an e-commerce service on a banking app. This is what it means to be one step ahead. Please include all kinds of products in there as soon as possible.,5,2025-04-21,Dashen Bank,Google Play,NEUTRAL,0.1,really amazed idea service banking app mean one step ahead please include kind product soon possible,UI/UX
this is what we expect to get service Dashen Bank always like his slogan,5,2025-04-21,Dashen Bank,Google Play,NEUTRAL,0.0,expect get service dashen bank always like slogan,Customer Support
"Dashen SupApp is the most contemporary application, offering a great experience by enabling users to perform multiple tasks through a single platform—such as chatting with friends, transferring money, paying bills, and more. It is the first app of its kind in the Ethiopian banking industry, making it a remarkable opportunity for entrepreneurs working in app-based sales and software marketing. Good job, Dashen Bank!",5,2025-04-21,Dashen Bank,Google Play,POSITIVE,0.4370238095238095,dashen supapp contemporary application offering great experience enabling user perform multiple task single chatting friend transferring money paying bill first app kind ethiopian banking industry making remarkable opportunity entrepreneur working sale software marketing good job dashen bank,UI/UX
Dashen Super App gives me an amazing convenience and makes life easy.,5,2025-04-21,Dashen Bank,Google Play,POSITIVE,0.4555555555555555,dashen super app give amazing convenience make life easy,UI/UX
excellent mobile banking app,5,2025-04-21,Dashen Bank,Google Play,POSITIVE,1.0,excellent mobile banking app,UI/UX
Wow! like his name Super App...,5,2025-04-21,Dashen Bank,Google Play,POSITIVE,0.2291666666666666,wow like name super app,UI/UX
Dashen supper app is the most special. ይምቾቱ ይለያያል!!!!,5,2025-04-21,Dashen Bank,Google Play,POSITIVE,0.6859654017857143,dashen supper app special ይምቾቱ ይለያያል,UI/UX
convenient and fast,5,2025-04-21,Dashen Bank,Google Play,POSITIVE,0.2,convenient fast,Other
Best- in-class app.,5,2025-04-21,Dashen Bank,Google Play,POSITIVE,1.0,app,UI/UX
I really like this amazing application and Dashen Supper app that has made my life easier.,5,2025-04-21,Dashen Bank,Google Play,POSITIVE,0.4,really like amazing application dashen supper app made life easier,UI/UX
Superb,5,2025-04-21,Dashen Bank,Google Play,POSITIVE,1.0,superb,Other
"amazing features, faster and easy to use",5,2025-04-21,Dashen Bank,Google Play,POSITIVE,0.5166666666666667,amazing feature faster easy use,Features
"The Dashen Super App offers a modern, user-friendly experience that leverages the latest technological advancements to deliver a seamless e-commerce platform",5,2025-04-21,Dashen Bank,Google Play,POSITIVE,0.2466666666666666,dashen super app offer modern experience leverage latest technological advancement deliver seamless platform,UI/UX
Best App!,5,2025-04-21,Dashen Bank,Google Play,POSITIVE,1.0,best app,UI/UX
I love it. one of the best mobile banking app in the banking industry,5,2025-04-21,Dashen Bank,Google Play,POSITIVE,0.75,love one best mobile banking app banking industry,UI/UX
I love this app,5,2025-04-21,Dashen Bank,Google Play,POSITIVE,0.5,love app,UI/UX
no working for me hulum information asgebiche continue or accept yemilew button ayeseram my phone is Samsung A51,1,2025-04-21,Dashen Bank,Google Play,NEUTRAL,0.0,working hulum information asgebiche continue accept yemilew button ayeseram phone samsung,Other
waw no idea the best app.,5,2025-04-19,Dashen Bank,Google Play,POSITIVE,1.0,waw idea best app,UI/UX
fast best app,5,2025-04-19,Dashen Bank,Google Play,POSITIVE,0.6,fast best app,UI/UX
Nice App,5,2025-04-18,Dashen Bank,Google Play,POSITIVE,0.6,nice app,UI/UX
nice app ever,5,2025-04-17,Dashen Bank,Google Play,POSITIVE,0.6,nice app ever,UI/UX
very disappointing app. Closes frequently and unstable in function,2,2025-04-17,Dashen Bank,Google Play,NEGATIVE,-0.34,disappointing app close frequently unstable function,UI/UX
"Feature-rich? Absolutely. But the speed? Painfully slow. Seriously, is it communicating with a server on Mars or something?",5,2025-04-16,Dashen Bank,Google Play,NEGATIVE,-0.1444444444444444,absolutely speed painfully slow seriously communicating server mar something,UI/UX
nic app,5,2025-04-16,Dashen Bank,Google Play,NEUTRAL,0.0,nic app,UI/UX
"The Dashen Super App delivers a remarkably fast, highly secure, and exceptionally user-friendly experience, establishing it as a leading application in its category.keep it up and stay ahead Dashen Bank.",5,2025-04-14,Dashen Bank,Google Play,POSITIVE,0.4,dashen super app delivers remarkably fast highly secure exceptionally experience establishing leading application stay ahead dashen bank,UI/UX
So far so good! their in person customer service is amazing 👏,5,2025-04-14,Dashen Bank,Google Play,POSITIVE,0.525,far good person customer service amazing,Customer Support
The app is very backward and doesn't always work. If it works three hours out of 24 hours it's great!😥,1,2025-04-14,Dashen Bank,Google Play,POSITIVE,0.2,app backward always work work three hour hour great,UI/UX
ምርጫዬ ነው,5,2025-04-13,Dashen Bank,Google Play,NEUTRAL,0.0,ምርጫዬ ነው,Other
It's bad for the connection and too many days are it that not working,1,2025-04-12,Dashen Bank,Google Play,NEUTRAL,-0.0999999999999999,bad connection many day working,Other
it's samart,5,2025-04-10,Dashen Bank,Google Play,NEUTRAL,0.0,samart,Other
"The app is not working properly, I have been using it.",1,2025-04-10,Dashen Bank,Google Play,NEUTRAL,0.0,app working properly using,UI/UX
it is very good app,5,2025-04-10,Dashen Bank,Google Play,POSITIVE,0.91,good app,UI/UX
"I had a disappointing experience with Dashen Bank's Super Up service. The app is very slow and takes forever to load during transactions, which is incredibly frustrating. Additionally, it doesn't generate receipts for any transactions, making it difficult to keep track of my expenses. I also reached out to customer support, but the response time was longer than expected. Overall, I was hoping for a better experience, but I find the service lacking and in need of improvement.",2,2025-04-09,Dashen Bank,Google Play,NEGATIVE,-0.1445833333333333,disappointing experience dashen bank super service app slow take forever load transaction incredibly frustrating additionally generate receipt transaction making difficult keep track expense also reached customer support response time longer expected overall hoping better experience find service lacking need improvement,UI/UX
slow cumbersome,3,2025-04-08,Dashen Bank,Google Play,NEGATIVE,-0.3,slow cumbersome,UI/UX
Is really 💀,2,2025-04-08,Dashen Bank,Google Play,POSITIVE,0.2,really,Other
It's slow to send OTP. it's not reliable. It crushed many times. It needs improvement in many ways,1,2025-04-07,Dashen Bank,Google Play,POSITIVE,0.15,slow send otp reliable crushed many time need improvement many way,UI/UX
"This is the worst mobile banking experience I’ve ever had. It doesn’t work when you need it, and it randomly updates itself without warning. You can’t make transactions whenever you want. It’s a nightmare for anyone who relies on this as their main banking option, especially those with a lot of money in their account. I’m lucky I’m not one of them, but still, it’s infuriating not being able to access your money when you need it.""l",1,2025-04-07,Dashen Bank,Google Play,NEGATIVE,-0.1571428571428571,worst mobile banking experience ever work need randomly update without warning make transaction whenever want nightmare anyone relies main banking option especially lot money account lucky one still infuriating able access money need l,UI/UX
"I have experienced on using the app of Banks in Ethiopia, this Dashen sup is like old version of the applications for using. I gave 3 star for it's very low speed while login and processing",3,2025-04-07,Dashen Bank,Google Play,POSITIVE,0.3,experienced using app bank ethiopia dashen sup like old version application using gave star low speed login processing,UI/UX
proud by dashen bank,5,2025-04-06,Dashen Bank,Google Play,POSITIVE,0.8,proud dashen bank,Other
This app is not working unless you turn off developer mode on your phone. So it takes your rights to just use it.,2,2025-04-04,Dashen Bank,Google Play,NEUTRAL,0.0,app working unless turn developer mode phone take right use,UI/UX
real super up,5,2025-04-04,Dashen Bank,Google Play,POSITIVE,0.5,real super,Other
it's very disappointing fix it as soon as possible not expected from dashin bank fix it,1,2025-04-04,Dashen Bank,Google Play,NEGATIVE,-0.2433333333333333,disappointing fix soon possible expected dashin bank fix,Other
why dashen bank workers hidden my ATM Card 🏧?it's a big problem to me,5,2025-04-04,Dashen Bank,Google Play,NEUTRAL,-0.0833333333333333,dashen bank worker hidden atm card big problem,Customer Support
tanku,5,2025-04-04,Dashen Bank,Google Play,NEUTRAL,0.0,tanku,Other
goood,5,2025-04-02,Dashen Bank,Google Play,NEUTRAL,0.0,goood,Other
why does it ask me for both pin and opt even the opt is touch let alone both,2,2025-04-02,Dashen Bank,Google Play,NEUTRAL,0.0,ask pin opt even opt touch let alone,Other
it is best app easy to use,5,2025-04-01,Dashen Bank,Google Play,POSITIVE,0.7166666666666667,best app easy use,UI/UX
It is very easy to use and powerful application.,3,2025-04-01,Dashen Bank,Google Play,POSITIVE,0.4316666666666666,easy use powerful application,Other
this apps have a good feature but but some features like developer mode turn off irritate user,3,2025-04-01,Dashen Bank,Google Play,POSITIVE,0.7,apps good feature feature like developer mode turn irritate user,UI/UX
"This is not only a mobile banking app, it is beyond that. We will access our account easily, we are able to get many information easily here. i.e. exchage rate. We are able to chat with others, we are able to budget, we are able to transfer to other bank and within Dashen. we are able to access many accounts in a single app, we are able to pay bills in QR scan, we are able to make payments and order delivery items here in a single app. #Always one step ahead.",5,2025-03-31,Dashen Bank,Google Play,POSITIVE,0.339920634920635,mobile banking app beyond access account easily able get many information easily exchage rate able chat others able budget able transfer bank within dashen able access many account single app able pay bill qr scan able make payment order delivery item single app always one step ahead,UI/UX
wallahi very fantastic Bank,5,2025-03-31,Dashen Bank,Google Play,POSITIVE,0.52,wallahi fantastic bank,Other
"Waw, It's amazing app. thank you Dashen Bank.",5,2025-03-31,Dashen Bank,Google Play,POSITIVE,0.6000000000000001,waw amazing app thank dashen bank,UI/UX
"I’ve been using the Dashen Bank Super App for a while now, and it’s been a game-changer. The app is super fast and reliable—I’ve never had an issue with transactions being delayed. One of my favorite features is the chat banking, which makes it so easy to do things like check my balance or transfer money just by typing a quick message. The budgeting tool is also really useful. It helps me keep track of my spending and gives me a clear picture of where",5,2025-03-28,Dashen Bank,Google Play,POSITIVE,0.3166666666666666,using dashen bank super app app super fast never issue transaction delayed one favorite feature chat banking make easy thing like check balance transfer money typing quick message budgeting tool also really useful help keep track spending give clear picture,UI/UX
Very good app that like it too. B/c it is very fast and easy to use.,5,2025-03-26,Dashen Bank,Google Play,POSITIVE,0.5344444444444444,good app like fast easy use,UI/UX
best experiences,5,2025-03-26,Dashen Bank,Google Play,POSITIVE,1.0,best experience,Other
too slow to use.,1,2025-03-26,Dashen Bank,Google Play,NEGATIVE,-0.3,slow use,UI/UX
the worst app in the market only good ui,1,2025-03-22,Dashen Bank,Google Play,NEGATIVE,-0.1,worst app market good ui,UI/UX
nic,5,2025-03-22,Dashen Bank,Google Play,NEUTRAL,0.0,nic,Other
በጣም ቅልል ያለ አፕ በርቱልን ለአጠቃቀም ምቹ,5,2025-03-22,Dashen Bank,Google Play,NEUTRAL,0.0,በጣም ቅልል ያለ አፕ በርቱልን ለአጠቃቀም ምቹ,Other
thanks for all digital transaction,5,2025-03-21,Dashen Bank,Google Play,NEUTRAL,0.1,thanks digital transaction,Transactions
"This app is not supporting smart phones that have old android version and so it is none inclusive. At the same time the amole lite is not working properly and once you reached to maximum otp trail mistakes due to network or other errors like stacks , you will be tied up to make Transactions. Ohh... tired!!!!!",1,2025-03-20,Dashen Bank,Google Play,NEGATIVE,-0.1325892857142857,app supporting smart phone old android version none inclusive time amole lite working properly reached maximum otp trail mistake due network error like stack tied make transaction ohh tired,UI/UX
it's Be Come Busy &not working good,1,2025-03-20,Dashen Bank,Google Play,POSITIVE,0.3999999999999999,come busy working good,Other
I wanted to share some concerns about your Supper App. It appears to be experiencing reliability issues and isn’t performing as expected. I hope this can be addressed soon to improve the user experience. One star 🌟 for now.,1,2025-03-19,Dashen Bank,Google Play,NEUTRAL,-0.1,wanted share concern supper app appears experiencing reliability issue performing expected hope addressed soon improve user experience one star,UI/UX
"best ever digital banking sector essay for understanding ,smart and convince for using",5,2025-03-19,Dashen Bank,Google Play,POSITIVE,0.4047619047619047,best ever digital banking sector essay understanding smart convince using,Other
good and latest,5,2025-03-18,Dashen Bank,Google Play,POSITIVE,0.6,good latest,Other
The best App of all,5,2025-03-17,Dashen Bank,Google Play,POSITIVE,1.0,best app,UI/UX
Worst app ever,1,2025-03-15,Dashen Bank,Google Play,NEGATIVE,-1.0,worst app ever,UI/UX
"This app is the most unreliable mobile banking application I have ever used for transaction, it is very late, non-responsive and full of bugs. Its is very disappointing. It is just inconvinient, and not user friendly and compatabke at all !!!!!!",1,2025-03-14,Dashen Bank,Google Play,POSITIVE,0.1359999999999999,app unreliable mobile banking application ever used transaction late full bug disappointing inconvinient user friendly compatabke,UI/UX
Naiycapp,5,2025-03-14,Dashen Bank,Google Play,NEUTRAL,0.0,naiycapp,Other
The app is good but it has no USSD option,4,2025-03-13,Dashen Bank,Google Play,POSITIVE,0.7,app good ussd option,UI/UX
Hey great,5,2025-03-12,Dashen Bank,Google Play,POSITIVE,0.8,hey great,Other
I have used many mobile banking and also tellebir and mpesa nothing come close to this app. Well done Dashen indeed one step a head. A lot of cool features that amole hasn't the receipt and the account statement is superb for me. I hope you add more integrated small apps to.,5,2025-03-12,Dashen Bank,Google Play,POSITIVE,0.42,used many mobile banking also tellebir mpesa nothing come close app well done dashen indeed one step head lot cool feature amole receipt account statement superb hope add integrated small apps,UI/UX
The app is good but it ask update every week so tiring,2,2025-03-11,Dashen Bank,Google Play,POSITIVE,0.7,app good ask update every week tiring,UI/UX
It good and easy to use,5,2025-03-11,Dashen Bank,Google Play,POSITIVE,0.5666666666666667,good easy use,Other
በጣም አሪፍ መተግበሪያ ነው ። አመሠግናለሁ ።,5,2025-03-10,Dashen Bank,Google Play,NEUTRAL,0.0,በጣም አሪፍ መተግበሪያ ነው አመሠግናለሁ,Other
"Greately improved since it was released! I really like the budget and expense tegistration feature. For ATM or POS withdrawals, it is not possible to account these expenses, even if it is visible on the transactions window. If that can be worked on, it will be improve so much!!",5,2025-03-10,Dashen Bank,Google Play,POSITIVE,0.1708333333333333,greately improved since released really like budget expense tegistration feature atm po withdrawal possible account expense even visible transaction window worked improve much,Transactions
Wow Excellent app,5,2025-03-08,Dashen Bank,Google Play,POSITIVE,0.55,wow excellent app,UI/UX
Nice app but i experience some issues with others banks transfer it keeps saying account is not exist most of the time.,4,2025-03-08,Dashen Bank,Google Play,POSITIVE,0.55,nice app experience issue others bank transfer keep saying account exist time,UI/UX
Add the option to send money to any telebirr account like amole does.,3,2025-03-08,Dashen Bank,Google Play,NEUTRAL,0.0,add option send money telebirr account like amole,Transactions
It's best,5,2025-03-08,Dashen Bank,Google Play,POSITIVE,1.0,best,Other
no one dashen yichlal,5,2025-03-07,Dashen Bank,Google Play,NEUTRAL,0.0,one dashen yichlal,Other
In short ! I'm so proud of this app developers for their highest professional of developing. Thanks,5,2025-03-06,Dashen Bank,Google Play,POSITIVE,0.275,short proud app developer highest professional developing thanks,UI/UX
The speed is too slow. Need some improvements.,2,2025-03-06,Dashen Bank,Google Play,NEGATIVE,-0.3,speed slow need improvement,UI/UX
Fantastic app,5,2025-03-01,Dashen Bank,Google Play,POSITIVE,0.4,fantastic app,UI/UX
I wish dark mode feature is add as an option but it's good app,5,2025-02-27,Dashen Bank,Google Play,POSITIVE,0.2749999999999999,wish dark mode feature add option good app,UI/UX
"Super Up is the ultimate digital banking app, living up to its name with speed, efficiency, and innovation. Designed for a seamless experience, it offers lightning-fast transactions, top-tier security, and effortless financial management. With Super Up, banking has never been this smooth, smart, and super!",5,2025-02-26,Dashen Bank,Google Play,POSITIVE,0.1897619047619047,super ultimate digital banking app living name speed efficiency innovation designed seamless experience offer transaction security effortless financial management super banking never smooth smart super,UI/UX
"The Dashen Super App is a game-changer in digital banking, offering a seamless and convenient experience. With its user-friendly interface, fast transactions, and a wide range of financial services, it simplifies banking for customers. Features like bill payments, fund transfers, mobile top-ups, and loan applications make it an all-in-one solution. Plus, its security measures ensure safe and reliable Experiance effortless banking",5,2025-02-26,Dashen Bank,Google Play,POSITIVE,0.1476190476190476,dashen super app digital banking offering seamless convenient experience interface fast transaction wide range financial service simplifies banking customer feature like bill payment fund transfer mobile loan application make solution plus security measure ensure safe reliable experiance effortless banking,UI/UX
ከጰነጨየጠ,2,2025-02-26,Dashen Bank,Google Play,NEUTRAL,0.0,ከጰነጨየጠ,Other
"It has good feature. But, it is Very Slow! difficult to pay or receive. The Speed should be improved, else I didn't recommend.",2,2025-02-24,Dashen Bank,Google Play,NEUTRAL,-0.0958333333333333,good feature slow difficult pay receive speed improved else recommend,UI/UX
አፕልኬሽኑ አሪፍ ሆኖ ሳለ ቴሌብር ወደራስ ብቻ ለምን ሆነ እንደ ድሮው ለሰውም መላክ ቢቻል,4,2025-02-22,Dashen Bank,Google Play,NEUTRAL,0.0,አፕልኬሽኑ አሪፍ ሆኖ ሳለ ቴሌብር ወደራስ ብቻ ለምን ሆነ እንደ ድሮው ለሰውም መላክ ቢቻል,Other
No good,1,2025-02-22,Dashen Bank,Google Play,NEGATIVE,-0.35,good,Other
Wow amazing app,5,2025-02-21,Dashen Bank,Google Play,POSITIVE,0.35,wow amazing app,UI/UX
best platform... Please avoid otp,5,2025-02-21,Dashen Bank,Google Play,POSITIVE,1.0,best platform please avoid otp,Other
Super smart app.,5,2025-02-18,Dashen Bank,Google Play,POSITIVE,0.2738095238095238,super smart app,UI/UX
best 👍👍,5,2025-02-16,Dashen Bank,Google Play,POSITIVE,1.0,best,Other
I don't know what happens but the application is not send verification pass code you should fix that,1,2025-02-16,Dashen Bank,Google Play,NEUTRAL,0.0,know happens application send verification pas code fix,Transactions
This app doesn't work on my phone my phone is Samsung Galaxy s7 android version 9 All other financial apps work like telebirr CBE M_pesa...,1,2025-02-14,Dashen Bank,Google Play,NEUTRAL,-0.0625,app work phone phone samsung galaxy android version financial apps work like telebirr cbe,UI/UX
"Dashen Super app is secure, very easy to use and has more services uniquely like budgeting, chat, IPS...",5,2025-02-14,Dashen Bank,Google Play,POSITIVE,0.4343333333333333,dashen super app secure easy use service uniquely like budgeting chat ip,UI/UX
Amazing and user friendly supper app and looking forward the additional features,5,2025-02-14,Dashen Bank,Google Play,POSITIVE,0.4875,amazing user friendly supper app looking forward additional feature,UI/UX
it's amazing app i have seen ever,5,2025-02-13,Dashen Bank,Google Play,POSITIVE,0.6000000000000001,amazing app seen ever,UI/UX
One star deducted for not to able to transfer to telebirr.,4,2025-02-13,Dashen Bank,Google Play,POSITIVE,0.5,one star deducted able transfer telebirr,Transactions
ጥሩ ነው ግን በደንብ ሊሸሻል ይገባል,4,2025-02-13,Dashen Bank,Google Play,NEUTRAL,0.0,ጥሩ ነው ግን በደንብ ሊሸሻል ይገባል,Other
ፍጥነቱ በጣም አሪፍ ነው! እና ቀለል ያለ ነው ! ነገር ግን ተጨማሪ ወደ ቴሌብር ኤጀንት መላኪያ አፕ ቢካተትበት ጥሩ ነው::,4,2025-02-12,Dashen Bank,Google Play,NEUTRAL,0.0,ፍጥነቱ በጣም አሪፍ ነው እና ቀለል ያለ ነው ነገር ግን ተጨማሪ ወደ ቴሌብር ኤጀንት መላኪያ አፕ ቢካተትበት ጥሩ ነው,Other
Keep up the good work and pleas add water and electric utility payment,5,2025-02-12,Dashen Bank,Google Play,POSITIVE,0.7,keep good work plea add water electric utility payment,Transactions
The app missed some important features 1. It does't show recent transactions 2. Transfer to Telebirr limited to own telebirr 3. The statement does't show running balance,2,2025-02-11,Dashen Bank,Google Play,POSITIVE,0.2321428571428571,app missed important feature show recent transaction transfer telebirr limited telebirr statement show running balance,UI/UX
"Simple, Fast and Easy ⭐⭐⭐🎉",4,2025-02-10,Dashen Bank,Google Play,POSITIVE,0.2111111111111111,simple fast easy,Other
"የሚገርም aplication ነው, ነገር ግን ብር ትራንስፈር ሲደረግ ያለ ፒን መሆኑ risk አለው ሁሉ ጊዜ የ ትራንስፈር መደምደሚያ ፒን መሆን አለበት!!!!!!!!!!!!:: አሱ ቢስተካከል 5 star አስከዛው ግን 4 ሰጥቻለው::",4,2025-02-09,Dashen Bank,Google Play,NEUTRAL,0.0,የሚገርም aplication ነው ነገር ግን ብር ትራንስፈር ሲደረግ ያለ ፒን መሆኑ risk አለው ሁሉ ጊዜ የ ትራንስፈር መደምደሚያ ፒን መሆን አለበት አሱ ቢስተካከል star አስከዛው ግን ሰጥቻለው,Other
Baankii daashin baankii hudna galeessa galatoomaa isinii woliin jirra Godina jimmaa magaalaa Aggaaroo irraa Muaz Abamecha Abamilki,5,2025-02-07,Dashen Bank,Google Play,NEUTRAL,0.0,baankii daashin baankii hudna galeessa galatoomaa isinii woliin jirra godina jimmaa magaalaa aggaaroo irraa muaz abamecha abamilki,Other
It doesn't work,1,2025-02-07,Dashen Bank,Google Play,NEUTRAL,0.0,work,Other
"#Dashen Super App; Super easy to use, secure, and fast transaction. Love it!",5,2025-02-07,Dashen Bank,Google Play,POSITIVE,0.3875,dashen super app super easy use secure fast transaction love,UI/UX
"I tried the new Dash Bank Super App today, and it's amazingly easy and fun.I recommend you download and use it. You really like it",5,2025-02-06,Dashen Bank,Google Play,POSITIVE,0.2757575757575757,tried new dash bank super app today amazingly easy recommend download use really like,UI/UX
Gud app kegza ga mezmn endze new aind ermjh kedme nachu hlam,5,2025-02-06,Dashen Bank,Google Play,POSITIVE,0.1363636363636363,gud app kegza ga mezmn endze new aind ermjh kedme nachu hlam,UI/UX
"Good app, bad security",3,2025-02-06,Dashen Bank,Google Play,NEUTRAL,5.551115123125783e-17,good app bad security,UI/UX
On Transaction page only show sent Transaction. Try to include received transaction.,4,2025-02-06,Dashen Bank,Google Play,NEUTRAL,0.0,transaction page show sent transaction try include received transaction,Transactions
Wonderful Application 😍,5,2025-02-05,Dashen Bank,Google Play,POSITIVE,1.0,wonderful application,Other
I loved it,5,2025-02-05,Dashen Bank,Google Play,POSITIVE,0.7,loved,Other
አሁን ገና አንድ እርምጃ ቀደማችው,5,2025-02-04,Dashen Bank,Google Play,NEUTRAL,0.0,አሁን ገና አንድ እርምጃ ቀደማችው,Other
I am so thankful for having this best app Dashen one step ahead,5,2025-02-04,Dashen Bank,Google Play,POSITIVE,1.0,thankful best app dashen one step ahead,UI/UX
Not good this app,1,2025-02-04,Dashen Bank,Google Play,NEGATIVE,-0.35,good app,UI/UX
Excellent app ever but it needs improvement on speed and transaction lists,1,2025-02-03,Dashen Bank,Google Play,POSITIVE,1.0,excellent app ever need improvement speed transaction list,UI/UX
"It does not work functional ,",1,2025-02-02,Dashen Bank,Google Play,NEUTRAL,0.0,work functional,Other
all of dashen bank customers use the application it is good to use,5,2025-02-01,Dashen Bank,Google Play,POSITIVE,0.7,dashen bank customer use application good use,Customer Support
Gret experience,5,2025-02-01,Dashen Bank,Google Play,NEUTRAL,0.0,gret experience,Other
All good we need more,3,2025-01-31,Dashen Bank,Google Play,POSITIVE,0.6,good need,Other
"Dashen super app is easy to use, fast and robust",5,2025-01-31,Dashen Bank,Google Play,POSITIVE,0.3222222222222222,dashen super app easy use fast robust,UI/UX
it was amazing app.....thank you dashen bank....,5,2025-01-30,Dashen Bank,Google Play,POSITIVE,0.6000000000000001,amazing app thank dashen bank,UI/UX
Dashen bank super app for easy life.,5,2025-01-30,Dashen Bank,Google Play,POSITIVE,0.3833333333333333,dashen bank super app easy life,UI/UX
Excellent UI/UX and beyond Banking services👍👍,5,2025-01-30,Dashen Bank,Google Play,POSITIVE,1.0,excellent beyond banking,Other
Send to oher bank የሚለዉ ዉስጥ ገብተን ወደ addisinternational bank ለመላክ አይሰራም ሁለተኛ ደግሞ ወደ cbe birr ለመላክ account number ይጠይቃል ሞባይል ነበር ነዉ መጠየቅ ያለበት ይመስለኛል,2,2025-01-29,Dashen Bank,Google Play,NEUTRAL,0.0,send oher bank የሚለዉ ዉስጥ ገብተን ወደ addisinternational bank ለመላክ አይሰራም ሁለተኛ ደግሞ ወደ cbe birr ለመላክ account number ይጠይቃል ሞባይል ነበር ነዉ መጠየቅ ያለበት ይመስለኛል,Transactions
Just Wow,5,2025-01-29,Dashen Bank,Google Play,NEUTRAL,0.1,wow,Other
mobile banking to the next level,5,2025-01-28,Dashen Bank,Google Play,NEUTRAL,0.0,mobile banking next level,Other
The first 3 star review is me,3,2025-01-25,Dashen Bank,Google Play,POSITIVE,0.25,first star review,Other
Is not working,1,2025-01-25,Dashen Bank,Google Play,NEUTRAL,0.0,working,Other
"Fast, reliable and user friendly. Amazing chatting features. Keep it up! Always one step ahead!",5,2025-01-24,Dashen Bank,Google Play,POSITIVE,0.5041666666666668,fast reliable user friendly amazing chatting feature keep always one step ahead,Features
V good ❗️,5,2025-01-24,Dashen Bank,Google Play,POSITIVE,0.7,v good,Other
"This app is literally the best thing ever The chat banking is so easy just text and it’s done Super smooth, fast, and honestly a life saverIf you haven’t downloaded it yet you’re missing out big time",5,2025-01-23,Dashen Bank,Google Play,POSITIVE,0.3458333333333333,app literally best thing ever chat banking easy text done super smooth fast honestly life saverif downloaded yet missing big time,UI/UX
I only see white page,2,2025-01-23,Dashen Bank,Google Play,NEUTRAL,0.0,see white page,Other
Excellent banking app for all your needs! Who needs a physical branch when you can use Dashen Bank Super App Instead! I've never had an issue with anything that Dashen Bank Super App haven't handled swiftly and resolved to my satisfaction and above I don't often write reviews but this is an app/bank that I would highly recommended to everyone 💯 👌👍,5,2025-01-22,Dashen Bank,Google Play,POSITIVE,0.3183333333333333,excellent banking app need need physical branch use dashen bank super app instead never issue anything dashen bank super app handled swiftly resolved satisfaction often write review would highly recommended everyone,UI/UX
Amizing Application 😍,5,2025-01-22,Dashen Bank,Google Play,NEUTRAL,0.0,amizing application,Other
Fastest and easy to use,5,2025-01-22,Dashen Bank,Google Play,POSITIVE,0.4333333333333333,fastest easy use,Other
ስም ብቻ 😏,2,2025-01-21,Dashen Bank,Google Play,NEUTRAL,0.0,ስም ብቻ,Other
Exellent app with exellent banking system and exellent bank ever,5,2025-01-21,Dashen Bank,Google Play,NEUTRAL,0.0,exellent app exellent banking system exellent bank ever,UI/UX
Amazing app to use as usual! But why option of transferring to Telebirr and M pesa which was available on Amole app is omitted?? Dasheen is my favourite keep it up.,4,2025-01-20,Dashen Bank,Google Play,POSITIVE,0.2291666666666667,amazing app use usual option transferring telebirr pesa available amole app omitted dasheen favourite keep,UI/UX
Needs some improvement,5,2025-01-20,Dashen Bank,Google Play,NEUTRAL,0.0,need improvement,Other
Amazing super app,5,2025-01-19,Dashen Bank,Google Play,POSITIVE,0.4666666666666667,amazing super app,UI/UX
I hope it will be better than amole,5,2025-01-18,Dashen Bank,Google Play,POSITIVE,0.5,hope better amole,Other
Wly Super App ilove it ❤️ 😍 💖 💕,5,2025-01-18,Dashen Bank,Google Play,POSITIVE,0.3333333333333333,wly super app ilove,UI/UX
Dashen yichalal. Ewnetem one step a head,5,2025-01-17,Dashen Bank,Google Play,NEUTRAL,0.0,dashen yichalal ewnetem one step head,Other
It has a Good performance but need more upgrade for more performance like when we login account not be fast balance show other thing looking good. Carry on. Thanks so much for Greatest service,4,2025-01-17,Dashen Bank,Google Play,POSITIVE,0.4305555555555556,good performance need upgrade performance like login account fast balance show thing looking good carry thanks much greatest service,Login & Access
"It is a very wonderful work that has saved its time. That is why it is ""Always one step ahead!""",5,2025-01-17,Dashen Bank,Google Play,POSITIVE,1.0,wonderful work saved time always one step ahead,Other
“Life-changing!” I can’t imagine going back to traditional banking after using this app. It’s so convenient.,5,2025-01-17,Dashen Bank,Google Play,NEUTRAL,0.0,imagine going back traditional banking using app convenient,UI/UX
Pro max,5,2025-01-17,Dashen Bank,Google Play,NEUTRAL,0.0,pro max,Other
